Found 1924 total JSON files.
Refactoring AI Content for: الحيوات السابقة...
✅ Successfully updated: 666277.json
Refactoring AI Content for: قوثام...
✅ Successfully updated: 60708.json
Refactoring AI Content for: Der Alte...
RAW RES: {
  "desc_ar": "في عالم المخادعين، يوجد من يملك القوة والذكاء والشخصية، وهو دير الألتي، المخادع القديم، الذي يملك كل شيء، من المال إلى النفوذ، إلى القوة، ويحكم كل شيء، من الشرطة إلى المafia، ويحكم كل شيء، من الاقتصاد إلى السياسة، ويحكم كل شيء، من الحياة إلى الموت، ويحكم كل شيء، من النور إلى الظلام، ويحكم كل شيء، من الحق إلى الباطل، ويحكم كل شيء، من الله إلى الشيطان، ويحكم كل شيء، من السماء إلى الأرض، ويحكم كل شيء، من الماء إلى النار، ويحكم كل شيء، من الحياة إلى الموت، ويحكم كل شيء، من النور إلى الظلام، ويحكم كل شيء، من الحق إلى الباطل، ويحكم كل شيء، من الله إلى الشيطان، ويحكم كل شيء، من السماء إلى الأرض، ويحكم كل شيء، من الماء إلى النار، ويحكم كل شيء، من الحياة إلى الموت، ويحكم كل شيء، من النور إلى الظلام، ويحكم كل شيء، من الحق إلى الباطل، ويحكم كل شيء، من الله إلى الشيطان، ويحكم كل شيء، من السماء إلى الأرض، ويحكم كل شيء، من الماء إلى النار، ويحكم كل شيء، من الحياة إلى الموت، ويحكم كل شيء، من النور إلى الظلام، ويحكم كل شيء، من الحق إلى الباطل، ويحكم كل شيء، من الله إلى الشيطان، ويحكم كل شيء، من السماء إلى الأرض، ويحكم كل شيء، من الماء إلى النار، ويحكم كل شيء، من الحياة إلى الموت، ويحكم كل شيء، من النور إلى الظلام، ويحكم كل شيء، من الحق إلى الباطل، ويحكم كل شيء، من الله إلى الشيطان، ويحكم كل شيء، من السماء إلى الأرض، ويحكم كل شيء، من الماء إلى النار، ويحكم كل شيء، من الحياة إلى الموت، ويحكم كل شيء، من النور إلى الظلام، ويحكم كل شيء، من الحق إلى الباطل، ويحكم كل شيء، من الله إلى الشيطان، ويحكم كل شيء، من السماء إلى الأرض، ويحكم كل شيء، من الماء إلى النار، ويحكم كل شيء، من الحياة إلى الموت، ويحكم كل شيء، من النور إلى الظلام، ويحكم كل شيء، من الحق إلى الباطل، ويحكم كل شيء، من الله إلى الشيطان، ويحكم كل شيء، من السماء إلى الأرض، ويحكم كل شيء، من الماء إلى النار، ويحكم كل شيء، من الحياة إلى الموت، ويحكم كل شيء، من النور إلى الظلام، ويحكم كل شيء، من الحق إلى الباطل، ويحكم كل شيء، من الله إلى الشيطان، ويحكم كل شيء، من السماء إلى الأرض، ويحكم كل شيء، من الماء إلى النار، ويحكم كل شيء، من الحياة إلى الموت، ويحكم كل شيء، من النور إلى الظلام، ويحكم كل شيء، من الحق إلى الباطل، ويحكم كل شيء، من الله إلى الشيطان، ويحكم كل شيء، من السماء إلى الأرض، ويحكم كل شيء، من الماء إلى النار، ويحكم كل شيء، من الحياة إلى الموت، ويحكم كل شيء، من النور إلى الظلام، ويحكم كل شيء، من الحق إلى الباطل، ويحكم كل شيء، من الله إلى الشيطان، ويحكم كل شيء، من السماء إلى الأرض، ويحكم كل شيء، من الماء إلى النار، ويحكم كل شيء، من الحياة إلى الموت، ويحكم كل شيء، من النور إلى الظلام، ويحكم كل شيء، من الحق إلى الباطل، ويحكم كل شيء، من الله إلى الشيطان، ويحكم كل شيء، من السماء إلى الأرض، ويحكم كل شيء، من الماء إلى النار، ويحكم كل شيء، من الحياة إلى الموت، ويحكم كل شيء، من النور إلى الظلام، ويحكم كل شيء، من الحق إلى الباطل، ويحكم كل شيء، من الله إلى الشيطان، ويحكم كل شيء، من السماء إلى الأرض، ويحكم كل شيء، من الماء إلى النار، ويحكم كل شيء، من الحياة إلى الموت، ويحكم كل شيء، من الن
JSON Parse error: Unterminated string starting at: line 2 column 14 (char 15)
AI failed to return valid JSON. Using fallbacks.
✅ Successfully updated: 37971.json
Refactoring AI Content for: البطل الضعيف - الصف ١...
✅ Successfully updated: 200709.json
Refactoring AI Content for: The Buccaneer...
✅ Successfully updated: 4933.json
Refactoring AI Content for: Les Choristes...
✅ Successfully updated: 5528.json
Refactoring AI Content for: هذا البحر سوف يفيض...
✅ Successfully updated: 302063.json
Refactoring AI Content for: كتاب الأدغال...
✅ Successfully updated: 278927.json
Refactoring AI Content for: Dog Pound...
✅ Successfully updated: 43920.json
Refactoring AI Content for: في احلامكما...
RAW RES: {
  "desc_ar": "في رحلة مليئة بالمرح والفانتازيا، تتنطلق فتاة مع شقيقها في رحلة عبر معالم أحلامها الغريبة للغاية، حيث يطلبان من محقق الأمنيات "ساندمان" أن يمنحهما عائلة مثالية. معلمهم يأخذهم في رحلة مليئة بالمرح والفانتازيا، حيث يتعرفون على شخصيات غريبة والشخصيات، ويخوضون مغامرات رائعة.",
  "desc_en": "In a journey full of fun and fantasy, a girl and her brother embark on a journey through the surreal landscapes of their dreams, where they ask the "Sandman" to grant them an ideal family. Their guide takes them on a journey full of fun and fantasy, where they meet strange characters and personas, and experience thrilling adventures.",
  "meta_desc": "واش غيفلت؟ اكتشف أحداث الإثارة في فيلم في احلامكما مترجم اون لاين!",
  "seo_title_ar": "مشاهدة فيلم في احلامكما مترجم اون لاين - توميتو",
  "keywords": "فيلم في احلامكما مترجم, مشاهدة فيلم في احلامكما",
  "opinion": "هذا الفيلم هو مثال رائع لما هو الممكن عندما ننطلق في رحلة فانتازيا، ونعيش تجارب رائعة مع شخصيات غريبة.",
  "faq": [
    {"q": "ما هو فيلم في احلامكما؟", "a": "هو فيلم مغامرة رائع يليق بالكبار والصغار على حد سواء."},
    {"q": "ما هو نوع فيلم في احلامكما؟", "a": "هو فيلم رسوم متحركة كوميديا عائلي فانتازيا."},
    {"q": "ما هو أفضل ما في فيلم في احلامكما؟", "a": "هو أنّه يحتوي على مغامرات رائعة والشخصيات الغريبة والفانتازيا"}
  ]
}
JSON Parse error: Expecting ',' delimiter: line 2 column 142 (char 143)
AI failed to return valid JSON. Using fallbacks.
✅ Successfully updated: 1117857.json
Refactoring AI Content for: أفاتار: طريق المياه...
✅ Successfully updated: 76600.json
Refactoring AI Content for: Kung Fu Hustle...
✅ Successfully updated: 9470.json
Refactoring AI Content for: Jake and the Never Land Pirates...
✅ Successfully updated: 34891.json
Refactoring AI Content for: Entourage...
RAW RES: {
  "desc_ar": "في عالم النجوم، يوجد مجموعة من الأصدقاء الذين ي分享ون تجاربهم مع nhau، ويقومون بمراقبة كل ما يحدث في حياتهم، ويقومون بمراقبة كل ما يحدث في حياتهم، ويقومون بمراقبة كل ما يحدث في حياتهم، ويقومون بمراقبة كل ما يحدث في حياتهم، ويقومون بمراقبة كل ما يحدث في حياتهم، ويقومون بمراقبة كل ما يحدث في حياتهم، ويقومون بمراقبة كل ما يحدث في حياتهم، ويقومون بمراقبة كل ما يحدث في حياتهم، ويقومون بمراقبة كل ما يحدث في حياتهم، ويقومون بمراقبة كل ما يحدث في حياتهم، ويقومون بمراقبة كل ما يحدث في حياتهم، ويقومون بمراقبة كل ما يحدث في حياتهم، ويقومون بمراقبة كل ما يحدث في حياتهم، ويقومون بمراقبة كل ما يحدث في حياتهم، ويقومون بمراقبة كل ما يحدث في حياتهم، ويقومون بمراقبة كل ما يحدث في حياتهم، ويقومون بمراقبة كل ما يحدث في حياتهم، ويقومون بمراقبة كل ما يحدث في حياتهم، ويقومون بمراقبة كل ما يحدث في حياتهم، ويقومون بمراقبة كل ما يحدث في حياتهم، ويقومون بمراقبة كل ما يحدث في حياتهم، ويقومون بمراقبة كل ما يحدث في حياتهم، ويقومون بمراقبة كل ما يحدث في حياتهم، ويقومون بمراقبة كل ما يحدث في حياتهم، ويقومون بمراقبة كل ما يحدث في حياتهم، ويقومون بمراقبة كل ما يحدث في حياتهم، ويقومون بمراقبة كل ما يحدث في حياتهم، ويقومون بمراقبة كل ما يحدث في حياتهم، ويقومون بمراقبة كل ما يحدث في حياتهم، ويقومون بمراقبة كل ما يحدث في حياتهم، ويقومون بمراقبة كل ما يحدث في حياتهم، ويقومون بمراقبة كل ما يحدث في حياتهم، ويقومون بمراقبة كل ما يحدث في حياتهم، ويقومون بمراقبة كل ما يحدث في حياتهم، ويقومون بمراقبة كل ما يحدث في حياتهم، ويقومون بمراقبة كل ما يحدث في حياتهم، ويقومون بمراقبة كل ما يحدث في حياتهم، ويقومون بمراقبة كل ما يحدث في حياتهم، ويقومون بمراقبة كل ما يحدث في حياتهم، ويقومون بمراقبة كل ما يحدث في حياتهم، ويقومون بمراقبة كل ما يحدث في حياتهم، ويقومون بمراقبة كل ما يحدث في حياتهم، ويقومون بمراقبة كل ما يحدث في حياتهم، ويقومون بمراقبة كل ما يحدث في حياتهم، ويقومون بمراقبة كل ما يحدث في حياتهم، ويقومون بمراقبة كل ما يحدث في حياتهم، ويقومون بمراقبة كل ما يحدث في حياتهم، ويقومون بمراقبة كل ما يحدث في حياتهم، ويقومون بمراقبة كل ما يحدث في حياتهم، ويقومون بمراقبة كل ما يحدث في حياتهم، ويقومون بمراقبة كل ما يحدث في حياتهم، ويقومون بمراقبة كل ما يحدث في حياتهم، ويقومون بمراقبة كل ما يحدث في حياتهم، ويقومون بمراقبة كل ما يحدث في حياتهم، ويقومون بمراقبة كل ما يحدث في حياتهم، ويقومون بمراقبة كل ما يحدث في حياتهم، ويقومون بمراقبة كل ما يحدث في حياتهم، ويقومون بمراقبة كل ما يحدث في حياتهم، ويقومون بمراقبة
JSON Parse error: Unterminated string starting at: line 2 column 14 (char 15)
AI failed to return valid JSON. Using fallbacks.
✅ Successfully updated: 1940.json
Refactoring AI Content for: الحقير أنا...
RAW RES: {
  "desc_ar": "يُدبّر الشرير "غرو" لسرقة القمر من السماء، لكنه يجد صعوبة في الاستمرار في هذه المهمّة بعدما يجد نفسه مسؤولًا عن رعاية ثلاث يتيمات. يتعرض غرو لعدم الاستقرار النفسي والاجتماعي، مما يجعله يفقد الهدف الأصلي لسرقة القمر. في هذه الحالة، يتعاون غرو مع ثلاث يتيمات لإنقاذ القمر من الضياع.",
  "desc_en": "The villainous Gru is planning to steal the moon, but he finds it difficult to continue with this mission after he finds himself responsible for caring for three orphans. Gru is exposed to psychological and social instability, which makes him lose his original goal of stealing the moon. In this case, Gru collaborates with the three orphans to save the moon from destruction.",
  "meta_desc": "واش غيفلت؟ اكتشف أحداث الإثارة في فيلم رسوم متحركة كوميديا جريمة عائلي خيال علمي الحقير أنا",
  "seo_title_ar": "مشاهدة فيلم الحقير أنا مترجم اون لاين - توميتو",
  "keywords": "فيلم الحقير أنا مترجم, مشاهدة فيلم رسوم متحركة كوميديا",
  "opinion": "فيلم الحقير أنا هو فيلم كوميديا رائعة يجمع بين الإثارة والمرح، مع شخصيات ممتازة وحركة رائعة، مما يجعله فيلمًا يجب مشاهدته",
  "faq": [
    {"q": "ما هو فيلم الحقير أنا؟", "a": "فيلم رسوم متحركة كوميديا جريمة عائلي خيال علمي"},
    {"q": "ما هو موضوع فيلم الحقير أنا؟", "a": "فيلم الحقير أنا يتعرض لعدم الاستقرار النفسي والاجتماعي، مما يجعله يفقد الهدف الأصلي لسرقة القمر"},
    {"q": "ما هو نوع فيلم الحقير أنا؟", "a": "فيلم رسوم متحركة كوميديا جريمة عائلي خيال علمي"}
  ]
}
JSON Parse error: Expecting ',' delimiter: line 2 column 30 (char 31)
AI failed to return valid JSON. Using fallbacks.
✅ Successfully updated: 20352.json
Refactoring AI Content for: Lolita...
✅ Successfully updated: 9769.json
Refactoring AI Content for: قف بجانبي...
✅ Successfully updated: 235.json
Refactoring AI Content for: Beverly Hills, 90210...
✅ Successfully updated: 2025.json
Refactoring AI Content for: Antigang...
RAW RES: {
  "desc_ar": "في عالم المافيا، يوجد نوع من الأشخاص الذين يلعبون دوراً هاماً في الحرب ضد المافيا، ولكنهم يخدعونهم في النهاية، ويقومون بالخداع والغدر، ويقومون بالتخلي عن الأصدقاء والمناصرين، ويقومون بالتخلي عن الأهالي، ويقومون بالتخلي عن الأهالي، ويقومون بالتخلي عن الأهالي، ويقومون بالتخلي عن الأهالي، ويقومون بالتخلي عن الأهالي، ويقومون بالتخلي عن الأهالي، ويقومون بالتخلي عن الأهالي، ويقومون بالتخلي عن الأهالي، ويقومون بالتخلي عن الأهالي، ويقومون بالتخلي عن الأهالي، ويقومون بالتخلي عن الأهالي، ويقومون بالتخلي عن الأهالي، ويقومون بالتخلي عن الأهالي، ويقومون بالتخلي عن الأهالي، ويقومون بالتخلي عن الأهالي، ويقومون بالتخلي عن الأهالي، ويقومون بالتخلي عن الأهالي، ويقومون بالتخلي عن الأهالي، ويقومون بالتخلي عن الأهالي، ويقومون بالتخلي عن الأهالي، ويقومون بالتخلي عن الأهالي، ويقومون بالتخلي عن الأهالي، ويقومون بالتخلي عن الأهالي، ويقومون بالتخلي عن الأهالي، ويقومون بالتخلي عن الأهالي، ويقومون بالتخلي عن الأهالي، ويقومون بالتخلي عن الأهالي، ويقومون بالتخلي عن الأهالي، ويقومون بالتخلي عن الأهالي، ويقومون بالتخلي عن الأهالي، ويقومون بالتخلي عن الأهالي، ويقومون بالتخلي عن الأهالي، ويقومون بالتخلي عن الأهالي، ويقومون بالتخلي عن الأهالي، ويقومون بالتخلي عن الأهالي، ويقومون بالتخلي عن الأهالي، ويقومون بالتخلي عن الأهالي، ويقومون بالتخلي عن الأهالي، ويقومون بالتخلي عن الأهالي، ويقومون بالتخلي عن الأهالي، ويقومون بالتخلي عن الأهالي، ويقومون بالتخلي عن الأهالي، ويقومون بالتخلي عن الأهالي، ويقومون بالتخلي عن الأهالي، ويقومون بالتخلي عن الأهالي، ويقومون بالتخلي عن الأهالي، ويقومون بالتخلي عن الأهالي، ويقومون بالتخلي عن الأهالي، ويقومون بالتخلي عن الأهالي، ويقومون بالتخلي عن الأهالي، ويقومون بالتخلي عن الأهالي، ويقومون بالتخلي عن الأهالي، ويقومون بالتخلي عن الأهالي، ويقومون بالتخلي عن الأهالي، ويقومون بالتخلي عن الأهالي، ويقومون بالتخلي عن الأهالي، ويقومون بالتخلي عن الأهالي، ويقومون بالتخلي عن الأهالي، ويقومون بالتخلي عن الأهالي، ويقومون بالتخلي عن الأهالي، ويقومون بالتخلي عن الأهالي، ويقومون بالتخلي عن الأهالي، ويقومون بالتخلي عن الأهالي، ويقومون بالتخلي عن الأهالي، ويقومون بالتخلي عن الأهالي، ويقومون بالتخلي عن الأهالي، ويقومون بالتخلي عن الأهالي، ويقومون بالتخلي عن الأهالي، ويقومون بالتخلي عن الأهالي، ويقومون بالتخلي عن الأهالي، ويقومون بالتخلي عن الأهالي، ويقومون بالتخلي عن الأهالي، ويقومون بالتخلي
JSON Parse error: Unterminated string starting at: line 2 column 14 (char 15)
AI failed to return valid JSON. Using fallbacks.
✅ Successfully updated: 298954.json
Refactoring AI Content for: Matlock...
✅ Successfully updated: 226174.json
Refactoring AI Content for: آيرون هارت...
✅ Successfully updated: 114471.json
Refactoring AI Content for: Late Show with David Letterman...
✅ Successfully updated: 498.json
Refactoring AI Content for: زهور الدم...
✅ Successfully updated: 219290.json
Refactoring AI Content for: Astrid et Raphalle...
✅ Successfully updated: 88384.json
Refactoring AI Content for: Cinderella Man...
✅ Successfully updated: 921.json
Refactoring AI Content for: Ein Fall fr zwei...
✅ Successfully updated: 12433.json
Refactoring AI Content for: أوغاد مجهولون...
RAW RES: {
  "desc_ar": "في فرنسا التي احتلها النازيون خلال الحرب العالمية الثانية ، تم اختيار مجموعة من الجنود الأمريكيين اليهود المعروفين باسم "الباستردز" على وجه التحديد لنشر الخوف في جميع أنحاء الرايخ الثالث عن طريق المضاربة وقتل النازيين بوحشية. سرعان ما التقى آل باستردز بقيادة الملازم ألدو راين مع فتاة مراهقة فرنسية يهودية تدير مسرحًا للسينما في باريس استهدفها الجنود.",
  "desc_en": "In Nazi-occupied France, a group of Jewish American soldiers, known as 'The Basterds', are chosen to spread fear throughout the Third Reich by scalping and killing Nazis brutally. Soon, The Basterds meet with Colonel Aldo Raine, a young French Jewish woman who runs a cinema in Paris, and the soldiers target her.",
  "meta_desc": "واش غيفلت؟ اكتشف أحداث الإثارة في أوغاد مجهولون",
  "seo_title_ar": "مشاهدة فيلم أوغاد مجهولون مترجم اون لاين - توميتو",
  "keywords": "فيلم أوغاد مجهولون مترجم, مشاهدة فيلم أوغاد مجهولون",
  "opinion": "هو فيلم دراما إثارة حرب يلقي باللوم على النازيين الذين احتلو فرنسا خلال الحرب العالمية الثانية. الفيلم يلقي باللوم على النازيين الذين قتلو اليهود والفرنسيين واليهود الفرنسيين.",
  "faq": [
    {"q": "ما هو أوغاد مجهولون؟", "a": "هو فيلم دراما إثارة حرب يلقي باللوم على النازيين الذين احتلو فرنسا خلال الحرب العالمية الثانية."},
    {"q": "ما هو المكان الذي يحدث فيه أوغاد مجهولون؟", "a": "يحدث في فرنسا التي احتلها النازيون خلال الحرب العالمية الثانية."},
    {"q": "ما هو نوع أوغاد مجهولون؟", "a": "هو فيلم دراما إثارة حرب"}
  ]
}
JSON Parse error: Expecting ',' delimiter: line 2 column 136 (char 137)
AI failed to return valid JSON. Using fallbacks.
✅ Successfully updated: 16869.json
Refactoring AI Content for: الحلقة...
✅ Successfully updated: 565.json
Refactoring AI Content for: The Last Letter from Your Lover...
✅ Successfully updated: 638449.json
Refactoring AI Content for: إنقاذ المجند ريان...
✅ Successfully updated: 857.json
Refactoring AI Content for: Binnelanders...
✅ Successfully updated: 206559.json
Refactoring AI Content for: Scandal...
✅ Successfully updated: 39269.json
Refactoring AI Content for: الرفاق...
RAW RES: {
  "desc_ar": "في عالم حيث يعتنق الأبطال الخارقون الجانب المظلم من شهرتهم ونجوميتهم الواسعة، يركز مسلسل "الرفاق" على مجموعة من المقتصين المعروفين بشكل غير رسمي باسم "الرفاق"، الذين ينطلقون للقضاء على الأبطال الخارقين الفاسدين متسلحين بعزيمتهم العمالية واستعدادهم للقتال بقذارة. مع منعطفات متكررة والفكاهة واللعب، يصعد مسلسل "الرفاق" إلى مستوى جديد من الإثارة والفانتازيا.",
  "desc_en": "In a world where superheroes have embraced the dark side of their fame and widespread recognition, the series "The Boys" focuses on a group of vigilantes known informally as "The Boys", who launch a crusade against corrupt and degenerate superheroes, armed with their working-class grit and battle-hardened determination. With constant twists, humor, and playfulness, "The Boys" series rises to a new level of excitement and fantasy.",
  "meta_desc": "واش غيفلت؟ اكتشف أحداث الإثارة في مسلسل "الرفاق" - توميتو",
  "seo_title_ar": "مشاهدة مسلسل الرفاق مترجم اون لاين - توميتو",
  "keywords": "فيلم خيال علمي مترجم, مشاهدة مسلسل فانتازيا",
  "opinion": "مسلسل "الرفاق" هو المaverick الذي يغير كل ما تعرفه عن عالم superheroes. مع منعطفات متكررة والفكاهة واللعب، يصعد مسلسل "الرفاق" إلى مستوى جديد من الإثارة والفانتازيا.",
  "faq": [
    {"q": "ما هو مسلسل "الرفاق"؟", "a": "مسلسل "الرفاق" هو مسلسل خيال علمي وفانتازيا يركز على مجموعة من المقتصين المعروفين بشكل غير رسمي باسم "الرفاق"، الذين ينطلقون للقضاء على الأبطال الخارقين الفاسدين."},
    {"q": "ما هو نوع مسلسل "الرفاق"؟", "a": "مسلسل "الرفاق" هو نوع من مسلسلات الخيال العلمي والفانتازيا."},
    {"q": "ما هو المخرج الرئيسي لمسلسل "الرفاق"?", "a": "لم يتم ذكر المخرج الرئيسي لمسلسل "الرفاق" في هذه المعلومات"}
  ]
}
JSON Parse error: Expecting ',' delimiter: line 2 column 105 (char 106)
AI failed to return valid JSON. Using fallbacks.
✅ Successfully updated: 76479.json
Refactoring AI Content for: الماتريكس...
✅ Successfully updated: 603.json
Refactoring AI Content for: The Dick Van Dyke Show...
RAW RES: {
  "desc_ar": "في عالم التمثيل، يوجد شخص واحد يملك كل ما يلزم ليكون نجماً حقيقيً. هو ريتشارد ساندريكس، المخرج المخضرم الذي يملك كل ما يلزم ليكون نجماً حقيقيً. في هذه السلسلة، نرى كيف يلعب ريتشارد دور المخرج في هذه السلسلة، والتي تتميز بكوميدياً رائعة ودراماً ممتازة.",
  "desc_en": "In the world of acting, there is one person who has everything they need to be a true star. He is Richard Sandriks, the experienced director who has everything they need to be a true star. In this series, we see how Richard plays the role of the director in this series, which is characterized by great comedy and excellent drama.",
  "meta_desc": "واش غيفلت؟ اكتشف أحداث الإثارة في سلسلة الكوميديا الرائعة "مشاهدة فيلم The Dick Van Dyke Show" مترجم اون لاين - توميتو",
  "seo_title_ar": "مشاهدة فيلم The Dick Van Dyke Show مترجم اون لاين - توميتو",
  "keywords": "فيلم كوميديا مترجم, مشاهدة فيلم كوميديا",
  "opinion": "هذه السلسلة هي واحدة من أفضل السلاسل الكوميديا التي شاهدناها على الإطلاق. لقد تم إنتاجها ببراعة فائقة، وتميزت بكوميدياً رائعة ودراماً ممتازة.",
  "faq": [
    {"q": "ما هو نوع هذا الفيلم؟", "a": "هو فيلم كوميديا"},
    {"q": "ما هو نوع هذا الفيلم؟", "a": "هو فيلم تلفزيوني"},
    {"q": "ما هو أفضل ما في هذا الفيلم؟", "a": "هو الكوميديا والدراما الممتازة"}
  ]
}
JSON Parse error: Expecting ',' delimiter: line 4 column 76 (char 692)
AI failed to return valid JSON. Using fallbacks.
✅ Successfully updated: 2132.json
Refactoring AI Content for: فوضى في كأس العالم...
✅ Successfully updated: 1084577.json
Refactoring AI Content for: Silent Witness...
✅ Successfully updated: 2750.json
Refactoring AI Content for: المتدربون...
✅ Successfully updated: 1584215.json
Refactoring AI Content for: Les Kassos...
✅ Successfully updated: 66038.json
Refactoring AI Content for: Cidade de Deus: A Luta No Para...
✅ Successfully updated: 223397.json
Refactoring AI Content for: فندق ترانسلفانيا...
✅ Successfully updated: 76492.json
Refactoring AI Content for: سنووايت...
✅ Successfully updated: 447273.json
Refactoring AI Content for: نداء البرية...
✅ Successfully updated: 481848.json
Refactoring AI Content for: موشوكو تينسي...
✅ Successfully updated: 94664.json
Refactoring AI Content for: Heartbeat...
✅ Successfully updated: 2585.json
Refactoring AI Content for: Nulle part ailleurs...
✅ Successfully updated: 132149.json
Refactoring AI Content for: Io la conoscevo bene...
RAW RES: {
  "desc_ar": "في عالم المخفيات والخداع، تكتشف امرأة عادية أنها كانت جزءاً من حكاية معقدة، حيث التقطت صوراً من حياتها السابقة، وتعرفت على شخصياتها السابقة، وتعرفت على أسرارها السابقة، وتعرفت على أسرارها السابقة، وتعرفت على أسرارها السابقة، وتعرفت على أسرارها السابقة، وتعرفت على أسرارها السابقة، وتعرفت على أسرارها السابقة، وتعرفت على أسرارها السابقة، وتعرفت على أسرارها السابقة، وتعرفت على أسرارها السابقة، وتعرفت على أسرارها السابقة، وتعرفت على أسرارها السابقة، وتعرفت على أسرارها السابقة، وتعرفت على أسرارها السابقة، وتعرفت على أسرارها السابقة، وتعرفت على أسرارها السابقة، وتعرفت على أسرارها السابقة، وتعرفت على أسرارها السابقة، وتعرفت على أسرارها السابقة، وتعرفت على أسرارها السابقة، وتعرفت على أسرارها السابقة، وتعرفت على أسرارها السابقة، وتعرفت على أسرارها السابقة، وتعرفت على أسرارها السابقة، وتعرفت على أسرارها السابقة، وتعرفت على أسرارها السابقة، وتعرفت على أسرارها السابقة، وتعرفت على أسرارها السابقة، وتعرفت على أسرارها السابقة، وتعرفت على أسرارها السابقة، وتعرفت على أسرارها السابقة، وتعرفت على أسرارها السابقة، وتعرفت على أسرارها السابقة، وتعرفت على أسرارها السابقة، وتعرفت على أسرارها السابقة، وتعرفت على أسرارها السابقة، وتعرفت على أسرارها السابقة، وتعرفت على أسرارها السابقة، وتعرفت على أسرارها السابقة، وتعرفت على أسرارها السابقة، وتعرفت على أسرارها السابقة، وتعرفت على أسرارها السابقة، وتعرفت على أسرارها السابقة، وتعرفت على أسرارها السابقة، وتعرفت على أسرارها السابقة، وتعرفت على أسرارها السابقة، وتعرفت على أسرارها السابقة، وتعرفت على أسرارها السابقة، وتعرفت على أسرارها السابقة، وتعرفت على أسرارها السابقة، وتعرفت على أسرارها السابقة، وتعرفت على أسرارها السابقة، وتعرفت على أسرارها السابقة، وتعرفت على أسرارها السابقة، وتعرفت على أسرارها السابقة، وتعرفت على أسرارها السابقة، وتعرفت على أسرارها السابقة، وتعرفت على أسرارها السابقة، وتعرفت على أسرارها السابقة، وتعرفت على أسرارها السابقة، وتعرفت على أسرارها السابقة، وتعرفت على أسرارها السابقة، وتعرفت على أسرارها السابقة، وتعرفت على أسرارها السابقة، وتعرفت على أسرارها السابقة، وتعرفت على أسرارها السابقة، وتعرفت على أسرارها السابقة، وتعرفت على أسرارها السابقة، وتعرفت على أسرارها السابقة، وتعرفت على أسرارها السابقة، وتعرفت على أسرارها السابقة، وتعرفت على أسرارها السابقة، وتعرفت على أسرارها السابقة، وتعرفت على أسرارها السابقة، وتعرفت على أسرارها السابقة، وتعرفت على أسرارها السابقة، وتعرفت على أسرارها السابقة، وتعرفت على أسرارها السابقة، وتعرفت على أسرارها السابقة، وتعرفت على أسرارها السابقة، وتعرفت على أسرارها السابقة،
JSON Parse error: Unterminated string starting at: line 2 column 14 (char 15)
AI failed to return valid JSON. Using fallbacks.
✅ Successfully updated: 59336.json
Refactoring AI Content for: كابتن أمريكا الحرب الأهلية...
✅ Successfully updated: 271110.json
Refactoring AI Content for: الذئب المراهق...
✅ Successfully updated: 34524.json
Refactoring AI Content for: منزل البوم...
✅ Successfully updated: 92685.json
Refactoring AI Content for: Chasing Happiness...
✅ Successfully updated: 601169.json
Refactoring AI Content for: Night Court...
✅ Successfully updated: 162.json
Refactoring AI Content for: دورية المخالب: الفيلم...
✅ Successfully updated: 675445.json
Refactoring AI Content for: Lewis...
✅ Successfully updated: 2343.json
Refactoring AI Content for: Jeopardy!...
✅ Successfully updated: 2912.json
Refactoring AI Content for: سبايدرمان في بعد العنكبوت...
✅ Successfully updated: 324857.json
Refactoring AI Content for: The Man in the High Castle...
✅ Successfully updated: 62017.json
Refactoring AI Content for: Al Fondo Hay Sitio...
RAW RES: {
  "desc_ar": "في عالم الكوميديا والدراما، يأتي مسلسل "أل فondo Hay Sitio" ليحملنا على رحلة ممتعة مليئة بالمرح واللوعة. يروي القصة قصة مجموعة من الأصدقاء الذين يلتقون في مكان ما بعد العمل، حيث يجدون أنفسهم في وسط معركة حقيقية مع أنفسهم.",
  "desc_en": "In the world of comedy and drama, the series "Al Fondo Hay Sitio" takes us on a thrilling journey filled with laughter and heartache. The story follows a group of friends who meet at a place after work, where they find themselves in the midst of a real battle with themselves.",
  "meta_desc": "واش غيفلت؟ اكتشف أحداث الإثارة في مسلسل الكوميديا والدراما "أل فondo Hay Sitio"",
  "seo_title_ar": "مشاهدة مسلسل "أل فondo Hay Sitio" مترجم اون لاين - توميتو",
  "keywords": "فيلم كوميديا مترجم, مشاهدة مسلسل دراما",
  "opinion": "هو مسلسل ممتاز يلقي بظلال الكوميديا والدراما، ويحملنا على رحلة ممتعة مليئة بالمرح واللوعة.",
  "faq": [
    {"q": "ما هو مسلسل "أل فondo Hay Sitio"؟", "a": "هو مسلسل كوميديا دراما يروي قصة مجموعة من الأصدقاء الذين يلتقون في مكان ما بعد العمل."},
    {"q": "ما هي قصة مسلسل "أل فondo Hay Sitio"?", "a": "القصة تروي قصة مجموعة من الأصدقاء الذين يلتقون في مكان ما بعد العمل، حيث يجدون أنفسهم في وسط معركة حقيقية مع أنفسهم."},
    {"q": "ما هو المكان الذي يلتقون فيه الأصدقاء في مسلسل "أل فondo Hay Sitio"?", "a": "المكان الذي يلتقون فيه الأصدقاء هو مكان ما بعد العمل، حيث يجدون أنفسهم في وسط معركة حقيقية مع أنفسهم."}
  ]
}
JSON Parse error: Expecting ',' delimiter: line 2 column 55 (char 56)
AI failed to return valid JSON. Using fallbacks.
✅ Successfully updated: 32209.json
Refactoring AI Content for: Station 19...
✅ Successfully updated: 76773.json
Refactoring AI Content for: منتقمو طوكيو...
✅ Successfully updated: 105009.json
Refactoring AI Content for: CLASSROOM FOR HEROES...
✅ Successfully updated: 134742.json
Refactoring AI Content for: ليلو وستيتش...
✅ Successfully updated: 11544.json
Refactoring AI Content for: نهر الرياح...
✅ Successfully updated: 395834.json
Refactoring AI Content for: كابتن أمريكا شجاع العالم الجديد...
✅ Successfully updated: 822119.json
Refactoring AI Content for: Kitchen Nightmares...
✅ Successfully updated: 11294.json
Refactoring AI Content for: حانة على الطريق...
✅ Successfully updated: 359410.json
Refactoring AI Content for: L.E.T.H.A.L. Ladies: Return to Savage Beach...
✅ Successfully updated: 67395.json
Refactoring AI Content for: هانا...
✅ Successfully updated: 54155.json
Refactoring AI Content for: Rugrats...
✅ Successfully updated: 3022.json
Refactoring AI Content for: خيمياء الأرواح...
✅ Successfully updated: 135157.json
Refactoring AI Content for: The Irregular at Magic High School...
✅ Successfully updated: 60833.json
Refactoring AI Content for: Stranger Things...
✅ Successfully updated: 66732.json
Refactoring AI Content for: Manon 70...
RAW RES: {
  "desc_ar": "في فيلم الرومانسية والدراما "مانون 70"، نرى قصة حب تتمتع بالعديد من الأحداث الإثارة والดรاما. يتبعنا رومانسنا الرئيسي في رحلة حب مليئة بالعديد من الأحداث الإثارة والดรاما. في النهاية، سوف نرى ما إذا كان الحب قويًا بما يكفي ليعوض كل ما فقدناه.",
  "desc_en": "In the romantic drama "Manon 70", we see a love story filled with thrilling events and drama. Our main romance takes us on a journey of love filled with many thrilling events and drama. In the end, we will see if love is strong enough to compensate for all we have lost.",
  "meta_desc": "واش غيفلت؟ اكتشف أحداث الإثارة في فيلم الرومانسية والدراما "مانون 70"",
  "seo_title_ar": "مشاهدة فيلم مانون 70 مترجم اون لاين - توميتو",
  "keywords": "فيلم رومنسية مترجم, مشاهدة فيلم دراما",
  "opinion": "هو فيلم رومانسي قوي يلقي بالحب في القلب، ويحملنا في رحلة ممتعة مليئة بالعديد من الأحداث الإثارة والดรاما.",
  "faq": [
    {"q": "ما هو فيلم مانون 70؟", "a": "هو فيلم رومانسي قوي يلقي بالحب في القلب، ويحملنا في رحلة ممتعة مليئة بالعديد من الأحداث الإثارة والدراما."},
    {"q": "ما هو نوع فيلم مانون 70؟", "a": "هو فيلم رومنسية ودراما"},
    {"q": "ما هو أفضل ما في فيلم مانون 70؟", "a": "هو قصة الحب والดรاما المليئة بالعديد من الأحداث الإثارة"}
  ]
}
JSON Parse error: Expecting ',' delimiter: line 2 column 44 (char 45)
AI failed to return valid JSON. Using fallbacks.
✅ Successfully updated: 99419.json
Refactoring AI Content for: Godzilla Minus One...
RAW RES: {
  "desc_ar": "في عالم الحرب، يتعامل طيار حربي سابق مع الصدمة الناتجة عن الحرب، ويجد نفسه في وسط المدينة التي تتعامل مع وحش عملاق مطور نوويًّا يهاجم شواطئهم. في هذه المعركة بين الإنسانية والوحش، يتعامل الطيار مع مشكلته الشخصية والقومية في آن واحد.",
  "desc_en": "In a post-war world, a former war pilot struggles to cope with the trauma of war, and finds himself in the midst of a city that is fighting against a giant, nuclear-powered monster that is attacking their shores. In this battle between humanity and the beast, the pilot must confront his personal and national issues at the same time.",
  "meta_desc": "واش غيفلت؟ اكتشف أحداث الإثارة في فيلم "Godzilla Minus One" - توميتو",
  "seo_title_ar": "مشاهدة فيلم غودزيلا مينوس ون مترجم اون لاين - توميتو",
  "keywords": "فيلم خيال علمي مترجم, مشاهدة فيلم رعب مترجم, فيلم حركة مترجم",
  "opinion": "فيلم غودزيلا مينوس ون هو فيلم رعب خيال علمي يلقي بظلاله على المدينة بعد الحرب، ويحاول أن يفسر ما هو الحق والما هو الخيال في هذه المعركة بين الإنسانية والوحش",
  "faq": [
    {"q": "ما هو فيلم غودزيلا مينوس ون؟", "a": "فيلم خيال علمي رعب حركة يلقي بظلاله على المدينة بعد الحرب"},
    {"q": "ما هو الحدث الرئيسي في فيلم غودزيلا مينوس ون؟", "a": "المدينة التي تتعامل مع وحش عملاق مطور نوويًّا يهاجم شواطئهم"},
    {"q": "ما هو نوع فيلم غودزيلا مينوس ون؟", "a": "فيلم خيال علمي رعب حركة"}
  ]
}
JSON Parse error: Expecting ',' delimiter: line 4 column 57 (char 658)
AI failed to return valid JSON. Using fallbacks.
✅ Successfully updated: 940721.json
Refactoring AI Content for: Capote...
✅ Successfully updated: 398.json
Refactoring AI Content for: حرب العوالم...
✅ Successfully updated: 755898.json
Refactoring AI Content for: وندر مان...
✅ Successfully updated: 198178.json
Refactoring AI Content for: We Bare Bears: The Movie...
✅ Successfully updated: 677638.json
Refactoring AI Content for: O-bi, o-ba. Koniec cywilizacji...
✅ Successfully updated: 71933.json
Refactoring AI Content for: المنتقمون عهد الترون...
✅ Successfully updated: 99861.json
Refactoring AI Content for: Xian Wang de Richang...
✅ Successfully updated: 98123.json
Refactoring AI Content for: Steven Universe...
✅ Successfully updated: 61175.json
Refactoring AI Content for: King Conqueror...
✅ Successfully updated: 240558.json
Refactoring AI Content for: شرا للخير...
✅ Successfully updated: 967941.json
Refactoring AI Content for: The Offer...
✅ Successfully updated: 114068.json
Refactoring AI Content for: فان هيلسنج...
✅ Successfully updated: 7131.json
Refactoring AI Content for: الباقون...
✅ Successfully updated: 840430.json
Refactoring AI Content for: Hibiscus Town...
✅ Successfully updated: 122973.json
Refactoring AI Content for: باتمان...
RAW RES: {
  "desc_ar": "في عالم غوثام، يصارع المحارب ذو العباءة، باتمان، ضد الأشرار الأكثر شهرة والأسوأ سمعة، من بينهم "الجوكر" و"بينغوين" و"هارلي كوين"، فيما يلقي الضوء على هواجسه بينما يقاتل لمنع الفوضى والchetah في المدينة، في سلسلة رسوم متحركة رائعة تجمع بين الحركة والمغامرة والدراما والغموض.",
  "desc_en": "In the world of Gotham, the caped crusader, Batman, battles the most notorious and infamous villains, including the Joker, Penguin, and Harley Quinn, while shedding light on his own psyche as he fights to prevent chaos and destruction in the city, in a fantastic animated series that combines action, adventure, drama, and mystery.",
  "meta_desc": "واش غيفلت؟ اكتشف أحداث الإثارة في باتمان: السلسلة animated!",
  "seo_title_ar": "مشاهدة باتمان: السلسلة animated مترجم اون لاين - توميتو",
  "keywords": "فيلم باتمان مترجم, مشاهدة باتمان animated",
  "opinion": "هذه السلسلة animated رائعة، تجمع بين الحركة والمغامرة والدراما والغموض، وتعرض باتمان في أبهى صوره، مع منافسيه الأشرار، فيما يلقي الضوء على هواجسه، مما يجعلها سلسلة رائعة لمن هو عاشق باتمان.",
  "faq": [
    {"q": "ما هو باتمان؟", "a": "باتمان هو المحارب ذو العباءة، الذي يصارع ضد الأشرار الأكثر شهرة والأسوأ سمعة في غوثام."},
    {"q": "ما هو غوثام؟", "a": "غوثام هو المدينة التي يلقي باتمان الضوء عليها، حيث يصارع ضد الأشرار الأكثر شهرة والأسوأ سمعة."},
    {"q": "ما هو دور الجوكر في باتمان؟", "a": "الجوكر هو أحد الأشرار الأكثر شهرة والأسوأ سمعة في غوثام، ويقوم باتمان بالقتال ضد него لمنع الفوضى والchetah في المدينة."}
  ]
}
JSON Parse error: Expecting ',' delimiter: line 2 column 111 (char 112)
AI failed to return valid JSON. Using fallbacks.
✅ Successfully updated: 2098.json
Refactoring AI Content for: Dallas...
✅ Successfully updated: 40.json
Refactoring AI Content for: The Mummy Returns...
✅ Successfully updated: 1734.json
Refactoring AI Content for: الزنزانة الطائرة...
RAW RES: {
  "desc_ar": "في عالم السجون ، يتحول سايروس "الفيروس" جريسوم إلى قائد الطائرة المحتلة ، حيث يتحكم المحتالون في الطائرة ويحاولون الهروب من السجن. في هذه الرحلة ، يلتقي كاميرون بو ، المدان السابق ، الذي يريد العودة إلى عائلته. ولكن ، في هذه الرحلة ، سيكون هناك الكثير من الأحداث الإثارة والقصص المليئة بالعديد من الأسرار.",
  "desc_en": "In a world of prisons, Cyrus "The Virus" Grissom transforms into the leader of the hijacked plane, where the inmates take control of the plane and attempt to escape from prison. In this journey, Cameron Poe, the former inmate, who wants to return to his family. However, in this journey, there will be many thrilling events and stories filled with many secrets.",
  "meta_desc": "واش غيفلت؟ اكتشف أحداث الإثارة في فيلم الزنزانة الطائرة مترجم اون لاين!",
  "seo_title_ar": "مشاهدة فيلم الزنزانة الطائرة مترجم اون لاين - توميتو",
  "keywords": "فيلم الزنزانة الطائرة مترجم, مشاهدة فيلم كذا",
  "opinion": "هو فيلم إثارة رائع يملأه الكثير من الأحداث الإثارة والقصص المليئة بالعديد من الأسرار. سوف تتمكن من مشاهدة الكثير من الأحداث الإثارة والقصص المليئة بالعديد من الأسرار في هذا الفيلم.",
  "faq": [
    {"q": "ما هو فيلم الزنزانة الطائرة؟", "a": "هو فيلم إثارة رائع يملأه الكثير من الأحداث الإثارة والقصص المليئة بالعديد من الأسرار."},
    {"q": "ما هو نوع فيلم الزنزانة الطائرة؟", "a": "هو فيلم حركة إثارة جريمة"},
    {"q": "ما هو أفضل جزء من فيلم الزنزانة الطائرة؟", "a": "هو الأحداث الإثارة والقصص المليئة بالعديد من الأسرار"}
  ]
}
JSON Parse error: Expecting ',' delimiter: line 2 column 46 (char 47)
AI failed to return valid JSON. Using fallbacks.
✅ Successfully updated: 1701.json
Refactoring AI Content for: Toy Story Treats...
RAW RES: {
  "desc_ar": "في عالم للاعبين، حيث الأطفال يلعبون مع أصدقائهم، يأتي دور الأبطال الأصغر سناً في هذه القصة الممتعة والمرح، حيث يلعبون دور الأبطال الذين يلعبون دور الأبطال في هذه القصة الممتعة والمرح، حيث يلعبون دور الأبطال الذين يلعبون دور الأبطال في هذه القصة الممتعة والمرح، حيث يلعبون دور الأبطال الذين يلعبون دور الأبطال في هذه القصة الممتعة والمرح، حيث يلعبون دور الأبطال الذين يلعبون دور الأبطال في هذه القصة الممتعة والمرح، حيث يلعبون دور الأبطال الذين يلعبون دور الأبطال في هذه القصة الممتعة والمرح، حيث يلعبون دور الأبطال الذين يلعبون دور الأبطال في هذه القصة الممتعة والمرح، حيث يلعبون دور الأبطال الذين يلعبون دور الأبطال في هذه القصة الممتعة والمرح، حيث يلعبون دور الأبطال الذين يلعبون دور الأبطال في هذه القصة الممتعة والمرح، حيث يلعبون دور الأبطال الذين يلعبون دور الأبطال في هذه القصة الممتعة والمرح، حيث يلعبون دور الأبطال الذين يلعبون دور الأبطال في هذه القصة الممتعة والمرح، حيث يلعبون دور الأبطال الذين يلعبون دور الأبطال في هذه القصة الممتعة والمرح، حيث يلعبون دور الأبطال الذين يلعبون دور الأبطال في هذه القصة الممتعة والمرح، حيث يلعبون دور الأبطال الذين يلعبون دور الأبطال في هذه القصة الممتعة والمرح، حيث يلعبون دور الأبطال الذين يلعبون دور الأبطال في هذه القصة الممتعة والمرح، حيث يلعبون دور الأبطال الذين يلعبون دور الأبطال في هذه القصة الممتعة والمرح، حيث يلعبون دور الأبطال الذين يلعبون دور الأبطال في هذه القصة الممتعة والمرح، حيث يلعبون دور الأبطال الذين يلعبون دور الأبطال في هذه القصة الممتعة والمرح، حيث يلعبون دور الأبطال الذين يلعبون دور الأبطال في هذه القصة الممتعة والمرح، حيث يلعبون دور الأبطال الذين يلعبون دور الأبطال في هذه القصة الممتعة والمرح، حيث يلعبون دور الأبطال الذين يلعبون دور الأبطال في هذه القصة الممتعة والمرح، حيث يلعبون دور الأبطال الذين يلعبون دور الأبطال في هذه القصة الممتعة والمرح، حيث يلعبون دور الأبطال الذين يلعبون دور الأبطال في هذه القصة الممتعة والمرح، حيث يلعبون دور الأبطال الذين يلعبون دور الأبطال في هذه القصة الممتعة والمرح، حيث يلعبون دور الأبطال الذين يلعبون دور الأبطال في هذه القصة الممتعة والمرح، حيث يلعبون دور الأبطال الذين يلعبون دور الأبطال في هذه القصة الممتعة والمرح، حيث يلعبون دور الأبطال الذين يلعبون دور الأبطال في هذه القصة الممتعة والمرح، حيث يلعبون دور الأبطال الذين يلعبون دور الأبطال في هذه القصة الممتعة والمرح، حيث يلعبون دور الأبطال الذين يلعبون دور الأبطال في هذه القصة الممتعة والمرح، حيث يلعبون دور الأبطال الذين يلعبون دور الأبطال في هذه القصة الممتعة والمرح، حيث يلعبون دور الأبطال الذين يلعبون دور الأبطال في هذه القصة الممتعة والمرح، حيث يلعبون دور الأبطال الذين يلعبون دور الأبطال في هذه القصة الممتعة والمرح، حيث يلعبون دور الأبطال الذين يلعبون دور الأبطال في هذه القصة الممتعة والمرح، حيث يلعبون دور الأبطال الذين يلعبون دور الأبطال في هذه القصة الممتعة والمرح، حيث يلعبون دور الأبطال الذين يلعبون دور
JSON Parse error: Unterminated string starting at: line 2 column 14 (char 15)
AI failed to return valid JSON. Using fallbacks.
✅ Successfully updated: 39905.json
Refactoring AI Content for: Fights Break Sphere...
✅ Successfully updated: 79481.json
Refactoring AI Content for: المملكة الأخيرة...
✅ Successfully updated: 63333.json
Refactoring AI Content for: أبدية و يوم...
✅ Successfully updated: 24858.json
Refactoring AI Content for: بيت صغير على المرج...
✅ Successfully updated: 1781.json
Refactoring AI Content for: Naked City...
✅ Successfully updated: 3782.json
Refactoring AI Content for: كازينو...
RAW RES: {
  "desc_ar": "في أوائل السبعينيات من القرن الماضي في لاس فيجاس، قام رؤسائه باستغلال رجل العصابات منخفض المستوى سام "آيس" روثستين لرئاسة كازينو تانجيرز. مع النجاحات والخلافات والتعقيدات، يصعد سام إلى منصة الحكم، ولكن الخطر يزداد، ويصير من المستحيل إيقافه.",
  "desc_en": "In the early 1970s in Las Vegas, the casino's owners exploited low-level mobster Sam 'Ace' Rothstein to run the Tangiers Casino. With successes and conflicts and complications, Sam rises to the top, but the danger increases, and it becomes impossible to stop him.",
  "meta_desc": "واش غيفلت؟ اكتشف أحداث الإثارة في كازينو",
  "seo_title_ar": "مشاهدة فيلم كازينو مترجم اون لاين - توميتو",
  "keywords": "فيلم كازينو مترجم, مشاهدة فيلم كازينو",
  "opinion": "كازينو فيلم رائع يلقي الضوء على عالم النشاطات الإجرامية في لاس فيجاس، مع أداء رائع من سام روثستين، الذي يلقي الضوء على دوره كمرشد كازينو.",
  "faq": [
    {"q": "ما هو كازينو؟", "a": "كازينو فيلم دراما جريمة أمريكي يصدر في عام 1995، من إخراج مارتين سكورسيزي"},
    {"q": "من هو سام روثستين؟", "a": "سام روثستين هو الشخصية الرئيسية في الفيلم، الذي يلقي الضوء على دوره كمرشد كازينو"},
    {"q": "ما هو أهم ما في كازينو؟", "a": "أهم ما في كازينو هو قصة النشاطات الإجرامية في لاس فيجاس، مع النجاحات والخلافات والتعقيدات"}
  ]
}
JSON Parse error: Expecting ',' delimiter: line 2 column 117 (char 118)
AI failed to return valid JSON. Using fallbacks.
✅ Successfully updated: 524.json
Refactoring AI Content for: Miami Vice...
RAW RES: {
  "desc_ar": "في عالم النماء والجريمة، يلتقي اثنان من أفضل رجال الشرطة في ميامي، سونny Crockett وريكسن "Dixie" Morgan، ليكونوا قوة قوية في القتال ضد الجريمة. مع فريقهم من الأصدقاء، يخوضون معركة ضد الجريمة والفساد في مدينة ميامي، حيث تتعارض الحياة والعمل.",
  "desc_en": "In a world of crime and drama, two of the best police officers in Miami, Sonny Crockett and Rixen "Dixie" Morgan, meet to become a powerful force in the fight against crime. With their team of friends, they take on the battle against crime and corruption in the city of Miami, where life and work collide.",
  "meta_desc": "واش غيفلت؟ اكتشف أحداث الإثارة في ميامي فيس!",
  "seo_title_ar": "مشاهدة فيلم ميامي فيس مترجم اون لاين - توميتو",
  "keywords": "فيلم جريمة مترجم, مشاهدة فيلم دراما",
  "opinion": "هو فيلم جريمة رائع، مليء بالتension والدراما. يلعب actors رائعين، ويحكي قصة رائعة.",
  "faq": [
    {"q": "ما هو نوع فيلم ميامي فيس؟", "a": "هو فيلم جريمة ودراما"},
    {"q": "ما هو موضوع فيلم ميامي فيس؟", "a": "يحكي قصة عن قوة الشرطة في مدينة ميامي"},
    {"q": "ما هو نوع التلقيح في فيلم ميامي فيس؟", "a": "هو فيلم مترجم اون لاين"}
  ]
}
JSON Parse error: Expecting ',' delimiter: line 2 column 105 (char 106)
AI failed to return valid JSON. Using fallbacks.
✅ Successfully updated: 1908.json
Refactoring AI Content for: Zatoichi...
RAW RES: {
  "desc_ar": "في عالم الساموراي، ظهر زاتويتشي، الرجل المظلم الذي يتصارع مع ماضي himself. في رحلة من المغامرة والدراما، يتعامل زاتويتشي مع الأحداث الإثارة التي تهدفه، بينما يبحث عنanswers للاستفسارات التي تملأ قلبه.",
  "desc_en": "In a world of samurai, Zatoichi, the mysterious man, emerges, struggling with his own past. In a journey of adventure and drama, Zatoichi faces thrilling events that threaten him, while searching for answers to fill his heart.",
  "meta_desc": "واش غيفلت؟ اكتشف أحداث الإثارة مع زاتويتشي!",
  "seo_title_ar": "مشاهدة فيلم زاتويتشي مترجم اون لاين - توميتو",
  "keywords": "فيلم زاتويتشي مترجم, مشاهدة فيلم زاتويتشي",
  "opinion": "هو فيلم مدهش، مليء بالتension والدراما. زاتويتشي هو رجل مظلم، ولكن ما يجعله فريدا هو قوته والشجاعة التي يظهرها في كل لحظة.",
  "faq": [
    {"q": "ما هو زاتويتشي؟", "a": "زاتويتشي هو رجل مظلم يتصارع مع ماضي himself."},
    {"q": "ما هو نوع فيلم زاتويتشي؟", "a": "فيلم زاتويتشي هو فيلم مغامرة ودراما وحركة."},
    {"q": "ما هو أفضل جزء من فيلم زاتويتشي؟", "a": "أفضل جزء هو قصة زاتويتشي وتصارعه مع ماضي himself."]
  ]
}
JSON Parse error: Expecting ',' delimiter: line 11 column 103 (char 1074)
AI failed to return valid JSON. Using fallbacks.
✅ Successfully updated: 246.json
Refactoring AI Content for: أسوكا...
✅ Successfully updated: 114461.json
Refactoring AI Content for: البريق...
✅ Successfully updated: 694.json
Refactoring AI Content for: فرقة الإنتحار...
✅ Successfully updated: 436969.json
Refactoring AI Content for: المحاسب...
✅ Successfully updated: 302946.json
Refactoring AI Content for: إكس-من ٩٧...
✅ Successfully updated: 138502.json
Refactoring AI Content for: Do or Die...
✅ Successfully updated: 35739.json
Refactoring AI Content for: لا بأس إن لم تكن بخير...
✅ Successfully updated: 96462.json
Refactoring AI Content for: المعادل...
✅ Successfully updated: 156022.json
Refactoring AI Content for: هنري الخطير...
✅ Successfully updated: 61852.json
Refactoring AI Content for: MINDHUNTER...
✅ Successfully updated: 67744.json
Refactoring AI Content for: شرلوك هولمز...
✅ Successfully updated: 799.json
Refactoring AI Content for: سيد الخواتم: عودة الملك...
✅ Successfully updated: 122.json
Refactoring AI Content for: PAW Patrol...
✅ Successfully updated: 57532.json
Refactoring AI Content for: كيلرز اوف ذا فلاور مون...
✅ Successfully updated: 466420.json
Refactoring AI Content for: لا بلد للعجائز...
✅ Successfully updated: 6977.json
Refactoring AI Content for: رحلة الفتاتين الأخيرة...
✅ Successfully updated: 74185.json
Refactoring AI Content for: Chicago...
✅ Successfully updated: 1574.json
Refactoring AI Content for: Dimensional Warrior Spielban...
✅ Successfully updated: 6336.json
Refactoring AI Content for: A Record of a Mortals Journey to Immortality...
✅ Successfully updated: 106449.json
Refactoring AI Content for: Ironside...
✅ Successfully updated: 4582.json
Refactoring AI Content for: M.I.A....
✅ Successfully updated: 262388.json
Refactoring AI Content for: الشفق...
✅ Successfully updated: 8966.json
Refactoring AI Content for: La legge di Lidia Pot...
✅ Successfully updated: 218896.json
Refactoring AI Content for: Baise-moi...
✅ Successfully updated: 3134.json
Refactoring AI Content for: Witness...
✅ Successfully updated: 9281.json
Refactoring AI Content for: The Fugitive...
✅ Successfully updated: 10083.json
Refactoring AI Content for: عرض ترومان...
✅ Successfully updated: 37165.json
Refactoring AI Content for: أغاثا منذ البداية...
✅ Successfully updated: 138501.json
Refactoring AI Content for: Chuck...
✅ Successfully updated: 1404.json
Refactoring AI Content for: Lincoln...
✅ Successfully updated: 31014.json
Refactoring AI Content for: DMD Friendship The Reality...
✅ Successfully updated: 244370.json
Refactoring AI Content for: The Blues Brothers...
✅ Successfully updated: 525.json
Refactoring AI Content for: تشريح غراي...
✅ Successfully updated: 1416.json
Refactoring AI Content for: هامشية...
✅ Successfully updated: 1705.json
Refactoring AI Content for: البحيرة السوداء...
✅ Successfully updated: 12598.json
Refactoring AI Content for: Ready Player One...
✅ Successfully updated: 333339.json
Refactoring AI Content for: عالم الديناصورات: إحياء...
RAW RES: {
  "desc_ar": "بعد خمس سنوات من أحداث فيلم "جوراسيك وورلد دومينيون"، تُكلَّف خبيرة العمليات السرية زورا بينيت بقيادة فريق ماهر في مهمة سرية للغاية لتأمين مادة وراثية من أضخم ثلاثة ديناصورات في العالم. عندما تتقاطع عملية زورا مع عائلة مدنية انقلبت رحلتها البحرية، يجدون أنفسهم جميعًا عالقين على جزيرة حيث يواجهون اكتشافًا صادمًا ومخيفًا ظلَّ مخفيًا عن العالم لعقود.",
  "desc_en": "After five years of events in the film "Jurassic World Dominion", secret operations expert Zora Bennett is tasked with leading a team of experts on a highly classified mission to obtain genetic material from the largest three dinosaurs in the world. When Zora's operation intersects with a family's oceanic journey, they find themselves stranded on an island where they face a shocking and terrifying discovery that has been hidden from the world for decades.",
  "meta_desc": "واش غيفلت؟ اكتشف أحداث الإثارة في فيلم "جوراسيك وورلد ريبيرث"!",
  "seo_title_ar": "مشاهدة فيلم عالم الديناصورات: إحياء مترجم اون لاين - توميتو",
  "keywords": "فيلم عالم الديناصورات مترجم, مشاهدة فيلم خيال علمي",
  "opinion": "فيلم "عالم الديناصورات: إحياء" هو فيلم خيال علمي رائع يلقي بظلاله على العالم، ويحيلنا إلى عالم ديناصورات قديم، ويحيلنا إلى عالم ديناصورات قديم، ويحيلنا إلى عالم ديناصورات قديم.",
  "faq": [
    {"q": "ما هو فيلم "عالم الديناصورات: إحياء"؟", "a": "فيلم خيال علمي رائع يلقي بظلاله على العالم، ويحيلنا إلى عالم ديناصورات قديم."},
    {"q": "ما هو نوع فيلم "عالم الديناصورات: إحياء"؟", "a": "فيلم خيال علمي، مغامرة، حركة."},
    {"q": "ما هو سبب مشاهدة فيلم "عالم الديناصورات: إحياء"؟", "a": "للاكتشاف أحداث الإثارة، وللاستمتاع بالخيال العلمي، وللإمتاع بالحركة"}
  ]
}
JSON Parse error: Expecting ',' delimiter: line 2 column 44 (char 45)
AI failed to return valid JSON. Using fallbacks.
✅ Successfully updated: 1234821.json
Refactoring AI Content for: Bobs Burgers...
✅ Successfully updated: 32726.json
Refactoring AI Content for: فتيان اشقياء...
✅ Successfully updated: 9737.json
Refactoring AI Content for: فيلم سبونج بوب: البحث عن سكوير بانتس...
✅ Successfully updated: 991494.json
Refactoring AI Content for: Moana...
✅ Successfully updated: 1108427.json
Refactoring AI Content for: TRON: Legacy...
✅ Successfully updated: 20526.json
Refactoring AI Content for: إكستراكشن 2...
RAW RES: {
  "desc_ar": "بعد نجاته من فم الموت، يعود المقدام البارع "تايلر ريك" مع قوة جديدة لتنفيذ مهمة أخرى محفوفة بالمخاطر، حيث يقع على عاتقه إنقاذ عائلة رجل عصابات قاسٍ من السجن، ولكن ما ينتظرهم هو الموت، والدمار، والخوف، والقهر، حيث سيركب كل منهم منهم في هذا العالم المخيف.",
  "desc_en": "After his narrow escape from death, the legendary extractor 'Tyler Ricks' returns with new strength to execute another high-risk mission, where he must rescue the family of a ruthless gangster from prison, but what awaits them is death, destruction, fear, and despair, as each of them will be consumed by this terrifying world.",
  "meta_desc": "واش غيفلت؟ اكتشف أحداث الإثارة في إكستراكشن 2 - حركة، إثارة، جريمة",
  "seo_title_ar": "مشاهدة فيلم إكستراكشن 2 مترجم اون لاين - توميتو",
  "keywords": "فيلم إكستراكشن 2 مترجم, مشاهدة فيلم إكستراكشن 2, Extraction 2 مترجم اون لاين",
  "opinion": "هو فيلم إثارة يملأ القلب بالخوف والرعب، حيث يصعد من المستوى إلى المستوى، ويجعلك تشعر بالقلق والرعب، وهو فيلم لا ينسى",
  "faq": [
    {"q": "ما هو فيلم إكستراكشن 2؟", "a": "هو فيلم حركة إثارة جريمة يتبع قصة المقدام البارع 'تايلر ريك'"},
    {"q": "ما هو نوع فيلم إكستراكشن 2؟", "a": "هو فيلم حركة إثارة جريمة"},
    {"q": "ما هو أفضل ما في فيلم إكستراكشن 2؟", "a": "هو فيلم يملأ القلب بالخوف والرعب، ويجعلك تشعر بالقلق والرعب"}
  ]
}
JSON Parse error: Expecting ',' delimiter: line 2 column 59 (char 60)
AI failed to return valid JSON. Using fallbacks.
✅ Successfully updated: 697843.json
Refactoring AI Content for: Steven Universe Future...
✅ Successfully updated: 94280.json
Refactoring AI Content for: المهمة المستحيلة - الحساب النهائي...
✅ Successfully updated: 575265.json
Refactoring AI Content for: قراصنة الكاريبي - صندوق الرجل الميت...
✅ Successfully updated: 58.json
Refactoring AI Content for: The Equalizer...
✅ Successfully updated: 95205.json
Refactoring AI Content for: Walk the Line...
✅ Successfully updated: 69.json
Refactoring AI Content for: FBI...
✅ Successfully updated: 80748.json
Refactoring AI Content for: Raiders of the Lost Ark...
✅ Successfully updated: 85.json
Refactoring AI Content for: Saw...
✅ Successfully updated: 176.json
Refactoring AI Content for: نحن الدببة الصغار...
✅ Successfully updated: 117030.json
Refactoring AI Content for: أن تصبح البطل إكس...
✅ Successfully updated: 272059.json
Refactoring AI Content for: Jack Goes Boating...
✅ Successfully updated: 43943.json
Refactoring AI Content for: Number One on the Call Sheet...
✅ Successfully updated: 285310.json
Refactoring AI Content for: طرزان...
✅ Successfully updated: 37135.json
Refactoring AI Content for: مالكوم في الوسط: حياة ليست عادلة...
✅ Successfully updated: 279471.json
Refactoring AI Content for: V.I.P....
✅ Successfully updated: 4397.json
Refactoring AI Content for: الجميلة والوحش...
✅ Successfully updated: 10020.json
Refactoring AI Content for: Just the Ten of Us...
✅ Successfully updated: 2174.json
Refactoring AI Content for: Fox Spirit Matchmaker...
✅ Successfully updated: 75787.json
Refactoring AI Content for: Shaolin Soccer...
✅ Successfully updated: 11770.json
Refactoring AI Content for: براءة ذئب...
✅ Successfully updated: 90937.json
Refactoring AI Content for: Balkan Line...
✅ Successfully updated: 517093.json
Refactoring AI Content for: خلطبيطة بالصلصة...
✅ Successfully updated: 2062.json
Refactoring AI Content for: مارفيل: المعاقب...
✅ Successfully updated: 67178.json
Refactoring AI Content for: الطفل الزعيم 2 : أعمال عائلية...
✅ Successfully updated: 459151.json
Refactoring AI Content for: إنكانتو...
RAW RES: {
  "desc_ar": "في عالم سحري يملك كل طفل في عائلة مادريغال قوة خارقة، إلا أن ميرابيل هي الوحيدة التي لا تملكها، حتى تكتشف أن السحر المحيط بـ"إنكانتو" في خطر، فتقرر بصفتها الوحيدة العادية في العائلة أنها قد تكون باركة الأمل الأخيرة لعائلتها الاستثنائية.",
  "desc_en": "In a magical world where every child in the Madrigal family has a unique gift, Mirabel is the only one who doesn't have one, until she discovers that the magic surrounding 'Encanto' is in danger, and she decides to be the ordinary one in the family who might be the last hope for her extraordinary family.",
  "meta_desc": "واش غيفلت؟ اكتشف أحداث الإثارة في فيلم رسوم متحركة 'إنكانتو'!",
  "seo_title_ar": "مشاهدة فيلم إنكانتو مترجم اون لاين - توميتو",
  "keywords": "فيلم إنكانتو مترجم, مشاهدة فيلم رسوم متحركة",
  "opinion": "إنكانتو هو فيلم سحري رائع يملأ القلب بالحب والمرح، حيث تكتشف عائلتها الاستثنائية أنها ليست فقط عائلتها، بل هي أيضاً عائلتنا!",
  "faq": [
    {"q": "ما هو فيلم إنكانتو؟", "a": "فيلم رسوم متحركة رائع يملأ القلب بالحب والمرح"},
    {"q": "ما هو السحر في فيلم إنكانتو؟", "a": "السحر هو ما يملك كل طفل في عائلة مادريغال قوة خارقة"},
    {"q": "ما هو هدف فيلم إنكانتو؟", "a": "هدف الفيلم هو اكتشاف ما هو السحر المحيط بـ"إنكانتو" في خطر"}
  ]
}
JSON Parse error: Expecting ',' delimiter: line 2 column 140 (char 141)
AI failed to return valid JSON. Using fallbacks.
✅ Successfully updated: 568124.json
Refactoring AI Content for: كيف تفلت بجريمة قتل...
RAW RES: {
  "desc_ar": "في عالم القانون، تتورط محامية الدفاع الجنائية اللامعة وأستاذة القانون "أناليس كيتينغ" وخمسة من طلابها في قضية قتل ملتوية. مع كل ما يكتشفون، يصابون بالذعر والشك، ويحاولون أن يفلتوا من الموت، ولكنهم يكتشفون أنهم في معركة حقيقية ضد القاتل، الذي يلعب بالعديد من الأوراق، ويحاول أن يخدعهم.",
  "desc_en": "In the world of law, defense attorney Annalise Keating and her five students are embroiled in a complex murder case. As they uncover more, they become increasingly terrified and uncertain, and try to escape death, but they discover that they are in a real battle against the killer, who plays many cards, trying to deceive them.",
  "meta_desc": "واش غيفلت؟ اكتشف أحداث الإثارة في كيف تفلت بجريمة قتل",
  "seo_title_ar": "مشاهدة فيلم كيف تفلت بجريمة قتل مترجم اون لاين - توميتو",
  "keywords": "فيلم جريمة قتل مترجم, مشاهدة فيلم جريمة قتل",
  "opinion": "هذه المجموعة من الأحداث هي واحدة من أكثرها إثارة في تاريخ التلفزيون. كل эпизودة تتميز بدراما قوية، والشخصيات هي واقعية جداً.",
  "faq": [
    {"q": "ما هو نوع هذا الفيلم؟", "a": "هو فيلم جريمة قتل"},
    {"q": "ما هو نوع هذا الفيلم؟", "a": "هو فيلم دراما غموض"},
    {"q": "ما هو السبب في قتل؟", "a": "هو قصة قتل ملتوية"}
  ]
}
JSON Parse error: Expecting ',' delimiter: line 2 column 86 (char 87)
AI failed to return valid JSON. Using fallbacks.
✅ Successfully updated: 61056.json
Refactoring AI Content for: الأشرار...
✅ Successfully updated: 629542.json
Refactoring AI Content for: Glass Fleet...
✅ Successfully updated: 26383.json
Refactoring AI Content for: Ming Dynasty...
✅ Successfully updated: 96738.json
Refactoring AI Content for: كوردج الجبان...
RAW RES: {
  "desc_ar": "في عالم خيالي، ي живет كلب يدعى كوردج، يسهل إخافته، مع ميورييل ويوستاس بيغ في مزرعة بالقرب من بلدة خيالية تدعى "نووير"، حيث يتعاملون مع الوحوش والكائنات الفضائية والأشرار والعلماء المجانيين والزومبي، ويجب على كوردج إنقاذ عائلته الجديدة.",
  "desc_en": "In a fantastical world, lives Courage, a cowardly dog, with his owners, Muriel and Eustace, on a farm near the fictional town of 'Nowhere', Kansas, USA. They often encounter monsters, extraterrestrial beings, villains, and zombies, and Courage must save his new family.",
  "meta_desc": "واش غيفلت؟ اكتشف أحداث الإثارة مع كوردج الجبان!",
  "seo_title_ar": "مشاهدة فيلم كوردج الجبان مترجم اون لاين - توميتو",
  "keywords": "فيلم كوردج مترجم, مشاهدة فيلم كوردج, رسوم متحركة عائلي, خيال علمي وفانتازيا كوميديا أطفال",
  "opinion": "هو فيلم رائع يجمع بين الخيال والكوميديا والفانتازيا، مع شخصيات رائعة مثل كوردج وميورييل ويوستاس، مما يجعله فيلماً ممتعاً لجميع أفراد الأسرة.",
  "faq": [
    {"q": "ما هو نوع فيلم كوردج الجبان؟", "a": "فيلم رسوم متحركة عائلي"},
    {"q": "ما هو موضوع فيلم كوردج الجبان؟", "a": "عائلي خيال علمي وفانتازيا كوميديا"},
    {"q": "ما هو نوع المخاطر التي يواجهها كوردج؟", "a": "الوحوش والكائنات الفضائية والأشرار والعلماء المجانيين والزومبي"}
  ]
}
JSON Parse error: Expecting ',' delimiter: line 2 column 127 (char 128)
AI failed to return valid JSON. Using fallbacks.
✅ Successfully updated: 2085.json
Refactoring AI Content for: دبب الاساطير...
✅ Successfully updated: 1931.json
Refactoring AI Content for: Step by Step...
✅ Successfully updated: 2617.json
Refactoring AI Content for: The Karate Kid...
RAW RES: {
  "desc_ar": "في مدينة كاليفورنيا، يتعلم دري الدفاع عن نفسه ضد متنمّر باتباع إرشادات معلّم كونغ فو متواضع. مع وجود مشكلات في المدرسة والمنزل، يكتشف دري أن قوة الكونغ فو يمكنها أن تساعدّه في تحقيق حلمه في الانتصار على المتنمّر. في هذه النسخة الجديدة من الفيلم الكلاسيكي، نرى دري يتعلم قوة الكونغ فو ويصارع من أجل الانتصار.",
  "desc_en": "In California, Dre learns self-defense against a bully by following the guidance of a humble Kung Fu master. With problems at school and home, Dre discovers that the power of Kung Fu can help him achieve his dream of defeating the bully. In this new version of the classic film, we see Dre learning the power of Kung Fu and fighting for victory.",
  "meta_desc": "واش غيفلت؟ اكتشف أحداث الإثارة في فيلم "الكرات كيد" مترجم اون لاين - توميتو",
  "seo_title_ar": "مشاهدة فيلم الكرات كيد مترجم اون لاين - توميتو",
  "keywords": "فيلم الكرات كيد مترجم, مشاهدة فيلم الكرات كيد",
  "opinion": "فيلم الكرات كيد هو فيلم رائع يحتوي على قصة رائعة مع عناصر الإثارة والكوميديا. يحتوي على عناصر الدراما والرومانسية مع عناصر الكونغ فو والقتال. في النهاية، ينجح الفيلم في إقناع المرء بالقوة والانتصار.",
  "faq": [
    {"q": "ما هو فيلم الكرات كيد؟", "a": "فيلم الكرات كيد هو فيلم رائع يحتوي على قصة رائعة مع عناصر الإثارة والكوميديا."},
    {"q": "ما هو الكونغ فو في فيلم الكرات كيد؟", "a": "في فيلم الكرات كيد، يتعلم دري الدفاع عن نفسه ضد متنمّر باتباع إرشادات معلّم كونغ فو متواضع."},
    {"q": "ما هو هدف دري في فيلم الكرات كيد؟", "a": "هدف دري في فيلم الكرات كيد هو الانتصار على المتنمّر والتحقيق بالحلم في الانتصار"}
  ]
}
JSON Parse error: Expecting ',' delimiter: line 4 column 57 (char 744)
AI failed to return valid JSON. Using fallbacks.
✅ Successfully updated: 38575.json
Refactoring AI Content for: الديناصور اللطيف...
✅ Successfully updated: 105864.json
Refactoring AI Content for: نهوض الحراس...
✅ Successfully updated: 81188.json
Refactoring AI Content for: الأسد الملك موفاسا...
✅ Successfully updated: 762509.json
Refactoring AI Content for: الماسة الزرقاء...
✅ Successfully updated: 24710.json
Refactoring AI Content for: Batman...
✅ Successfully updated: 2287.json
Refactoring AI Content for: Your Friends Neighbors...
✅ Successfully updated: 241609.json
Refactoring AI Content for: Fairy Tail 100 YEARS QUEST...
✅ Successfully updated: 248947.json
Refactoring AI Content for: رجل عامل...
✅ Successfully updated: 1197306.json
Refactoring AI Content for: أوغي والمشاكسون...
RAW RES: {
  "desc_ar": "يحاول القط "أوجي" الأزرق أن يلتزم برنامجه اليومي، ولكن دائمًا ما تزعجه الصراصير الثلاثة القبيحة التي اقتحمت منزله. في كل مرة، يجد نفسه في مواجهة مع هذه الصراصير التي تسبب له الكثير من المتاعب، ولكن أوجي لا يخسر الأمل، ويحاول دائمًا أن يلقي القبض عليهم.",
  "desc_en": "Oggy, the blue cat, tries to stick to his daily routine, but always finds himself in trouble due to the three cockroaches that have taken over his home. Every time, he finds himself facing these cockroaches that cause him a lot of trouble, but Oggy never gives up hope, and always tries to catch them.",
  "meta_desc": "واش غيفلت؟ اكتشف أحداث الإثارة مع أوغي والمشاكسون!",
  "seo_title_ar": "مشاهدة فيلم أوغي والمشاكسون مترجم اون لاين - توميتو",
  "keywords": "فيلم رسوم متحركة مترجم, مشاهدة فيلم كوميديا عائلي",
  "opinion": "هو فيلم رائع يمتلك الكثير من الفكاهة والتشويق، ويحاول دائمًا أن يلقي القبض عليهم، ولكن في النهاية، يفوز الأمل!",
  "faq": [
    {"q": "ما هو نوع أوغي والمشاكسون؟", "a": "هو فيلم رسوم متحركة كوميديا عائلي"},
    {"q": "ما هو موضوع أوغي والمشاكسون؟", "a": "يحكي قصة القط "أوجي" الأزرق والصراصير الثلاثة القبيحة"},
    {"q": "ما هو نوع الميديا في أوغي والمشاكسون؟", "a": "هو تلفزيون"}
  ]
}
JSON Parse error: Expecting ',' delimiter: line 2 column 27 (char 28)
AI failed to return valid JSON. Using fallbacks.
✅ Successfully updated: 2777.json
Refactoring AI Content for: Just Beyond...
✅ Successfully updated: 120734.json
Refactoring AI Content for: والاس وجروميت لعنة الأرنب المستذئب...
✅ Successfully updated: 533.json
Refactoring AI Content for: مكان هادئ...
✅ Successfully updated: 447332.json
Refactoring AI Content for: شيكاغو فاير...
✅ Successfully updated: 44006.json
Refactoring AI Content for: خمسون وجه من قراي...
✅ Successfully updated: 216015.json
Refactoring AI Content for: فردوس الجحيم...
✅ Successfully updated: 117465.json
Refactoring AI Content for: Blaze and the Monster Machines...
HuggingFace API Error: Server error '503 Service Temporarily Unavailable' for url 'https://router.huggingface.co/v1/chat/completions' (Amz CF ID: XtD-h0kPbQWAaLQnYmbreTN_r9HYe9kvYxPtutSHhonngBfD9cmYeg==)
For more information check: https://developer.mozilla.org/en-US/docs/Web/HTTP/Status/503
❌ HF API returned an empty response. Verify API Key limits or safety filters.
❌ Failed to generate valid AI content for: Blaze and the Monster Machines
Refactoring AI Content for: صرخة ٧...
RAW RES: {
  "desc_ar": "في بلدة هادئة، يظهر قاتل جديد يُدعى "غوستفيس"، مما يثير مخاوف سيدني بريسكوت، الذي يرى ابنتها الهدف التالي. يلزم سيدني مواجهة أهوال ماضيها لإنقاذ عائلتها من الموت، فيما يصير الموت والدمار قريباً.",
  "desc_en": "In a quiet town, a new killer appears, known as 'Ghostface', which raises the fears of Sidney Prescott, who sees her daughter as the next target. Sidney must face her past horrors to save her family from death, as death and destruction draw near.",
  "meta_desc": "واش غيفلت؟ اكتشف أحداث الإثارة في فيلم رعب غموض جريمة صرخة ٧",
  "seo_title_ar": "مشاهدة فيلم صرخة ٧ مترجم اون لاين - توميتو",
  "keywords": "فيلم رعب مترجم, مشاهدة فيلم رعب غموض جريمة",
  "opinion": "فيلم صرخة ٧ هو فيلم رعب غموض جريمة يخوفك ويركبك، مع قصة مألوفة ولكن مع أحداث إثارة تمنحك مزيلاً من الخوف والرعب.",
  "faq": [
    {"q": "ما هو فيلم صرخة ٧؟", "a": "فيلم رعب غموض جريمة يُدعى صرخة ٧، حيث يظهر قاتل جديد يُدعى "غوستفيس" في البلدة الهادئة."},
    {"q": "ما هو قاتل "غوستفيس"؟", "a": "قاتل "غوستفيس" هو قاتل جديد يظهر في البلدة الهادئة، يُدعى "غوستفيس"، ويخيف سيدني بريسكوت و عائلتها."},
    {"q": "ما هو فيلم صرخة ٧ عن؟", "a": "فيلم صرخة ٧ هو فيلم رعب غموض جريمة يُدعى صرخة ٧، حيث يظهر قاتل جديد يُدعى "غوستفيس" في البلدة الهادئة، ويخيف سيدني بريسكوت و عائلتها."}
  ]
}
JSON Parse error: Expecting ',' delimiter: line 2 column 52 (char 53)
AI failed to return valid JSON. Using fallbacks.
✅ Successfully updated: 1159559.json
Refactoring AI Content for: سكوبي دو واللغز المفقود...
✅ Successfully updated: 18123.json
Refactoring AI Content for: Teen Titans Go! To the Movies...
✅ Successfully updated: 474395.json
Refactoring AI Content for: إلى أبديتك...
RAW RES: {
  "desc_ar": "في عالم من العجائب، يصل المخلوق الغريب إلى الأرض، حيث يلتقي بشخصية شابة تدعى رين، ويبدأ في اكتشاف أسراره، ويحاول أن يفهم ما هو عليه، ويحاول أن يفهم ما هو عليه، ويحاول أن يفهم ما هو عليه، ويحاول أن يفهم ما هو عليه، ويحاول أن يفهم ما هو عليه، ويحاول أن يفهم ما هو عليه، ويحاول أن يفهم ما هو عليه، ويحاول أن يفهم ما هو عليه، ويحاول أن يفهم ما هو عليه، ويحاول أن يفهم ما هو عليه، ويحاول أن يفهم ما هو عليه، ويحاول أن يفهم ما هو عليه، ويحاول أن يفهم ما هو عليه، ويحاول أن يفهم ما هو عليه، ويحاول أن يفهم ما هو عليه، ويحاول أن يفهم ما هو عليه، ويحاول أن يفهم ما هو عليه، ويحاول أن يفهم ما هو عليه، ويحاول أن يفهم ما هو عليه، ويحاول أن يفهم ما هو عليه، ويحاول أن يفهم ما هو عليه، ويحاول أن يفهم ما هو عليه، ويحاول أن يفهم ما هو عليه، ويحاول أن يفهم ما هو عليه، ويحاول أن يفهم ما هو عليه، ويحاول أن يفهم ما هو عليه، ويحاول أن يفهم ما هو عليه، ويحاول أن يفهم ما هو عليه، ويحاول أن يفهم ما هو عليه، ويحاول أن يفهم ما هو عليه، ويحاول أن يفهم ما هو عليه، ويحاول أن يفهم ما هو عليه، ويحاول أن يفهم ما هو عليه، ويحاول أن يفهم ما هو عليه، ويحاول أن يفهم ما هو عليه، ويحاول أن يفهم ما هو عليه، ويحاول أن يفهم ما هو عليه، ويحاول أن يفهم ما هو عليه، ويحاول أن يفهم ما هو عليه، ويحاول أن يفهم ما هو عليه، ويحاول أن يفهم ما هو عليه، ويحاول أن يفهم ما هو عليه، ويحاول أن يفهم ما هو عليه، ويحاول أن يفهم ما هو عليه، ويحاول أن يفهم ما هو عليه، ويحاول أن يفهم ما هو عليه، ويحاول أن يفهم ما هو عليه، ويحاول أن يفهم ما هو عليه، ويحاول أن يفهم ما هو عليه، ويحاول أن يفهم ما هو عليه، ويحاول أن يفهم ما هو عليه، ويحاول أن يفهم ما هو عليه، ويحاول أن يفهم ما هو عليه، ويحاول أن يفهم ما هو عليه، ويحاول أن يفهم ما هو عليه، ويحاول أن يفهم ما هو عليه، ويحاول أن يفهم ما هو عليه، ويحاول أن يفهم ما هو عليه، ويحاول أن يفهم ما هو عليه، ويحاول أن يفهم ما هو عليه، ويحاول أن يفهم ما هو عليه، ويحاول أن يفهم ما هو عليه، ويحاول أن يفهم ما هو عليه، ويحاول أن يفهم ما هو عليه، ويحاول أن يفهم ما هو عليه، ويحاول أن يفهم ما هو عليه، ويحاول أن يفهم ما هو عليه، ويحاول أن يفهم ما هو عليه، ويحاول أن يفهم ما هو عليه، ويحاول أن يفهم ما هو عليه، ويحاول أن يفهم ما هو عليه، ويحاول أن يفهم ما هو عليه، ويحاول أن يفهم ما هو عليه، ويحاول أن يفهم ما هو عليه، ويحاول أن يفهم ما هو عليه، ويحاول أن يفهم ما هو عليه، ويحاول أن يفهم ما هو عليه، ويحاول أن يفهم ما هو عليه، ويحاول أن يفهم ما هو عليه، ويحاول أن يفهم ما هو عليه، ويحاول أن يفهم ما هو عليه، ويحاول أن يفهم ما هو عليه، ويحاول أن يفهم ما هو عليه، ويحاول أن يفهم ما هو عليه، ويحاول أن يفهم ما هو عليه، ويحاول أن يفهم ما هو عليه، ويحاول أن يفهم ما هو عليه، ويحاول أن يفهم ما هو عليه، ويحاول أن يف
JSON Parse error: Unterminated string starting at: line 2 column 14 (char 15)
AI failed to return valid JSON. Using fallbacks.
✅ Successfully updated: 97525.json
Refactoring AI Content for: بالرينا...
✅ Successfully updated: 541671.json
Refactoring AI Content for: ساعة ألفريد هيتشكوك...
✅ Successfully updated: 21728.json
Refactoring AI Content for: فورمولا 1...
✅ Successfully updated: 911430.json
Refactoring AI Content for: ميغان...
✅ Successfully updated: 536554.json
Refactoring AI Content for: مجندون جدد في المارينز...
✅ Successfully updated: 225647.json
Refactoring AI Content for: سندريلا...
✅ Successfully updated: 11224.json
Refactoring AI Content for: Dr. Romantic...
✅ Successfully updated: 68398.json
Refactoring AI Content for: التاج المثالي...
✅ Successfully updated: 278573.json
Refactoring AI Content for: Father Brown...
✅ Successfully updated: 61511.json
Refactoring AI Content for: إلى الوحوش التي كانت ذات يوم آلهة...
✅ Successfully updated: 88051.json
Refactoring AI Content for: STAR DRIVER...
✅ Successfully updated: 37101.json
Refactoring AI Content for: Cross Fire...
✅ Successfully updated: 106227.json
Refactoring AI Content for: Spy...
✅ Successfully updated: 238713.json
Refactoring AI Content for: Baron Noir...
✅ Successfully updated: 65430.json
Refactoring AI Content for: مملكة كوكب القرود...
✅ Successfully updated: 653346.json
Refactoring AI Content for: Over Your Dead Body...
✅ Successfully updated: 1390300.json
Refactoring AI Content for: Diomedes, el Cacique de La Junta...
✅ Successfully updated: 66398.json
Refactoring AI Content for: White Collar...
✅ Successfully updated: 21510.json
Refactoring AI Content for: Watch What Happens Live with Andy Cohen...
RAW RES: {
  "desc_ar": "في ليلة حارة، يلقي اندي كوهن حواراً ساخناً مع ضيوفه الذين يشاركون في الأحداث الإثارة، ويحكى قصصاً مدهشة، ويحكى قصصاً مدهشة، ويحكى قصصاً مدهشة، ويحكى قصصاً مدهشة، ويحكى قصصاً مدهشة، ويحكى قصصاً مدهشة، ويحكى قصصاً مدهشة، ويحكى قصصاً مدهشة، ويحكى قصصاً مدهشة، ويحكى قصصاً مدهشة، ويحكى قصصاً مدهشة، ويحكى قصصاً مدهشة، ويحكى قصصاً مدهشة، ويحكى قصصاً مدهشة، ويحكى قصصاً مدهشة، ويحكى قصصاً مدهشة، ويحكى قصصاً مدهشة، ويحكى قصصاً مدهشة، ويحكى قصصاً مدهشة، ويحكى قصصاً مدهشة، ويحكى قصصاً مدهشة، ويحكى قصصاً مدهشة، ويحكى قصصاً مدهشة، ويحكى قصصاً مدهشة، ويحكى قصصاً مدهشة، ويحكى قصصاً مدهشة، ويحكى قصصاً مدهشة، ويحكى قصصاً مدهشة، ويحكى قصصاً مدهشة، ويحكى قصصاً مدهشة، ويحكى قصصاً مدهشة، ويحكى قصصاً مدهشة، ويحكى قصصاً مدهشة، ويحكى قصصاً مدهشة، ويحكى قصصاً مدهشة، ويحكى قصصاً مدهشة، ويحكى قصصاً مدهشة، ويحكى قصصاً مدهشة، ويحكى قصصاً مدهشة، ويحكى قصصاً مدهشة، ويحكى قصصاً مدهشة، ويحكى قصصاً مدهشة، ويحكى قصصاً مدهشة، ويحكى قصصاً مدهشة، ويحكى قصصاً مدهشة، ويحكى قصصاً مدهشة، ويحكى قصصاً مدهشة، ويحكى قصصاً مدهشة، ويحكى قصصاً مدهشة، ويحكى قصصاً مدهشة، ويحكى قصصاً مدهشة، ويحكى قصصاً مدهشة، ويحكى قصصاً مدهشة، ويحكى قصصاً مدهشة، ويحكى قصصاً مدهشة، ويحكى قصصاً مدهشة، ويحكى قصصاً مدهشة، ويحكى قصصاً مدهشة، ويحكى قصصاً مدهشة، ويحكى قصصاً مدهشة، ويحكى قصصاً مدهشة، ويحكى قصصاً مدهشة، ويحكى قصصاً مدهشة، ويحكى قصصاً مدهشة، ويحكى قصصاً مدهشة، ويحكى قصصاً مدهشة، ويحكى قصصاً مدهشة، ويحكى قصصاً مدهشة، ويحكى قصصاً مدهشة، ويحكى قصصاً مدهشة، ويحكى قصصاً مدهشة، ويحكى قصصاً مدهشة، ويحكى قصصاً مدهشة، ويحكى قصصاً مدهشة، ويحكى قصصاً مدهشة، ويحكى قصصاً مدهشة، ويحكى قصصاً مدهشة، ويحكى قصصاً مدهشة، ويحكى قصصاً مدهشة، ويحكى قصصاً مدهشة، ويحكى قصصاً مدهشة، ويحكى قصصا
JSON Parse error: Unterminated string starting at: line 2 column 14 (char 15)
AI failed to return valid JSON. Using fallbacks.
✅ Successfully updated: 22980.json
Refactoring AI Content for: Magnum, P.I....
✅ Successfully updated: 734.json
Refactoring AI Content for: ول ترينت...
✅ Successfully updated: 208569.json
Refactoring AI Content for: سبارتاكوس: بيت آشور...
RAW RES: {
  "desc_ar": "في عالم النجا، شق آشور طريقه بصعوبة إلى السلطة، ممتلكًا نفس مدرسة الفنون القتالية التي كانت تملكه سابقًا. وبتحالفه مع مصارعة شرسة، أشعل آشور نوعًا جديدًا من الاستعراضات التي أغضبت النخبة. من خلال هذه الرحلة، ستحقق آشور النجاح والفشل، لكنها ستعلمنا أن النجاح لا يأتي إلا بالقتال والشجاعة.",
  "desc_en": "In the world of Spartacus, Ashur's path to power is fraught with difficulty, as he possesses the same martial arts school that he once did. With his partnership with a ruthless fighter, Ashur ignites a new type of confrontations that infuriate the elite. Through this journey, Ashur will achieve success and failure, but it will teach us that success only comes through struggle and courage.",
  "meta_desc": "واش غيفلت؟ اكتشف أحداث الإثارة في سبارتاكوس: بيت آشور - دراما حركة ومغامرة!",
  "seo_title_ar": "مشاهدة فيلم سبارتاكوس: بيت آشور مترجم اون لاين - توميتو",
  "keywords": "فيلم سبارتاكوس مترجم, مشاهدة فيلم دراما حركة ومغامرة",
  "opinion": "هو فيلم رائع يجمع بين الدراما والحركة، مع قصة رائعة تثير الإثارة والشغف. يحتوي على مشاهد قتالية رائعة، ولكنها ليست فقط قتالية، بل هي أيضاً قصة عن النجاح والفشل، والشجاعة والقتال.",
  "faq": [
    {"q": "ما هو سبارتاكوس: بيت آشور؟", "a": "هو فيلم دراما حركة ومغامرة رائع يجمع بين الدراما والحركة، مع قصة رائعة تثير الإثارة والشغف."},
    {"q": "ما هو نوع سبارتاكوس: بيت آشور؟", "a": "هو فيلم دراما حركة ومغامرة رائع يحتوي على مشاهد قتالية رائعة، ولكنها ليست فقط قتالية، بل هي أيضاً قصة عن النجاح والفشل، والشجاعة والقتال."},
    {"q": "ما هو المخرج سبارتاكوس: بيت آشور؟", "a": "هو فيلم رائع يجمع بين الدراما والحركة، مع قصة رائعة تثير الإثارة والشغف، ولكننا لم نreceives أي معلومات عن المخرج"}
}
JSON Parse error: Expecting ',' delimiter: line 12 column 1 (char 1662)
AI failed to return valid JSON. Using fallbacks.
✅ Successfully updated: 240459.json
Refactoring AI Content for: Tsurune...
✅ Successfully updated: 83314.json
Refactoring AI Content for: Overflow...
✅ Successfully updated: 95897.json
Refactoring AI Content for: من باريس مع حبي...
✅ Successfully updated: 26389.json
Refactoring AI Content for: Faces...
✅ Successfully updated: 753.json
Refactoring AI Content for: Dark Harvest...
✅ Successfully updated: 675531.json
Refactoring AI Content for: Good Night, and Good Luck....
✅ Successfully updated: 3291.json
Refactoring AI Content for: فندق ترانسلفانيا 3 إجازة صيفية...
✅ Successfully updated: 400155.json
Refactoring AI Content for: ليغو نينجاوي : أسياد السبيجيتزو...
✅ Successfully updated: 38693.json
Refactoring AI Content for: Boo!...
✅ Successfully updated: 9165.json
Refactoring AI Content for: Guiding Light...
✅ Successfully updated: 875.json
Refactoring AI Content for: ساحر أوز...
✅ Successfully updated: 630.json
Refactoring AI Content for: Killing Eve...
✅ Successfully updated: 72750.json
Refactoring AI Content for: 101 مئة مرقش ومرقش...
✅ Successfully updated: 11674.json
Refactoring AI Content for: El internado...
✅ Successfully updated: 4743.json
Refactoring AI Content for: كابتن أمريكا وجندي الشتاء...
✅ Successfully updated: 100402.json
Refactoring AI Content for: الشيء...
✅ Successfully updated: 346364.json
Refactoring AI Content for: فيوريوسا: ملحمة ماد ماكس...
✅ Successfully updated: 786892.json
Refactoring AI Content for: Mission: Yozakura Family...
RAW RES: {
  "desc_ar": "في عالم من المغامرة والكوميديا، يأخذنا فيلم رسوم متحركة "مهمة عائلة يوزاكورا" على رحلة ممتعة مع عائلة يوزاكورا، التي تتميز ببراعتهما في المهمات واللعب. مع كل مهمة جديدة، يتعرضون لخतरات جديدة، ولكنهم يتعاملون بها ببراعة وذكاء. سوف نرى كيف يتعاملون مع الأزمات والتحديات في هذه الرحلة الممتعة.",
  "desc_en": "In a world of adventure and comedy, the animated film "Mission: Yozakura Family" takes us on a thrilling journey with the Yozakura family, known for their exceptional skills in missions and play. With each new mission, they face new challenges, but they handle them with bravery and intelligence. We will see how they deal with crises and challenges in this exciting journey.",
  "meta_desc": "واش غيفلت؟ اكتشف أحداث الإثارة في فيلم رسوم متحركة "مهمة عائلة يوزاكورا"!",
  "seo_title_ar": "مشاهدة فيلم مهمة عائلة يوزاكورا مترجم اون لاين - توميتو",
  "keywords": "فيلم رسوم متحركة مترجم, مشاهدة فيلم رسوم متحركة",
  "opinion": "هذا الفيلم هو مثال رائع لما يمكن أن يفعله رسوم متحركة عندما تتميز بالكوميديا والحركة والمغامرة. السرد والشخصيات والقصة كلها ممتازة، مما يجعله فيلماً ممتعاً لجميع ages.",
  "faq": [
    {"q": "ما هو نوع فيلم مهمة عائلة يوزاكورا؟", "a": "هو فيلم رسوم متحركة"},
    {"q": "ما هي أسباب مشاهدة فيلم مهمة عائلة يوزاكورا؟", "a": "لأنه فيلم ممتع يجمع بين الكوميديا والحركة والمغامرة"},
    {"q": "ما هو نوع الأحداث في فيلم مهمة عائلة يوزاكورا؟", "a": "هو فيلم مغامرة يحتوي على أحداث ممتعة والكوميديا والحركة"}
  ]
}
JSON Parse error: Expecting ',' delimiter: line 2 column 72 (char 73)
AI failed to return valid JSON. Using fallbacks.
✅ Successfully updated: 216467.json
Refactoring AI Content for: Horimiya...
✅ Successfully updated: 110070.json
Refactoring AI Content for: جامعة المرعبين...
✅ Successfully updated: 62211.json
Refactoring AI Content for: Yemin...
✅ Successfully updated: 7723.json
Refactoring AI Content for: المعادل 3...
✅ Successfully updated: 926393.json
Refactoring AI Content for: العراب : الجزء الثالث...
✅ Successfully updated: 242.json
Refactoring AI Content for: Bread...
✅ Successfully updated: 11563.json
Refactoring AI Content for: The Capture...
RAW RES: {
  "desc_ar": "في عالم النetworking، حيث يلعب كل شخص دوراً في-game، يتعرض رجل الأعمال الشهير، ديفيد، لخطف من قبل مجهولين، الذين يطلبون منهم أن يلعبوا دوراً في-game، ويجبرونهم على أن يلعبوا دوراً في-game، ويجبرونهم على أن يلعبوا دوراً في-game، ويجبرونهم على أن يلعبوا دوراً في-game، ويجبرونهم على أن يلعبوا دوراً في-game، ويجبرونهم على أن يلعبوا دوراً في-game، ويجبرونهم على أن يلعبوا دوراً في-game، ويجبرونهم على أن يلعبوا دوراً في-game، ويجبرونهم على أن يلعبوا دوراً في-game، ويجبرونهم على أن يلعبوا دوراً في-game، ويجبرونهم على أن يلعبوا دوراً في-game، ويجبرونهم على أن يلعبوا دوراً في-game، ويجبرونهم على أن يلعبوا دوراً في-game، ويجبرونهم على أن يلعبوا دوراً في-game، ويجبرونهم على أن يلعبوا دوراً في-game، ويجبرونهم على أن يلعبوا دوراً في-game، ويجبرونهم على أن يلعبوا دوراً في-game، ويجبرونهم على أن يلعبوا دوراً في-game، ويجبرونهم على أن يلعبوا دوراً في-game، ويجبرونهم على أن يلعبوا دوراً في-game، ويجبرونهم على أن يلعبوا دوراً في-game، ويجبرونهم على أن يلعبوا دوراً في-game، ويجبرونهم على أن يلعبوا دوراً في-game، ويجبرونهم على أن يلعبوا دوراً في-game، ويجبرونهم على أن يلعبوا دوراً في-game، ويجبرونهم على أن يلعبوا دوراً في-game، ويجبرونهم على أن يلعبوا دوراً في-game، ويجبرونهم على أن يلعبوا دوراً في-game، ويجبرونهم على أن يلعبوا دوراً في-game، ويجبرونهم على أن يلعبوا دوراً في-game، ويجبرونهم على أن يلعبوا دوراً في-game، ويجبرونهم على أن يلعبوا دوراً في-game، ويجبرونهم على أن يلعبوا دوراً في-game، ويجبرونهم على أن يلعبوا دوراً في-game، ويجبرونهم على أن يلعبوا دوراً في-game، ويجبرونهم على أن يلعبوا دوراً في-game، ويجبرونهم على أن يلعبوا دوراً في-game، ويجبرونهم على أن يلعبوا دوراً في-game، ويجبرونهم على أن يلعبوا دوراً في-game، ويجبرونهم على أن يلعبوا دوراً في-game، ويجبرونهم على أن يلعبوا دوراً في-game، ويجبرونهم على أن يلعبوا دوراً في-game، ويجبرونهم على أن يلعبوا دوراً في-game، ويجبرونهم على أن يلعبوا دوراً في-game، ويجبرونهم على أن يلعبوا دوراً في-game، ويجبرونهم على أن يلعبوا دوراً في-game، ويجبرونهم على أن يلعبوا دوراً في-game، ويجبرونهم على أن يلعبوا دوراً في-game، ويجبرونهم على أن يلعبوا دوراً في-game، ويجبرونهم على أن يلعبوا دوراً في-game، ويجبرونهم على أن يلعبوا دوراً في-game، ويجبرونهم على أن يلعبوا دوراً في-game، ويجبرونهم على أن يلعبوا دوراً في-game، ويجبرونهم على أن يلعبوا دوراً في-game، ويجبرونهم على أن يلعبوا دوراً في-game، ويجبرونهم على أن يلعبوا دوراً في-game، ويجبرونهم على أن يلعبوا دوراً في-game، ويجبرونهم
JSON Parse error: Unterminated string starting at: line 2 column 14 (char 15)
AI failed to return valid JSON. Using fallbacks.
✅ Successfully updated: 93166.json
Refactoring AI Content for: Melody Makers...
✅ Successfully updated: 479197.json
Refactoring AI Content for: سائق سيارة أجرة...
RAW RES: {
  "desc_ar": "تدور احداث مسلسل سائق سيارة أجرة عن كيم دو كي خريج الأكاديمية البحرية قُتلت والدته على يد قاتل متسلسل وتغيرت حياته بعد ذلك. كيم دو كي يعمل الآن كسائق تاكسي لصالح شركة “رينبو تاكسي” التي تقوم بتقديم خدمة خاصة تسمى “دعوة للانتقام”.",
  "desc_en": "The story of Taxi Driver follows Kim Do-ki, a graduate of the naval academy, whose mother was brutally murdered by a serial killer, and his life changed after that. Kim Do-ki is now working as a taxi driver for the "Rainbow Taxi" company, which provides a special service called "Invitation to Revenge".",
  "meta_desc": "واش غيفلت؟ اكتشف أحداث الإثارة في مسلسل سائق سيارة أجرة!",
  "seo_title_ar": "مشاهدة فيلم سائق سيارة أجرة مترجم اون لاين - توميتو",
  "keywords": "فيلم سائق سيارة أجرة مترجم, مشاهدة فيلم سائق سيارة أجرة",
  "opinion": "مسلسل سائق سيارة أجرة هو واحدة من أفضل المسلسلات التي شاهدناها، فهو يجمع بين الحركة والمغامرة والدراما، ويحملنا على رحلة ممتعة مع كيم دو كي.",
  "faq": [
    {"q": "ما هو موضوع مسلسل سائق سيارة أجرة؟", "a": "يتناول المسلسل قصة كيم دو كي الذي يعمل كسائق تاكسي بعد أن قتلت والدته على يد قاتل متسلسل."},
    {"q": "ما هو نوع مسلسل سائق سيارة أجرة؟", "a": "يتناول مسلسل سائق سيارة أجرة أنواعاً مثل الحركة والمغامرة والدراما."},
    {"q": "ما هو اسم شركة سائق سيارة أجرة؟", "a": "شركة سائق سيارة أجرة هي شركة “رينبو تاكسي” التي تقوم بتقديم خدمة خاصة تسمى “دعوة للانتقام”."}
  ]
}
JSON Parse error: Expecting ',' delimiter: line 3 column 231 (char 478)
AI failed to return valid JSON. Using fallbacks.
✅ Successfully updated: 119769.json
Refactoring AI Content for: طعم يلاس...
✅ Successfully updated: 30020.json
Refactoring AI Content for: The Ten Commandments...
✅ Successfully updated: 6844.json
Refactoring AI Content for: T. J. Hooker...
✅ Successfully updated: 1059.json
Refactoring AI Content for: Los tres chiflados...
✅ Successfully updated: 255343.json
Refactoring AI Content for: Automan...
✅ Successfully updated: 12751.json
Refactoring AI Content for: Groland...
✅ Successfully updated: 29667.json
Refactoring AI Content for: المهمة: المستحيلة...
✅ Successfully updated: 954.json
Refactoring AI Content for: Pet...
✅ Successfully updated: 353979.json
Refactoring AI Content for: Falcon Express...
✅ Successfully updated: 1107216.json
Refactoring AI Content for: الوحش...
✅ Successfully updated: 30981.json
Refactoring AI Content for: القانون ونظام...
✅ Successfully updated: 549.json
Refactoring AI Content for: كثيب...
✅ Successfully updated: 438631.json
Refactoring AI Content for: ......
✅ Successfully updated: 57627.json
Refactoring AI Content for: هاري بوتر وجماعة العنقاء...
✅ Successfully updated: 675.json
Refactoring AI Content for: Cool Runnings...
✅ Successfully updated: 864.json
Refactoring AI Content for: Pittsburgh Penguins Greatest Games...
✅ Successfully updated: 301738.json
Refactoring AI Content for: This Is It...
✅ Successfully updated: 13576.json
Refactoring AI Content for: Good Girls...
✅ Successfully updated: 71715.json
Refactoring AI Content for: ألعاب الجوع: أنشودة الطيور المغردة والثعابين...
✅ Successfully updated: 695721.json
Refactoring AI Content for: فيلم ماينكرافت...
✅ Successfully updated: 950387.json
Refactoring AI Content for: الوحش الثامن...
✅ Successfully updated: 207468.json
Refactoring AI Content for: الصرخة...
✅ Successfully updated: 4232.json
Refactoring AI Content for: ذا بير...
✅ Successfully updated: 136315.json
Refactoring AI Content for: Wolfwalkers...
✅ Successfully updated: 441130.json
Refactoring AI Content for: نهوض فارس الظلام...
✅ Successfully updated: 49026.json
Refactoring AI Content for: رأفت الهجان...
✅ Successfully updated: 90674.json
Refactoring AI Content for: غضب...
✅ Successfully updated: 228150.json
Refactoring AI Content for: Sitting Ducks...
✅ Successfully updated: 7579.json
Refactoring AI Content for: Archer...
RAW RES: {
  "desc_ar": "في عالم المخابرات، يلعب آرشر دور المaverick، الذي يلعب دور المaverick، ويحاول أن يلعب دور المaverick، ويحاول أن يلعب دور المaverick، ويحاول أن يلعب دور المaverick، ويحاول أن يلعب دور المaverick، ويحاول أن يلعب دور المaverick، ويحاول أن يلعب دور المaverick، ويحاول أن يلعب دور المaverick، ويحاول أن يلعب دور المaverick، ويحاول أن يلعب دور المaverick، ويحاول أن يلعب دور المaverick، ويحاول أن يلعب دور المaverick، ويحاول أن يلعب دور المaverick، ويحاول أن يلعب دور المaverick، ويحاول أن يلعب دور المaverick، ويحاول أن يلعب دور المaverick، ويحاول أن يلعب دور المaverick، ويحاول أن يلعب دور المaverick، ويحاول أن يلعب دور المaverick، ويحاول أن يلعب دور المaverick، ويحاول أن يلعب دور المaverick، ويحاول أن يلعب دور المaverick، ويحاول أن يلعب دور المaverick، ويحاول أن يلعب دور المaverick، ويحاول أن يلعب دور المaverick، ويحاول أن يلعب دور المaverick، ويحاول أن يلعب دور المaverick، ويحاول أن يلعب دور المaverick، ويحاول أن يلعب دور المaverick، ويحاول أن يلعب دور المaverick، ويحاول أن يلعب دور المaverick، ويحاول أن يلعب دور المaverick، ويحاول أن يلعب دور المaverick، ويحاول أن يلعب دور المaverick، ويحاول أن يلعب دور المaverick، ويحاول أن يلعب دور المaverick، ويحاول أن يلعب دور المaverick، ويحاول أن يلعب دور المaverick، ويحاول أن يلعب دور المaverick، ويحاول أن يلعب دور المaverick، ويحاول أن يلعب دور المaverick، ويحاول أن يلعب دور المaverick، ويحاول أن يلعب دور المaverick، ويحاول أن يلعب دور المaverick، ويحاول أن يلعب دور المaverick، ويحاول أن يلعب دور المaverick، ويحاول أن يلعب دور المaverick، ويحاول أن يلعب دور المaverick، ويحاول أن يلعب دور المaverick، ويحاول أن يلعب دور المaverick، ويحاول أن يلعب دور المaverick، ويحاول أن يلعب دور المaverick، ويحاول أن يلعب دور المaverick، ويحاول أن يلعب دور المaverick، ويحاول أن يلعب دور المaverick، ويحاول أن يلعب دور المaverick، ويحاول أن يلعب دور المaverick، ويحاول أن يلعب دور المaverick، ويحاول أن يلعب دور المaverick، ويحاول أن يلعب دور المaverick، ويحاول أن يلعب دور المaverick، ويحاول أن يلعب دور المaverick، ويحاول أن يلعب دور المaverick، ويحاول أن يلعب دور المaverick، ويحاول أن يلعب دور المaverick، ويحاول أن يلعب دور المaverick، ويحاول أن يلعب دور المaverick، ويحاول أن يلعب دور المaverick، ويحاول أن يلعب دور المaverick، ويحاول أن يلعب دور المaverick، ويحاول أن يلعب دور المaverick، ويحاول أن يلعب دور المaverick، ويحاول أن يلعب دور المaverick، ويحاول أن يلعب دور المaverick، ويحاول أن يلعب دور المaverick، ويحاول أن يلعب دور المaverick، ويحاول أن يلعب دور المaverick، ويحاول أن يلعب دور المaverick، ويحاول أن يلعب دور المaverick، ويحاول أن يلعب دور المaverick، ويحاول أن يلعب دور المaverick، ويحاول أن يلعب دور المaverick، ويحاول أن يلعب دور المaverick، ويحاول أن يلعب دور
JSON Parse error: Unterminated string starting at: line 2 column 14 (char 15)
AI failed to return valid JSON. Using fallbacks.
✅ Successfully updated: 10283.json
Refactoring AI Content for: Knight Rider...
✅ Successfully updated: 2384.json
Refactoring AI Content for: Cousin, Cousine...
✅ Successfully updated: 5618.json
Refactoring AI Content for: Caligola...
✅ Successfully updated: 9453.json
Refactoring AI Content for: Koniec gry...
✅ Successfully updated: 425577.json
Refactoring AI Content for: ...
✅ Successfully updated: 234691.json
Refactoring AI Content for: Desperate Housewives...
✅ Successfully updated: 693.json
Refactoring AI Content for: يوغي اوه مبارزة الوحوش...
✅ Successfully updated: 902.json
Refactoring AI Content for: الولاء...
✅ Successfully updated: 653851.json
Refactoring AI Content for: مدغشقر بطاريق مدغشقر...
✅ Successfully updated: 270946.json
Refactoring AI Content for: سوبرمان...
✅ Successfully updated: 1061474.json
Refactoring AI Content for: Uzushio...
✅ Successfully updated: 209431.json
Refactoring AI Content for: El da menos pensado...
✅ Successfully updated: 99312.json
Refactoring AI Content for: Guinea Pig: Devils Experiment...
✅ Successfully updated: 18334.json
Refactoring AI Content for: Oscar Shaw...
✅ Successfully updated: 1601243.json
Refactoring AI Content for: Agatha Christies Poirot...
✅ Successfully updated: 790.json
Refactoring AI Content for: الخادمة...
✅ Successfully updated: 1368166.json
Refactoring AI Content for: المنظمة...
✅ Successfully updated: 119806.json
Refactoring AI Content for: 8 أميال...
RAW RES: {
  "desc_ar": "في مدينة ديترويت عام 1995، يقسم طريق 8 أميال المدينة إلى نصفين على طول الخطوط العرقية. جيمي "بي رابيت" سميث جونيور، مغني الراب الأبيض الشاب، يجد نفسه مقيدًا داخل نفسه لعبور هذه الحدود العشوائية لتحقيق حلمه في النجاح في موسيقى الهيب هوب، مع وجود صديقه في المستقبل والثلث الثلاثة في مكانه.",
  "desc_en": "In Detroit in 1995, the 8 Mile road divides the city into two halves along racial lines. Jimmy 'B-Rabbit' Smith Jr., a young white rapper, finds himself confined inside himself to cross these chaotic boundaries to achieve his dream of success in hip-hop music, with his friend in the future and the three-quarters in his place.",
  "meta_desc": "واش غيفلت؟ اكتشف أحداث الإثارة في فيلم 8 أميال مترجم اون لاين!",
  "seo_title_ar": "مشاهدة فيلم 8 أميال مترجم اون لاين - توميتو",
  "keywords": "فيلم 8 أميال مترجم, مشاهدة فيلم 8 أميال",
  "opinion": "هذا الفيلم هو تحفة فنية رائعة، حيث يتعامل مع قضايا عرقية و 社ية في مدينة ديترويت، ويحكي قصة راب يريد أن ينجح في موسيقى الهيب هوب.",
  "faq": [
    {"q": "ما هو فيلم 8 أميال؟", "a": "هو فيلم دراما وموسيقى يروي قصة راب يريد أن ينجح في موسيقى الهيب هوب."},
    {"q": "ما هو هدف جيمي في فيلم 8 أميال؟", "a": "هدف جيمي هو تحقيق حلمه في النجاح في موسيقى الهيب هوب."},
    {"q": "ما هو نوع فيلم 8 أميال؟", "a": "هو فيلم دراما وموسيقى"}
  ]
}
JSON Parse error: Expecting ',' delimiter: line 2 column 108 (char 109)
AI failed to return valid JSON. Using fallbacks.
✅ Successfully updated: 65.json
Refactoring AI Content for: Elementary...
✅ Successfully updated: 1415.json
Refactoring AI Content for: Exorcist II: The Heretic...
✅ Successfully updated: 11586.json
Refactoring AI Content for: جريمة في النعيم...
✅ Successfully updated: 245927.json
Refactoring AI Content for: Braquo...
✅ Successfully updated: 37363.json
Refactoring AI Content for: Scrubs...
✅ Successfully updated: 295778.json
Refactoring AI Content for: Oceans Eleven...
✅ Successfully updated: 161.json
Refactoring AI Content for: Meet Joe Black...
✅ Successfully updated: 297.json
Refactoring AI Content for: فريد...
✅ Successfully updated: 210865.json
Refactoring AI Content for: The Following...
RAW RES: {
  "desc_ar": "في عالم النetworking، تكتشف مجموعة من الأصدقاء أنهم مرتبطون ببعضهم البعض أكثر مما يظنون، عندما يكتشفون أنهم مرتبطون بcrime syndicate، يصعدون من أجل الحق والعدل، في عالم مليء بالغموض والخطر.",
  "desc_en": "In the world of networking, a group of friends discover that they are more connected than they think, when they discover that they are linked to a crime syndicate, they rise up for justice and righteousness, in a world full of mystery and danger.",
  "meta_desc": "واش غيفلت؟ اكتشف أحداث الإثارة في فيلم الجريمة والدراما",
  "seo_title_ar": "مشاهدة فيلم "الآتي" مترجم اون لاين - توميتو",
  "keywords": "فيلم الجريمة مترجم, مشاهدة فيلم الدراما",
  "opinion": "هو فيلم رائع يلقي بظلاله على عالم النetworking، ويبرز القوة والشجاعة الإنسانية في مواجهة الخطر.",
  "faq": [
    {"q": "ما هو فيلم "الآتي"؟", "a": "هو فيلم جريمة دراما يتبع قصة مجموعة من الأصدقاء الذين يكتشفون أنهم مرتبطون بcrime syndicate."},
    {"q": "ما هو نوع فيلم "الآتي"؟", "a": "هو فيلم تلفزيوني من نوع جريمة ودراما."},
    {"q": "ما هو أفضل شيء في فيلم "الآتي"؟", "a": "هو قصة المجموعة والشجاعة الإنسانية في مواجهة الخطر، بالإضافة إلى التوتر والغموض في القصة."}
  ]
}
JSON Parse error: Expecting ',' delimiter: line 5 column 33 (char 577)
AI failed to return valid JSON. Using fallbacks.
✅ Successfully updated: 45094.json
Refactoring AI Content for: Apex Legends...
✅ Successfully updated: 299141.json
Refactoring AI Content for: خارق للطبيعة...
✅ Successfully updated: 1622.json
Refactoring AI Content for: الفايكنج...
✅ Successfully updated: 44217.json
Refactoring AI Content for: Freddys Nightmares...
✅ Successfully updated: 4346.json
Refactoring AI Content for: Lethal Weapon...
✅ Successfully updated: 941.json
Refactoring AI Content for: المنيع...
✅ Successfully updated: 95557.json
Refactoring AI Content for: باتمان...
✅ Successfully updated: 414906.json
Refactoring AI Content for: الصواعق...
✅ Successfully updated: 986056.json
Refactoring AI Content for: إخوتي...
✅ Successfully updated: 119267.json
Refactoring AI Content for: العملاق...
✅ Successfully updated: 67384.json
Refactoring AI Content for: الأسطورة...
RAW RES: {
  "desc_ar": "في عالم الجريمة في لندن في 1960s، يبدآن التوأين ريجي وروني في ترك بصماتهما، باستخدام العنف للحصول على ما يريدون. مع محقق الشرطة ليونارد "نيبر" قراءة ساخنة على أعقابهم، يواصل الأخوان صعودهم السريع إلى السلطة وتحقيق سمعة سيئة في التابلويد.",
  "desc_en": "In the crime-ridden world of 1960s London, twin brothers Reggie and Ronnie begin to leave their mark, using violence to get what they want. With Detective Inspector Leonard 'Nipper' reading the riot act on their heels, the brothers continue their rapid ascent to power and notoriety in the tabloids.",
  "meta_desc": "واش غيفلت؟ اكتشف أحداث الإثارة في الأسطورة",
  "seo_title_ar": "مشاهدة فيلم الأسطورة مترجم اون لاين - توميتو",
  "keywords": "فيلم جريمة مترجم, مشاهدة فيلم إثارة",
  "opinion": "هو فيلم رائع يلقي بظلاله على عالم الجريمة في لندن في 1960s، ويأخذك في رحلة ممتعة مع الأخوان التوأم ريجي وروني.",
  "faq": [
    {"q": "ما هو الأسطورة؟", "a": "هو فيلم جريمة إثارة يروي قصة التوأين ريجي وروني في لندن في 1960s"},
    {"q": "ما هو نوع الأسطورة؟", "a": "هو فيلم جريمة إثارة"},
    {"q": "ما هو أفضل ما في الأسطورة؟", "a": "هو قصة ممتعة وصور سينمائية رائعة"}
  ]
}
JSON Parse error: Expecting ',' delimiter: line 2 column 152 (char 153)
AI failed to return valid JSON. Using fallbacks.
✅ Successfully updated: 276907.json
Refactoring AI Content for: الرباعة العاشقة...
✅ Successfully updated: 68349.json
Refactoring AI Content for: That 70s Show...
✅ Successfully updated: 52.json
Refactoring AI Content for: سكاريو: يوم الجندي...
✅ Successfully updated: 400535.json
Refactoring AI Content for: المتسلل ليلا...
✅ Successfully updated: 242582.json
Refactoring AI Content for: صيد خارج الحلبة...
✅ Successfully updated: 127529.json
Refactoring AI Content for: Ninja: Shadow of a Tear...
RAW RES: {
  "desc_ar": "بعد أن فقد زوجته الحامل في حادثة مأساوية، يتحول مدرب فنون القتال "كيسي بومان" إلى قاتل مأزق، يبحث عن تاجر المخدرات عديم الرحمة الذي كان وراء المأساة. في هذه الرحلة المليئة بالعنف والثأر، سوف يكتشف "كيسي" أن هناك من يريدون أن يوقفوا قتله، ولكنهم لن ينجوهم من الموت، بل سوف يجدون أنفسهم في معركة حياتهم الأخيرة.",
  "desc_en": "After losing his pregnant wife in a tragic accident, martial arts master 'Kissi Bowman' transforms into a vengeful killer, seeking the ruthless drug trafficker responsible for her death. In this violent and vengeful journey, 'Kissi' will discover that there are those who want to stop him, but they will not save them from death, but will find themselves in their last battle.",
  "meta_desc": "واش غيفلت؟ اكتشف أحداث الإثارة في فيلم Ninja: Shadow of a Tear",
  "seo_title_ar": "مشاهدة فيلم نينجا: ظل الشadows مترجم اون لاين - توميتو",
  "keywords": "فيلم نينجا مترجم, مشاهدة فيلم نينجا",
  "opinion": "فيلم نينجا: Shadow of a Tear هو فيلم مأزق يملأ القلب بالرغبة والثأر. يلقي النجم "كيسي" بومان" بظله في هذا الفيلم المليء بالعنف والثأر.",
  "faq": [
    {"q": "ما هو فيلم نينجا: Shadow of a Tear؟", "a": "فيلم نينجا: Shadow of a Tear هو فيلم حركة جريمة إثارة يلقي النجم "كيسي" بومان" بظله في هذا الفيلم المليء بالعنف والثأر."},
    {"q": "ما هو موضوع فيلم نينجا: Shadow of a Tear؟", "a": "يحكي فيلم نينجا: Shadow of a Tear قصة مدرب فنون القتال "كيسي" بومان" الذي يبحث عن تاجر المخدرات عديم الرحمة المتسبب في موت زوجته الحامل."},
    {"q": "ما هو أفضل جزء في فيلم نينجا: Shadow of a Tear؟", "a": "أفضل جزء في فيلم نينجا: Shadow of a Tear هو القتال والثأر والعنف الذي يملأ الفيلم بالرغبة والثأر"}
JSON Parse error: Expecting ',' delimiter: line 2 column 81 (char 82)
AI failed to return valid JSON. Using fallbacks.
✅ Successfully updated: 180894.json
Refactoring AI Content for: Hero...
RAW RES: {
  "desc_ar": "في عالم الحرب الصيني القديم، ثلاثة قتلة عظيمات سعوا لقتل أقوى أمراء حرب، لكن رجل واحد كان يلزمهم في رحلة ممتازة من الإثارة والكشف عن الأسرار، حيث يتعامل مع المخاطر والصعوبات، ويحاول أن ينجو من الموت، ويحقق النصر في النهاية.",
  "desc_en": "In the ancient Chinese war world, three great assassins sought to kill the strongest warlords, but one man stood in their way, embarking on a thrilling journey of excitement and revelation, as he faces risks and challenges, tries to escape death, and achieves victory in the end.",
  "meta_desc": "واش غيفلت؟ اكتشف أحداث الإثارة في فيلم "الرجل" مترجم اون لاين - توميتو",
  "seo_title_ar": "مشاهدة فيلم "الرجل" مترجم اون لاين - توميتو",
  "keywords": "فيلم دراما مترجم, مشاهدة فيلم مغامرة, فيلم حركة مترجم, فيلم تاريخ مترجم",
  "opinion": "فيلم "الرجل" هو فيلم دراما رائع يلقي بظلاله على عالم الحرب الصيني القديم، حيث يتعامل مع المخاطر والصعوبات، ويحاول أن ينجو من الموت، ويحقق النصر في النهاية.",
  "faq": [
    {"q": "ما هو فيلم "الرجل"؟", "a": "فيلم دراما رائع يلقي بظلاله على عالم الحرب الصيني القديم."},
    {"q": "ما هو نوع فيلم "الرجل"؟", "a": "فيلم دراما، مغامرة، حركة، تاريخ."},
    {"q": "ما هو أفضل ما في فيلم "الرجل"؟", "a": "الإثارة والكشف عن الأسرار، حيث يتعامل مع المخاطر والصعوبات، ويحاول أن ينجو من الموت، ويحقق النصر في النهاية."}
  ]
}
JSON Parse error: Expecting ',' delimiter: line 4 column 57 (char 594)
AI failed to return valid JSON. Using fallbacks.
✅ Successfully updated: 79.json
Refactoring AI Content for: أفاتار...
✅ Successfully updated: 19995.json
Refactoring AI Content for: Wizards Beyond Waverly Place...
✅ Successfully updated: 245026.json
Refactoring AI Content for: المينيونز 2 صعود جرو...
RAW RES: {
  "desc_ar": "في عالم الشرير 6 ، يخطط غرو للاستيلاء على المجموعة الخارقة التي يتعرف عليها باسم الشرير 6 ، ويقوم بتحضير نفسه للاستيلاء على المجموعة الخارقة التي يتعرف عليها باسم الشرير 6 ، ويقوم بتحضير نفسه للاستيلاء على المجموعة الخارقة التي يتعرف عليها باسم الشرير 6 ، ويقوم بتحضير نفسه للاستيلاء على المجموعة الخارقة التي يتعرف عليها باسم الشرير 6 ، ويقوم بتحضير نفسه للاستيلاء على المجموعة الخارقة التي يتعرف عليها باسم الشرير 6 ، ويقوم بتحضير نفسه للاستيلاء على المجموعة الخارقة التي يتعرف عليها باسم الشرير 6 ، ويقوم بتحضير نفسه للاستيلاء على المجموعة الخارقة التي يتعرف عليها باسم الشرير 6 ، ويقوم بتحضير نفسه للاستيلاء على المجموعة الخارقة التي يتعرف عليها باسم الشرير 6 ، ويقوم بتحضير نفسه للاستيلاء على المجموعة الخارقة التي يتعرف عليها باسم الشرير 6 ، ويقوم بتحضير نفسه للاستيلاء على المجموعة الخارقة التي يتعرف عليها باسم الشرير 6 ، ويقوم بتحضير نفسه للاستيلاء على المجموعة الخارقة التي يتعرف عليها باسم الشرير 6 ، ويقوم بتحضير نفسه للاستيلاء على المجموعة الخارقة التي يتعرف عليها باسم الشرير 6 ، ويقوم بتحضير نفسه للاستيلاء على المجموعة الخارقة التي يتعرف عليها باسم الشرير 6 ، ويقوم بتحضير نفسه للاستيلاء على المجموعة الخارقة التي يتعرف عليها باسم الشرير 6 ، ويقوم بتحضير نفسه للاستيلاء على المجموعة الخارقة التي يتعرف عليها باسم الشرير 6 ، ويقوم بتحضير نفسه للاستيلاء على المجموعة الخارقة التي يتعرف عليها باسم الشرير 6 ، ويقوم بتحضير نفسه للاستيلاء على المجموعة الخارقة التي يتعرف عليها باسم الشرير 6 ، ويقوم بتحضير نفسه للاستيلاء على المجموعة الخارقة التي يتعرف عليها باسم الشرير 6 ، ويقوم بتحضير نفسه للاستيلاء على المجموعة الخارقة التي يتعرف عليها باسم الشرير 6 ، ويقوم بتحضير نفسه للاستيلاء على المجموعة الخارقة التي يتعرف عليها باسم الشرير 6 ، ويقوم بتحضير نفسه للاستيلاء على المجموعة الخارقة التي يتعرف عليها باسم الشرير 6 ، ويقوم بتحضير نفسه للاستيلاء على المجموعة الخارقة التي يتعرف عليها باسم الشرير 6 ، ويقوم بتحضير نفسه للاستيلاء على المجموعة الخارقة التي يتعرف عليها باسم الشرير 6 ، ويقوم بتحضير نفسه للاستيلاء على المجموعة الخارقة التي يتعرف عليها باسم الشرير 6 ، ويقوم بتحضير نفسه للاستيلاء على المجموعة الخارقة التي يتعرف عليها باسم الشرير 6 ، ويقوم بتحضير نفسه للاستيلاء على المجموعة الخارقة التي يتعرف عليها باسم الشرير 6 ، ويقوم بتحضير نفسه للاستيلاء على المجموعة الخارقة التي يتعرف عليها باسم الشرير 6 ، ويقوم بتحضير نفسه للاستيلاء على المجموعة الخارقة التي يتعرف عليها باسم الشرير 6 ، ويقوم بتحضير نفسه للاستيلاء على المجموعة الخارقة التي يتعرف عليها باسم الشرير 6 ، ويقوم بتحضير نفسه للاستيلاء على المجموعة الخارقة التي يتعرف عليها باسم الشرير 6 ، ويقوم بتحضير نفسه للاستيلاء على المجموعة الخارقة التي يتعرف عليها باسم الشرير 6 ، ويقوم بتحضير نفسه للاستيلاء على المجموعة الخارقة التي
JSON Parse error: Unterminated string starting at: line 2 column 14 (char 15)
AI failed to return valid JSON. Using fallbacks.
✅ Successfully updated: 438148.json
Refactoring AI Content for: Matlock...
✅ Successfully updated: 2093.json
Refactoring AI Content for: المتحولون 1...
✅ Successfully updated: 698687.json
Refactoring AI Content for: Demolition Man...
✅ Successfully updated: 9739.json
Refactoring AI Content for: Real Steel...
✅ Successfully updated: 39254.json
Refactoring AI Content for: Radio Disney Music Awards...
✅ Successfully updated: 66379.json
Refactoring AI Content for: غلاس أونيون: أخرجوا السكاكين...
✅ Successfully updated: 661374.json
Refactoring AI Content for: Colombiana...
✅ Successfully updated: 62835.json
Refactoring AI Content for: Spider-Man: Beyond the Spider-Verse...
✅ Successfully updated: 911916.json
Refactoring AI Content for: خيال رخيص...
✅ Successfully updated: 680.json
Refactoring AI Content for: مرحبا يا ألبرتو...
RAW RES: {
  "desc_ar": "في عالم من الرسوم المتحركة، يلتقينا بـ "ألبرتو"، الوحش البحري المحب المرح الذي يريد من كل قلبه أن يثبت جدارته لمعلمه "ماسيمو" الرصين. مع مجموعة من الأصدقاء المخيفين، يبدأ رحلة ممتعة مليئة بالكوميديا والفانتازيا.",
  "desc_en": "In a world of animation, we meet "Alberto", the lovable sea monster who wants to prove himself to his strict teacher "Massimo". With a group of terrifying friends, he begins a thrilling journey filled with comedy and fantasy.",
  "meta_desc": "واش غيفلت؟ اكتشف أحداث الإثارة في فيلم رسوم متحركة كوميديا مرهق!",
  "seo_title_ar": "مشاهدة فيلم مرحبا يا ألبرتو مترجم اون لاين - توميتو",
  "keywords": "فيلم مرحبا يا ألبرتو مترجم, مشاهدة فيلم كوميديا رسوم متحركة",
  "opinion": "هو فيلم ممتع مليء بالكوميديا والفانتازيا، مع مجموعة من الأصدقاء المخيفين. رحلة ممتعة مليئة بالمرح والفكاهة!",
  "faq": [
    {"q": "ما هو نوع فيلم مرحبا يا ألبرتو؟", "a": "فيلم رسوم متحركة كوميديا"},
    {"q": "ما هو موضوع فيلم مرحبا يا ألبرتو؟", "a": "رحلة ممتعة مليئة بالكوميديا والفانتازيا"},
    {"q": "ما هو نوع الفيلم؟", "a": "فيلم رسوم متحركة"}
  ]
}
JSON Parse error: Expecting ',' delimiter: line 2 column 55 (char 56)
AI failed to return valid JSON. Using fallbacks.
✅ Successfully updated: 876716.json
Refactoring AI Content for: تين تايتنز غو!...
✅ Successfully updated: 45140.json
Refactoring AI Content for: جون ويك: الفصل ٢...
✅ Successfully updated: 324552.json
Refactoring AI Content for: The Shack...
✅ Successfully updated: 345938.json
Refactoring AI Content for: Batman...
✅ Successfully updated: 268.json
Refactoring AI Content for: سولو ليفلينغ...
✅ Successfully updated: 127532.json
Refactoring AI Content for: Call the Midwife...
✅ Successfully updated: 39793.json
Refactoring AI Content for: الأبراج المحصنة والتنانين: الشرف بين اللصوص...
✅ Successfully updated: 493529.json
Refactoring AI Content for: Fallen...
✅ Successfully updated: 25126.json
Refactoring AI Content for: Independent Lens...
✅ Successfully updated: 14976.json
Refactoring AI Content for: لا خيار آخر...
✅ Successfully updated: 639988.json
Refactoring AI Content for: Snowfall...
✅ Successfully updated: 71694.json
Refactoring AI Content for: A History of Violence...
✅ Successfully updated: 59.json
Refactoring AI Content for: مذكرات الأميرة...
✅ Successfully updated: 9880.json
Refactoring AI Content for: Where the Heart Is...
✅ Successfully updated: 750.json
Refactoring AI Content for: الأرملة السوداء...
✅ Successfully updated: 497698.json
Refactoring AI Content for: 9-1-1: Lone Star...
✅ Successfully updated: 89393.json
Refactoring AI Content for: Crush The Wicked...
✅ Successfully updated: 1654429.json
Refactoring AI Content for: الرجل العنكبوت...
✅ Successfully updated: 557.json
Refactoring AI Content for: Rich Man, Poor Man...
✅ Successfully updated: 14733.json
Refactoring AI Content for: The Brokenwood Mysteries...
✅ Successfully updated: 61565.json
Refactoring AI Content for: كابتن أمريكا المنتقم الأول...
RAW RES: {
  "desc_ar": "في عالم الحرب العالمية الثانية، يتحول ستيف روجرز، الجندي المرفوض من الخدمة العسكرية، إلى كابتن أمريكا بعد تناوله جرعة من "مصل الجندي الخارق". لكنّ كونه كابتن أمريكا له ثمن باهظ، إذ يحاول القضاء على مُثير حرب ومنظمة إرهابية. يمرر ستيف روجرز من خلال العديد من المغامرات والقتالات، ويصادف العديد من الأصدقاء والخصوم، في رحلة تحويله إلى كابتن أمريكا.",
  "desc_en": "In the midst of World War II, Steve Rogers, a rejected soldier, transforms into Captain America after taking a dose of the "Super-Soldier Serum". However, being Captain America comes at a steep price, as he tries to eliminate a war-monger and a terrorist organization. Steve Rogers passes through many adventures and battles, meeting many friends and foes, in his journey to become Captain America.",
  "meta_desc": "واش غيفلت؟ اكتشف أحداث الإثارة في فيلم كابتن أمريكا: الأول المقاتل",
  "seo_title_ar": "مشاهدة فيلم كابتن أمريكا: الأول المقاتل مترجم اون لاين - توميتو",
  "keywords": "فيلم كابتن أمريكا مترجم, مشاهدة فيلم كابتن أمريكا, حركة فيلم كابتن أمريكا, مغامرة فيلم كابتن أمريكا, خيال علمي فيلم كابتن أمريكا",
  "opinion": "فيلم كابتن أمريكا: الأول المقاتل هو فيلم رائع يجمع بين الحركة والخيال العلمي، مع قصة رائعة تحويل ستيف روجرز إلى كابتن أمريكا. الفيلم مليء بالاثارة وال действة، ويحمل رسالة مهمة عن الحرب العالمية الثانية.",
  "faq": [
    {"q": "ما هو فيلم كابتن أمريكا: الأول المقاتل؟", "a": "فيلم كابتن أمريكا: الأول المقاتل هو فيلم حركة مغامرة خيال علمي يروي قصة ستيف روجرز الذي يتحول إلى كابتن أمريكا بعد تناوله جرعة من "مصل الجندي الخارق"."},
    {"q": "ما هي أهمية فيلم كابتن أمريكا: الأول المقاتل؟", "a": "الفيلم يحمل رسالة مهمة عن الحرب العالمية الثانية، ويحاول القضاء على مُثير حرب ومنظمة إرهابية."},
    {"q": "ما هو نوع فيلم كابتن أمريكا: الأول المقاتل؟", "a": "فيلم كابتن أمريكا: الأول المقاتل هو فيلم حركة مغامرة خيال علمي"}
  ]
}
JSON Parse error: Expecting ',' delimiter: line 2 column 137 (char 138)
AI failed to return valid JSON. Using fallbacks.
✅ Successfully updated: 1771.json
Refactoring AI Content for: Michael Jacksons Thriller...
✅ Successfully updated: 92060.json
Refactoring AI Content for: Shetland...
✅ Successfully updated: 46923.json
Refactoring AI Content for: A Bronx Tale...
✅ Successfully updated: 1607.json
Refactoring AI Content for: Huset p Christianshavn...
✅ Successfully updated: 8988.json
Refactoring AI Content for: Trading Places...
✅ Successfully updated: 1621.json
Refactoring AI Content for: From Dusk Till Dawn...
✅ Successfully updated: 755.json
Refactoring AI Content for: Mother Mary...
RAW RES: {
  "desc_ar": "في عالم الموسيقى، حيث يلعب الموسيقيون دوراً كبيراً في حياة الناس، تtell قصة أم ماري، التي تتميز بغنائها الرائع والشعبي، والتي تتميز بغنائها الرائع والشعبي، والتي تتميز بغنائها الرائع والشعبي، والتي تتميز بغنائها الرائع والشعبي، والتي تتميز بغنائها الرائع والشعبي، والتي تتميز بغنائها الرائع والشعبي، والتي تتميز بغنائها الرائع والشعبي، والتي تتميز بغنائها الرائع والشعبي، والتي تتميز بغنائها الرائع والشعبي، والتي تتميز بغنائها الرائع والشعبي، والتي تتميز بغنائها الرائع والشعبي، والتي تتميز بغنائها الرائع والشعبي، والتي تتميز بغنائها الرائع والشعبي، والتي تتميز بغنائها الرائع والشعبي، والتي تتميز بغنائها الرائع والشعبي، والتي تتميز بغنائها الرائع والشعبي، والتي تتميز بغنائها الرائع والشعبي، والتي تتميز بغنائها الرائع والشعبي، والتي تتميز بغنائها الرائع والشعبي، والتي تتميز بغنائها الرائع والشعبي، والتي تتميز بغنائها الرائع والشعبي، والتي تتميز بغنائها الرائع والشعبي، والتي تتميز بغنائها الرائع والشعبي، والتي تتميز بغنائها الرائع والشعبي، والتي تتميز بغنائها الرائع والشعبي، والتي تتميز بغنائها الرائع والشعبي، والتي تتميز بغنائها الرائع والشعبي، والتي تتميز بغنائها الرائع والشعبي، والتي تتميز بغنائها الرائع والشعبي، والتي تتميز بغنائها الرائع والشعبي، والتي تتميز بغنائها الرائع والشعبي، والتي تتميز بغنائها الرائع والشعبي، والتي تتميز بغنائها الرائع والشعبي، والتي تتميز بغنائها الرائع والشعبي، والتي تتميز بغنائها الرائع والشعبي، والتي تتميز بغنائها الرائع والشعبي، والتي تتميز بغنائها الرائع والشعبي، والتي تتميز بغنائها الرائع والشعبي، والتي تتميز بغنائها الرائع والشعبي، والتي تتميز بغنائها الرائع والشعبي، والتي تتميز بغنائها الرائع والشعبي، والتي تتميز بغنائها الرائع والشعبي، والتي تتميز بغنائها الرائع والشعبي، والتي تتميز بغنائها الرائع والشعبي، والتي تتميز بغنائها الرائع والشعبي، والتي تتميز بغنائها الرائع والشعبي، والتي تتميز بغنائها الرائع والشعبي، والتي تتميز بغنائها الرائع والشعبي، والتي تتميز بغنائها الرائع والشعبي، والتي تتميز بغنائها الرائع والشعبي، والتي تتميز بغنائها الرائع والشعبي، والتي تتميز بغنائها الرائع والشعبي، والتي تتميز بغنائها الرائع والشعبي، والتي تتميز بغنائها الرائع والشعبي، والتي تتميز بغنائها الرائع والشعبي، والتي تتميز بغنائها الرائع والشعبي، والتي تتميز بغنائها الرائع والشعبي، والتي تتميز بغنائها الرائع والشعبي، والتي تتميز بغنائها الرائع والشعبي، والتي تتميز بغنائها الرائع والشعبي، والتي تتميز بغنائها الرائع والشعبي، والتي تتميز بغنائها الرائع والشعبي، والتي تتميز بغنائها الرائع والشعبي، والتي تتميز بغنائها الرائع والشعبي، والتي تتميز بغنائها الرائع والشعبي، والتي تتميز بغنائها
JSON Parse error: Unterminated string starting at: line 2 column 14 (char 15)
AI failed to return valid JSON. Using fallbacks.
✅ Successfully updated: 1102883.json
Refactoring AI Content for: وينزداي آدامز...
RAW RES: {
  "desc_ar": "تحقّق وينزداي آدامز، الفتاة الذكية والساخرة ومتبلّدة المشاعر، في ألغاز غامضة في الوقت الذي تكسب فيه الأصدقاء والأعداء الجُدد في أكاديمية "نيفرمور". معها، ستعيش تجربة مدهشة في عالم من الخيال العلمي والفانتازيا، حيث ستواجه غموضاً ومرحاً في الوقت نفسه.",
  "desc_en": "Meet Wednesday Addams, the intelligent, sassy, and emotionally complex girl, as she navigates mysterious puzzles in the time she makes new friends and enemies at the prestigious Nevermore Academy. Alongside her, you'll experience a thrilling adventure in a world of science fiction and fantasy, where you'll face mystery and comedy at the same time.",
  "meta_desc": "واش غيفلت؟ اكتشف أحداث الإثارة في وينزداي آدامز، الفتاة الذكية والساخرة في أكاديمية "نيفرمور"",
  "seo_title_ar": "مشاهدة فيلم وينزداي آدامز مترجم اون لاين - توميتو",
  "keywords": "فيلم وينزداي آدامز مترجم, مشاهدة فيلم وينزداي آدامز",
  "opinion": "هذه السلسلة التلفزيونية هي أكثر من مجرد قصة خيال علمي، هي تجربة مدهشة في عالم من الغموض والمرح، حيث ستواجهك الأحداث الإثارة والقضايا النوعية",
  "faq": [
    {"q": "ما هو وينزداي آدامز؟", "a": "هو فيلم خيال علمي وفانتازيا يتبع قصة الفتاة الذكية والساخرة وينزداي آدامز في أكاديمية "نيفرمور""},
    {"q": "ما هو نوع وينزداي آدامز؟", "a": "هو نوع خيال علمي وفانتازيا، غموض، كوميديا"},
    {"q": "ما هو أفضل ما في وينزداي آدامز؟", "a": "هو عالم من الغموض والمرح، حيث ستواجهك الأحداث الإثارة والقضايا النوعية"}
  ]
}
JSON Parse error: Expecting ',' delimiter: line 2 column 153 (char 154)
AI failed to return valid JSON. Using fallbacks.
✅ Successfully updated: 119051.json
Refactoring AI Content for: Sin City...
✅ Successfully updated: 187.json
Refactoring AI Content for: Cells at Work!...
✅ Successfully updated: 80671.json
Refactoring AI Content for: رحلة بالغابة...
✅ Successfully updated: 451048.json
Refactoring AI Content for: Profiler...
✅ Successfully updated: 2651.json
Refactoring AI Content for: Sundutan...
✅ Successfully updated: 1646787.json
Refactoring AI Content for: Jezioro Bodeskie...
✅ Successfully updated: 158326.json
Refactoring AI Content for: الأبطال الستة...
✅ Successfully updated: 177572.json
Refactoring AI Content for: قلب شجاع...
✅ Successfully updated: 197.json
Refactoring AI Content for: أبولو 13...
✅ Successfully updated: 568.json
Refactoring AI Content for: The Daily Show...
✅ Successfully updated: 2224.json
Refactoring AI Content for: David...
✅ Successfully updated: 1167307.json
Refactoring AI Content for: دامو ستحيل...
✅ Successfully updated: 2345.json
Refactoring AI Content for: Starbright...
✅ Successfully updated: 662707.json
Refactoring AI Content for: الصرخة ٦...
✅ Successfully updated: 934433.json
Refactoring AI Content for: Descendants...
RAW RES: {
  "desc_ar": "في عالم من الخيال والFantasy، يلتقينا بن، الابن المراهق للملكة والملك أورادون، الذي يقدم فرصة للأطفال الأشرار الذين يواجهون مشاكل بالالتحاق بالمدرسة الإعدادية في المملكة. في رحلة مليئة بالمرح والفكاهة والمنافسة، سوف نرى كيف يتعامل بن مع التحديات التي تواجهه، وكم ينجح في تحقيق أهدافه.",
  "desc_en": "In a world of fantasy and adventure, we meet Ben, the young prince of the kingdom of Orodan, who offers a chance to the naughty children who face problems in joining the preparatory school in the kingdom. In a journey full of fun, humor, and competition, we will see how Ben deals with the challenges he faces, and how he succeeds in achieving his goals.",
  "meta_desc": "واش غيفلت؟ اكتشف أحداث الإثارة في فيلم "descendants" مترجم اون لاين - توميتو",
  "seo_title_ar": "مشاهدة فيلم "descendants" مترجم اون لاين - توميتو",
  "keywords": "فيلم descendants مترجم, مشاهدة فيلم descendants",
  "opinion": "هو فيلم رائع يجمع بين الخيال والفكاهة والمنافسة، ويقدم فرصة للأطفال الأشرار الذين يواجهون مشاكل بالالتحاق بالمدرسة الإعدادية في المملكة.",
  "faq": [
    {"q": "ما هو فيلم descendants؟", "a": "هو فيلم رائع يجمع بين الخيال والفكاهة والمنافسة، ويقدم فرصة للأطفال الأشرار الذين يواجهون مشاكل بالالتحاق بالمدرسة الإعدادية في المملكة."},
    {"q": "ما هو نوع فيلم descendants؟", "a": "هو فيلم عائلي، مغامرة، فانتازيا، فيلم تلفازي، موسيقى."},
    {"q": "ما هو مدة فيلم descendants؟", "a": "هو فيلم dài، مليء بالمرح والفكاهة والمنافسة، ويقدم فرصة للأطفال الأشرار الذين يواجهون مشاكل بالالتحاق بالمدرسة الإعدادية في المملكة."}
  ]
}
JSON Parse error: Expecting ',' delimiter: line 4 column 57 (char 730)
AI failed to return valid JSON. Using fallbacks.
✅ Successfully updated: 277217.json
Refactoring AI Content for: Date A Live...
✅ Successfully updated: 46004.json
Refactoring AI Content for: علاء الدين المسلسل...
✅ Successfully updated: 2745.json
Refactoring AI Content for: Moesha...
RAW RES: {
  "desc_ar": "في سلسلة كوميديا العائلي المثيرة «موشا»، نرى كيفية عيش عائلة ريفيسون، الذين يخدعوننا بمنعطفاتهم اليومية، بينما يتعثر الأب في محاولة لخداع زوجته، ويصاب الابنة بالمرض، ويحاول الابن أن يلعب دوراً في حياته، فيما تظهر الشخصيات الرئيسية في هذه السلسلة بكل وضوح، فيما نرى كيفية عيشهم اليومي، ونرى كيفية عيشهم اليومي، ونرى كيفية عيشهم اليومي، ونرى كيفية عيشهم اليومي، ونرى كيفية عيشهم اليومي، ونرى كيفية عيشهم اليومي، ونرى كيفية عيشهم اليومي، ونرى كيفية عيشهم اليومي، ونرى كيفية عيشهم اليومي، ونرى كيفية عيشهم اليومي، ونرى كيفية عيشهم اليومي، ونرى كيفية عيشهم اليومي، ونرى كيفية عيشهم اليومي، ونرى كيفية عيشهم اليومي، ونرى كيفية عيشهم اليومي، ونرى كيفية عيشهم اليومي، ونرى كيفية عيشهم اليومي، ونرى كيفية عيشهم اليومي، ونرى كيفية عيشهم اليومي، ونرى كيفية عيشهم اليومي، ونرى كيفية عيشهم اليومي، ونرى كيفية عيشهم اليومي، ونرى كيفية عيشهم اليومي، ونرى كيفية عيشهم اليومي، ونرى كيفية عيشهم اليومي، ونرى كيفية عيشهم اليومي، ونرى كيفية عيشهم اليومي، ونرى كيفية عيشهم اليومي، ونرى كيفية عيشهم اليومي، ونرى كيفية عيشهم اليومي، ونرى كيفية عيشهم اليومي، ونرى كيفية عيشهم اليومي، ونرى كيفية عيشهم اليومي، ونرى كيفية عيشهم اليومي، ونرى كيفية عيشهم اليومي، ونرى كيفية عيشهم اليومي، ونرى كيفية عيشهم اليومي، ونرى كيفية عيشهم اليومي، ونرى كيفية عيشهم اليومي، ونرى كيفية عيشهم اليومي، ونرى كيفية عيشهم اليومي، ونرى كيفية عيشهم اليومي، ونرى كيفية عيشهم اليومي، ونرى كيفية عيشهم اليومي، ونرى كيفية عيشهم اليومي، ونرى كيفية عيشهم اليومي، ونرى كيفية عيشهم اليومي، ونرى كيفية عيشهم اليومي، ونرى كيفية عيشهم اليومي، ونرى كيفية عيشهم اليومي، ونرى كيفية عيشهم اليومي، ونرى كيفية عيشهم اليومي، ونرى كيفية عيشهم اليومي، ونرى كيفية عيشهم اليومي، ونرى كيفية عيشهم اليومي، ونرى كيفية عيشهم اليومي، ونرى كيفية عيشهم اليومي، ونرى كيفية عيشهم اليومي، ونرى كيفية عيشهم اليومي، ونرى كيفية عيشهم اليومي، ونرى كيفية عيشهم اليومي، ونرى كيفية عيشهم اليومي، ونرى كيفية عيشهم اليومي، ونرى كيفية عيشهم اليومي، ونرى كيفية عيشهم اليومي، ونرى كيفية عيشهم اليومي، ونرى كيفية عيشهم اليومي، ونرى كيفية عيشهم اليومي، ونرى كيفية عيشهم اليومي، ونرى كيفية عيشهم اليومي، ونرى كيفية عيشهم اليومي، ونرى كيفية عيشهم اليومي، ونرى كيفية عيشهم اليومي، ونرى كيفية عيشهم اليومي، ونرى كيفية عيشهم اليومي، ونرى كيفية عيشهم اليومي، ونرى كيفية عيشهم اليومي، ونرى كيفية عيشهم اليومي، ونرى كيفية عيشهم اليومي، ونرى كيفية عيشهم اليومي، ونرى كيفية عيشهم اليومي، ونرى كيفية عيشهم اليومي، ونرى كيفية عيشهم اليومي، ونرى كيفية عيشهم اليومي، ونرى كيفية عيشهم اليومي، ونرى كيفية عيشهم اليومي، ونرى كيفية عيشهم اليومي، ونرى كيفية عيشهم اليومي، ونرى كيفية عيشهم اليومي، ونرى كيفية عيشهم اليومي، ونرى كيف
JSON Parse error: Unterminated string starting at: line 2 column 14 (char 15)
AI failed to return valid JSON. Using fallbacks.
✅ Successfully updated: 3497.json
Refactoring AI Content for: هاري بوتر والأمير الهجين...
RAW RES: {
  "desc_ar": "في بداية عامه السادس في هوجورتس، يكتشف هاري بوتر كتابًا قديمًا يحمل علامة "ملكية الأمير الهجين"، ويبدأ في التعرف أكثر على ماضي اللورد فولدمورت المظلم. مع ذلك، يتعامل هاري مع مشكلات جديدة في علاقته مع غلوريا فانكوت، بينما يتعامل مع مخاوف جديدة من قبل دمرالد مالي،"،
  "desc_en": "As Harry Potter begins his sixth year at Hogwarts, he discovers an old book with the mark 'Half-Blood Prince' and starts to learn more about the dark past of Lord Voldemort. Meanwhile, Harry faces new challenges in his relationship with Ginny Weasley, while dealing with new fears from Draco Malfoy.",
  "meta_desc": "واش غيفلت؟ اكتشف أحداث الإثارة في هاري بوتر والأمير الهجين - مغامرة فانتازيا",
  "seo_title_ar": "مشاهدة فيلم هاري بوتر والأمير الهجين مترجم اون لاين - توميتو",
  "keywords": "فيلم هاري بوتر والأمير الهجين مترجم, مشاهدة فيلم هاري بوتر",
  "opinion": "هاري بوتر والأمير الهجين هو فيلم رائع يملأه الإثارة والفانتازيا، مع قصة رائعة تتميز بالحماس والتشويق.",
  "faq": [
    {"q": "ما هو فيلم هاري بوتر والأمير الهجين؟", "a": "هو فيلم رائع يملأه الإثارة والفانتازيا، مع قصة رائعة تتميز بالحماس والتشويق."},
    {"q": "ما هو نوع فيلم هاري بوتر والأمير الهجين؟", "a": "هو فيلم مغامرة فانتازيا"},
    {"q": "ما هو أفضل جزء في فيلم هاري بوتر والأمير الهجين؟", "a": "هو قصة رائعة تتميز بالحماس والتشويق"}
  ]
}
JSON Parse error: Expecting ',' delimiter: line 2 column 90 (char 91)
AI failed to return valid JSON. Using fallbacks.
✅ Successfully updated: 767.json
Refactoring AI Content for: The Last Dance...
RAW RES: {
  "desc_ar": "يحكى هذا المسلسل الوثائقي قصة النجوم الذين عاشوا في أوقاتنا، مثل مايكل جوردن، الذي كان يلقي ركازات في ملعب شيكاغو بولز في التسعينيات. شاهد كيف أدرجت النجوم في موسم 1997-1998 الذي لا يُنسى، مع لقطات لم تُعرض من قبل.",
  "desc_en": "This documentary series tells the story of the stars who lived in our time, like Michael Jordan, who was throwing rocks in the Chicago Bulls arena in the 1990s. Watch how the stars were included in the 1997-1998 season that will never be forgotten, with footage that has not been shown before.",
  "meta_desc": "واش غيفلت؟ اكتشف أحداث الإثارة في مسلسل وثائقي "الآخرين"!",
  "seo_title_ar": "مشاهدة مسلسل وثائقي "الآخرين" مترجم اون لاين - توميتو",
  "keywords": "فيلم وثائقي, مشاهدة فيلم وثائقي, مسلسل وثائقي",
  "opinion": "هو فيلم وثائقي رائع، يلقي الضوء على النجوم الذين عاشوا في أوقاتنا، ويحكى قصة النجوم الذين كانوا يلقي ركازات في ملعب شيكاغو بولز في التسعينيات.",
  "faq": [
    {"q": "ما هو موضوع مسلسل وثائقي "الآخرين"؟", "a": "هو مسلسل وثائقي يلقي الضوء على النجوم الذين عاشوا في أوقاتنا، مثل مايكل جوردن."},
    {"q": "ما هو نوع مسلسل وثائقي "الآخرين"؟", "a": "هو مسلسل وثائقي يروي قصة النجوم الذين كانوا يلقي ركازات في ملعب شيكاغو بولز في التسعينيات."},
    {"q": "ما هو المدة التي يرويها مسلسل وثائقي "الآخرين"؟", "a": "هو مسلسل وثائقي يروي قصة النجوم الذين كانوا يلقي ركازات في ملعب شيكاغو بولز في التسعينيات، مثل موسم 1997-1998 الذي لا يُنسى."}
  ]
}
JSON Parse error: Expecting ',' delimiter: line 4 column 65 (char 607)
AI failed to return valid JSON. Using fallbacks.
✅ Successfully updated: 79525.json
Refactoring AI Content for: الرجال ذي الحلل السوداء...
✅ Successfully updated: 607.json
Refactoring AI Content for: Sexo con amor...
RAW RES: {
  "desc_ar": "في عالم المواعدة الحديث، يجد رجلان من مختلف الأعمار والجنسين أنفسهم مرتبطين ببعضهم البعض، في رحلة عشق ومرح، تتميز بالكوميديا والرومانسية، في فيلم "SEXO CON AMOR"، الذي يأخذنا في رحلة عشق ومرح، تتميز بالكوميديا والرومانسية.",
  "desc_en": "In the modern world of dating, two men from different ages and genders find themselves connected to each other, in a journey of love and joy, characterized by comedy and romance, in the film "Sex with Love", which takes us on a journey of love and joy, characterized by comedy and romance.",
  "meta_desc": "واش غيفلت؟ اكتشف أحداث الإثارة في فيلم "SEXO CON AMOR" - كوميديا رومنسية",
  "seo_title_ar": "مشاهدة فيلم SEXO CON AMOR مترجم اون لاين - توميتو",
  "keywords": "فيلم كوميديا مترجم, مشاهدة فيلم رومنسية",
  "opinion": "هذا الفيلم هو المكان الذي يأتي فيه الحب والمرح والكوميديا معاً لينسجحنا في رحلة عشق ومرح، تتميز بالكوميديا والرومانسية.",
  "faq": [
    {"q": "ما هو فيلم SEXO CON AMOR؟", "a": "هو فيلم كوميديا رومنسية يأخذنا في رحلة عشق ومرح، تتميز بالكوميديا والرومانسية."},
    {"q": "ما هو نوع فيلم SEXO CON AMOR؟", "a": "هو فيلم كوميديا رومنسية"},
    {"q": "ما هو أفضل ما في فيلم SEXO CON AMOR؟", "a": "هو комيديا ورومانسية متوازنة"}
  ]
}
JSON Parse error: Expecting ',' delimiter: line 2 column 162 (char 163)
AI failed to return valid JSON. Using fallbacks.
✅ Successfully updated: 20222.json
Refactoring AI Content for: Monarch: Legacy of Monsters...
RAW RES: {
  "desc_ar": "بعد النجاة من هجوم "غودزيلا" على "سان فرانسيسكو"، تُصدم "كايت" مرة أخرى بسر مروع. وسط التهديدات الوحشية، تخوض مغامرة حول العالم لتكتشف الحقيقة عن عائلتها، والمنظمة الغامضة باسم "مونارك". معقباً من الأحداث، سوف نرى كيف يتصارع "كايت" مع الوعي والقوة، بينما يبحث عن طرق لمنع الموت والدمار.",
  "desc_en": "After surviving the "Godzilla" attack on "San Francisco", "Kate" is once again shocked by a new revelation. Amidst the monstrous threats, she embarks on a global adventure to uncover the truth about her family and the mysterious organization known as "Monarch". As the events unfold, we will see how "Kate" struggles with awareness and power, while searching for ways to prevent death and destruction.",
  "meta_desc": "واش غيفلت؟ اكتشف أحداث الإثارة في مونارك: تراث монستر",
  "seo_title_ar": "مشاهدة فيلم مونارك: تراث монستر مترجم اون لاين - توميتو",
  "keywords": "فيلم مونارك مترجم, مشاهدة فيلم مونارك",
  "opinion": "من خلال مشاهدة مونارك: تراث монستر، نكتشف أن الوعي والقوة يمكن أن يكونا قويين جداً. معقباً من الأحداث، سوف نرى كيف يتصارع "كايت" مع الوعي والقوة، بينما يبحث عن طرق لمنع الموت والدمار.",
  "faq": [
    {"q": "ما هو مونارك؟", "a": "منظمة غامضة تهدف إلى منع الموت والدمار."},
    {"q": "ما هو أصل كايت؟", "a": "كايت تكتشف الحقيقة عن عائلتها أثناء مغامرتها حول العالم."},
    {"q": "ما هو غودزيلا؟", "a": "غودزيلا هو монستر قوي يهدد مدينة سان فرانسيسكو"}
  ]
}
JSON Parse error: Expecting ',' delimiter: line 2 column 35 (char 36)
AI failed to return valid JSON. Using fallbacks.
✅ Successfully updated: 202411.json
Refactoring AI Content for: تابو...
✅ Successfully updated: 65708.json
Refactoring AI Content for: Surviving Summer...
✅ Successfully updated: 129141.json
Refactoring AI Content for: Togo...
✅ Successfully updated: 606856.json
Refactoring AI Content for: Europa Europa...
✅ Successfully updated: 8996.json
Refactoring AI Content for: الفتى الأبيض ريك...
✅ Successfully updated: 438808.json
Refactoring AI Content for: إنها حياة رائعة...
✅ Successfully updated: 1585.json
Refactoring AI Content for: مصير الغاضبين...
✅ Successfully updated: 337339.json
Refactoring AI Content for: برلين ولوحة ليوناردو دا فينشي...
RAW RES: {
  "desc_ar": "في مدينة برلين، يتعطش المافيا لتنفيذ عملية جديدة، مما يلزمهم بالذهاب إلى إشبيلية لتحويل دوق طموح إلى ضحية خطته الخاصة: سرقة لوحة "دا فينشي"، التي تحمل segredo المخفي. في هذه الرحلة، ستواجه المافيا المخاطر والتحديات، بينما سيتعرفنا على أصدقاء دوق، الذين سينقذونهم من الموت،"،
  "desc_en": "In the city of Berlin, the mafia is desperate to carry out a new operation, which requires them to go to Seville to transform a ambitious duke into a victim of their own plan: stealing Leonardo da Vinci's painting, which holds a hidden secret. Along this journey, the mafia will face risks and challenges, while we will get to know the duke's friends, who will save them from death.",
  "meta_desc": "واش غيفلت؟ اكتشف أحداث الإثارة في برلين ولوحة ليوناردو دا فينشي!",
  "seo_title_ar": "مشاهدة فيلم برلين ولوحة ليوناردو دا فينشي مترجم اون لاين - توميتو",
  "keywords": "فيلم دراما مترجم, مشاهدة فيلم جريمة, فيلم حركة ومغامرة مترجم, فيلم كوميديا مترجم",
  "opinion": "هذا الفيلم هو مزيج من الدراما والجريمة والحركة، مما يجعله فيلمًا مثيرًا للاهتمام. سوف تتمكن من متابعة الأحداث مع المافيا، بينما سوف تتعرف على أصدقاء الدوق، الذين سينقذونهم من الموت.",
  "faq": [
    {"q": "ما هو فيلم برلين ولوحة ليوناردو دا فينشي؟", "a": "هو فيلم دراما جريمة حركة ومغامرة كوميديا مترجم اون لاين."},
    {"q": "ما هو موضوع الفيلم؟", "a": "يحكي الفيلم عن المافيا التي تريد سرقة لوحة ليوناردو دا فينشي، والتي تحمل segredo المخفي."},
    {"q": "ما هو نوع الفيلم؟", "a": "هو فيلم تلفزيوني من نوع دراما جريمة حركة ومغامرة كوميديا"}
  ]
}
JSON Parse error: Expecting ',' delimiter: line 2 column 145 (char 146)
AI failed to return valid JSON. Using fallbacks.
✅ Successfully updated: 308014.json
Refactoring AI Content for: فارس الظلام...
✅ Successfully updated: 155.json
Refactoring AI Content for: Goblin Slayer...
✅ Successfully updated: 82591.json
Refactoring AI Content for: The Professionals...
✅ Successfully updated: 11174.json
Refactoring AI Content for: The Curse...
✅ Successfully updated: 114655.json
Refactoring AI Content for: Wasteland...
✅ Successfully updated: 13927.json
Refactoring AI Content for: Mayans M.C....
✅ Successfully updated: 76231.json
Refactoring AI Content for: Jessie...
✅ Successfully updated: 38974.json
Refactoring AI Content for: From Straight As to XXX...
✅ Successfully updated: 441168.json
Refactoring AI Content for: GARO...
✅ Successfully updated: 1941.json
Refactoring AI Content for: مكعب...
✅ Successfully updated: 431.json
Refactoring AI Content for: Bron/Broen...
✅ Successfully updated: 45016.json
Refactoring AI Content for: Veil of Shadows...
✅ Successfully updated: 278275.json
Refactoring AI Content for: Azumi...
✅ Successfully updated: 5889.json
Refactoring AI Content for: The Good Wife...
✅ Successfully updated: 1435.json
Refactoring AI Content for: دورايمون...
✅ Successfully updated: 65733.json
Refactoring AI Content for: حرب النجوم: صعود سكاي ووكر...
✅ Successfully updated: 181812.json
Refactoring AI Content for: المنتقمون: نهاية اللعبة...
✅ Successfully updated: 299534.json
Refactoring AI Content for: Summer Camp Island...
✅ Successfully updated: 81665.json
Refactoring AI Content for: Dinosaurs...
✅ Successfully updated: 3763.json
Refactoring AI Content for: Team Thor...
✅ Successfully updated: 413279.json
Refactoring AI Content for: The English Patient...
✅ Successfully updated: 409.json
Refactoring AI Content for: ذي غراهام نورتون شو...
✅ Successfully updated: 1220.json
Refactoring AI Content for: شريك...
✅ Successfully updated: 808.json
Refactoring AI Content for: A Touch of Frost...
✅ Successfully updated: 2474.json
Refactoring AI Content for: ثمانية اوشن...
✅ Successfully updated: 402900.json
Refactoring AI Content for: لوسيفر...
✅ Successfully updated: 63174.json
Refactoring AI Content for: Once Upon a Studio...
✅ Successfully updated: 1139087.json
Refactoring AI Content for: ورشة قبعة الساحرة...
✅ Successfully updated: 196950.json
Refactoring AI Content for: Good Luck, Have Fun, Dont Die...
RAW RES: {
  "desc_ar": "في عالم من الخيال العلمي والحركة والكوميديا، يأخذنا فيلم "مشاهدة فيلم خير luck, Have Fun, Dont Die" على رحلة ممتعة مليئة بالمرح والفكاهة. مع مجموعة من الشخصيات الذين يلعبون أدواراً رائعة، نرى كيف يتعاملون مع الأحداث الإثارة التي تطرح عليهم.",
  "desc_en": "In a world of science fiction, action, and comedy, the movie "Good Luck, Have Fun, Dont Die" takes us on a thrilling journey filled with laughter and entertainment. With a cast of characters playing outstanding roles, we see how they deal with the thrilling events that unfold before them.",
  "meta_desc": "واش غيفلت؟ اكتشف أحداث الإثارة في فيلم خير luck, Have Fun, Dont Die - توميتو",
  "seo_title_ar": "مشاهدة فيلم خير luck, Have Fun, Dont Die مترجم اون لاين - توميتو",
  "keywords": "فيلم خير luck, مشاهدة فيلم خير luck, Have Fun, Dont Die مترجم, فيلم كوميديا",
  "opinion": "هذا الفيلم هو مثال رائع لما هو ممكن أن ينجد عندما يلزمك أن تتصارع مع الأحداث الإثارة. مع مجموعة من الشخصيات الذين يلعبون أدواراً رائعة، نرى كيف يتعاملون مع التحديات التي تطرح عليهم.",
  "faq": [
    {"q": "ما هو نوع فيلم خير luck, Have Fun, Dont Die؟", "a": "هو فيلم خيال علمي وحركة وكوميديا"},
    {"q": "ما هو المخرج لفيلم خير luck, Have Fun, Dont Die؟", "a": "ليس معلوم"},
    {"q": "ما هو المدة التي يستغرقها فيلم خير luck, Have Fun, Dont Die؟", "a": "ليس معلوم"}
  ]
}
JSON Parse error: Expecting ',' delimiter: line 2 column 73 (char 74)
AI failed to return valid JSON. Using fallbacks.
✅ Successfully updated: 1119449.json
Refactoring AI Content for: حياة الإمبراطور الجديدة...
✅ Successfully updated: 11688.json
Refactoring AI Content for: Tsue to Tsurugi no Wistoria...
✅ Successfully updated: 245842.json
Refactoring AI Content for: Monthly Girls Nozaki-kun...
✅ Successfully updated: 61379.json
Refactoring AI Content for: أشخاص في الخفاء...
✅ Successfully updated: 381284.json
Refactoring AI Content for: Engrenages...
✅ Successfully updated: 11726.json
Refactoring AI Content for: Conspirao Fatal...
✅ Successfully updated: 967998.json
Refactoring AI Content for: ذا كينقزمان...
✅ Successfully updated: 476669.json
Refactoring AI Content for: Code Name: Eternity...
✅ Successfully updated: 11954.json
Refactoring AI Content for: رامي...
✅ Successfully updated: 87382.json
Refactoring AI Content for: سكاريو...
✅ Successfully updated: 273481.json
Refactoring AI Content for: Miss Sloane...
✅ Successfully updated: 376290.json
Refactoring AI Content for: Never Back Down: No Surrender...
✅ Successfully updated: 391757.json
Refactoring AI Content for: Frequency...
✅ Successfully updated: 66894.json
Refactoring AI Content for: شخص محل إهتمام...
✅ Successfully updated: 1411.json
Refactoring AI Content for: متسابق المتاهة: علاج الموت...
✅ Successfully updated: 336843.json
Refactoring AI Content for: Everwood...
✅ Successfully updated: 1950.json
Refactoring AI Content for: الاسد الملك...
✅ Successfully updated: 420818.json
Refactoring AI Content for: The Bride!...
✅ Successfully updated: 1159831.json
Refactoring AI Content for: عقل جميل...
✅ Successfully updated: 453.json
Refactoring AI Content for: باسيليسك...
✅ Successfully updated: 9410.json
Refactoring AI Content for: Star Wars: The Last Jedi...
✅ Successfully updated: 181808.json
Refactoring AI Content for: I Dream of Jeannie...
✅ Successfully updated: 1660.json
Refactoring AI Content for: وقح...
✅ Successfully updated: 34307.json
Refactoring AI Content for: هاكسو ريدج...
✅ Successfully updated: 324786.json
Refactoring AI Content for: شريك 2...
✅ Successfully updated: 809.json
Refactoring AI Content for: أبطال العدالة...
✅ Successfully updated: 231280.json
Refactoring AI Content for: حكاية الخادمة...
✅ Successfully updated: 69478.json
Refactoring AI Content for: تيتانيك...
✅ Successfully updated: 597.json
Refactoring AI Content for: Tayuan 2...
✅ Successfully updated: 1669050.json
Refactoring AI Content for: شرلوك...
✅ Successfully updated: 19885.json
Refactoring AI Content for: دماء في الأفق...
✅ Successfully updated: 7345.json
Refactoring AI Content for: The Count of Monte Cristo...
✅ Successfully updated: 11362.json
Refactoring AI Content for: Diablo...
✅ Successfully updated: 1127110.json
Refactoring AI Content for: ماشا و الدب...
✅ Successfully updated: 46080.json
Refactoring AI Content for: Leverage...
✅ Successfully updated: 7482.json
Refactoring AI Content for: أعجوبة...
✅ Successfully updated: 406997.json
Refactoring AI Content for: O11CE...
RAW RES: {
  "desc_ar": "في عالم العمل، يتعثر رجل الأعمال الشاب، جيمس، فيما يتعذر مع رفيقه، سارة، فيما يتعذر مع رفيقه، سارة، فيما يتعذر مع رفيقه، سارة، فيما يتعذر مع رفيقه، سارة، فيما يتعذر مع رفيقه، سارة، فيما يتعذر مع رفيقه، سارة، فيما يتعذر مع رفيقه، سارة، فيما يتعذر مع رفيقه، سارة، فيما يتعذر مع رفيقه، سارة، فيما يتعذر مع رفيقه، سارة، فيما يتعذر مع رفيقه، سارة، فيما يتعذر مع رفيقه، سارة، فيما يتعذر مع رفيقه، سارة، فيما يتعذر مع رفيقه، سارة، فيما يتعذر مع رفيقه، سارة، فيما يتعذر مع رفيقه، سارة، فيما يتعذر مع رفيقه، سارة، فيما يتعذر مع رفيقه، سارة، فيما يتعذر مع رفيقه، سارة، فيما يتعذر مع رفيقه، سارة، فيما يتعذر مع رفيقه، سارة، فيما يتعذر مع رفيقه، سارة، فيما يتعذر مع رفيقه، سارة، فيما يتعذر مع رفيقه، سارة، فيما يتعذر مع رفيقه، سارة، فيما يتعذر مع رفيقه، سارة، فيما يتعذر مع رفيقه، سارة، فيما يتعذر مع رفيقه، سارة، فيما يتعذر مع رفيقه، سارة، فيما يتعذر مع رفيقه، سارة، فيما يتعذر مع رفيقه، سارة، فيما يتعذر مع رفيقه، سارة، فيما يتعذر مع رفيقه، سارة، فيما يتعذر مع رفيقه، سارة، فيما يتعذر مع رفيقه، سارة، فيما يتعذر مع رفيقه، سارة، فيما يتعذر مع رفيقه، سارة، فيما يتعذر مع رفيقه، سارة، فيما يتعذر مع رفيقه، سارة، فيما يتعذر مع رفيقه، سارة، فيما يتعذر مع رفيقه، سارة، فيما يتعذر مع رفيقه، سارة، فيما يتعذر مع رفيقه، سارة، فيما يتعذر مع رفيقه، سارة، فيما يتعذر مع رفيقه، سارة، فيما يتعذر مع رفيقه، سارة، فيما يتعذر مع رفيقه، سارة، فيما يتعذر مع رفيقه، سارة، فيما يتعذر مع رفيقه، سارة، فيما يتعذر مع رفيقه، سارة، فيما يتعذر مع رفيقه، سارة، فيما يتعذر مع رفيقه، سارة، فيما يتعذر مع رفيقه، سارة، فيما يتعذر مع رفيقه، سارة، فيما يتعذر مع رفيقه، سارة، فيما يتعذر مع رفيقه، سارة، فيما يتعذر مع رفيقه، سارة، فيما يتعذر مع رفيقه، سارة، فيما يتعذر مع رفيقه، سارة، فيما يتعذر مع رفيقه، سارة، فيما يتعذر مع رفيقه، سارة، فيما يتعذر مع رفيقه، سارة، فيما يتعذر مع رفيقه، سارة، فيما يتعذر مع رفيقه، سارة، فيما يتعذر مع رفيقه، سارة، فيما يتعذر مع رفيقه، سارة، فيما يتعذر مع رفيقه، سارة، فيما يتعذر مع رفيقه، سارة، فيما يتعذر مع رفيقه، سارة، فيما يتعذر مع رفيقه، سارة، فيما يتعذر مع رفيقه، سارة، فيما يتعذر مع رفيقه، سارة، فيما يتعذر مع رفيقه، سارة، فيما يتعذر مع رفيقه، سارة، فيما يتعذر مع رفيقه، سارة، فيما يتعذر مع رفيقه، سارة، فيما يتعذر مع رفيقه، س
JSON Parse error: Unterminated string starting at: line 2 column 14 (char 15)
AI failed to return valid JSON. Using fallbacks.
✅ Successfully updated: 72637.json
Refactoring AI Content for: صيف نشر ذراعيه...
RAW RES: {
  "desc_ar": "في شاطئ "كازينز"، تنتظ بيلي كولين بفترة من الزمن لتقضي الصيف مع عائلتها، ولكنها تكتشف أن هذا الصيف سيكون مختلفاً عن كل فصول الصيف السابقة. تتعرض بيلي لخلافات جديدة وتكتشف الأسرار المخوفة في هذه الرحلة التي ستغير حياتها إلى الأبد.",
  "desc_en": "At the beach town of "Cassadaga", 16-year-old "Belly" Collins is waiting for the summer to spend with her family and friends. However, she discovers that this summer will be different from all the previous ones. Belly faces new challenges and uncovers frightening secrets in this journey that will change her life forever.",
  "meta_desc": "واش غيفلت؟ اكتشف أحداث الإثارة في صيف نشر ذراعيه!",
  "seo_title_ar": "مشاهدة فيلم صيف نشر ذراعيه مترجم اون لاين - توميتو",
  "keywords": "فيلم دراما مترجم, مشاهدة فيلم دراما",
  "opinion": "هذه الدراما التلفزيونية هي مزيج من الإثارة والromance والدراما، ستجعلك تراقب كل دقيقة منها.",
  "faq": [
    {"q": "ما هو قصة صيف نشر ذراعيه؟", "a": "هي قصة عن فتاة تتعرض لخلافات جديدة وتكتشف الأسرار المخوفة في رحلة ستغير حياتها إلى الأبد."},
    {"q": "ما نوع صيف نشر ذراعيه؟", "a": "هو دراما تلفزيونية"},
    {"q": "ما هو أفضل ما في صيف نشر ذراعيه؟", "a": "هو مزيج من الإثارة والromance والدراما، ستجعلك تراقب كل دقيقة منها"}
  ]
}
JSON Parse error: Expecting ',' delimiter: line 2 column 24 (char 25)
AI failed to return valid JSON. Using fallbacks.
✅ Successfully updated: 194766.json
Refactoring AI Content for: Youngins...
✅ Successfully updated: 258384.json
Refactoring AI Content for: Hill Street Blues...
✅ Successfully updated: 3828.json
Refactoring AI Content for: Lisa e il diavolo...
✅ Successfully updated: 5483.json
Refactoring AI Content for: The Late Show with Stephen Colbert...
✅ Successfully updated: 63770.json
Refactoring AI Content for: الحقير أنا 2...
✅ Successfully updated: 93456.json
Refactoring AI Content for: My Policeman...
✅ Successfully updated: 744114.json
Refactoring AI Content for: رجل الكستناء...
✅ Successfully updated: 127865.json
Refactoring AI Content for: تسعة ألغاز...
✅ Successfully updated: 227191.json
Refactoring AI Content for: The Punisher...
✅ Successfully updated: 7220.json
Refactoring AI Content for: Quartier Lointain...
✅ Successfully updated: 62871.json
Refactoring AI Content for: Beauty and the Beast...
✅ Successfully updated: 44606.json
Refactoring AI Content for: العقل الجيد المصير...
✅ Successfully updated: 489.json
Refactoring AI Content for: شراب التوت...
✅ Successfully updated: 213194.json
Refactoring AI Content for: Money Shot: The Pornhub Story...
✅ Successfully updated: 1087040.json
Refactoring AI Content for: عالم غامبول المدهش...
✅ Successfully updated: 37606.json
Refactoring AI Content for: John Carter...
✅ Successfully updated: 49529.json
Refactoring AI Content for: Piper...
✅ Successfully updated: 399106.json
Refactoring AI Content for: Ink Master...
✅ Successfully updated: 46286.json
Refactoring AI Content for: Endeavour...
RAW RES: {
  "desc_ar": "في عالم النضalie والغموض، يأتي دور «إندفاع» ليكشف عن أسرار الماضي والجريمة، حيث يلقي المحقق «دينيس» نظرة على الحقائق وال 증دين ليكشف عن المخفيين وراء الجريمة، فيขณะที่ يتعثر «دينيس» فيما يتعثر فيما يتعثر فيما يتعثر فيما يتعثر فيما يتعثر فيما يتعثر فيما يتعثر فيما يتعثر فيما يتعثر فيما يتعثر فيما يتعثر فيما يتعثر فيما يتعثر فيما يتعثر فيما يتعثر فيما يتعثر فيما يتعثر فيما يتعثر فيما يتعثر فيما يتعثر فيما يتعثر فيما يتعثر فيما يتعثر فيما يتعثر فيما يتعثر فيما يتعثر فيما يتعثر فيما يتعثر فيما يتعثر فيما يتعثر فيما يتعثر فيما يتعثر فيما يتعثر فيما يتعثر فيما يتعثر فيما يتعثر فيما يتعثر فيما يتعثر فيما يتعثر فيما يتعثر فيما يتعثر فيما يتعثر فيما يتعثر فيما يتعثر فيما يتعثر فيما يتعثر فيما يتعثر فيما يتعثر فيما يتعثر فيما يتعثر فيما يتعثر فيما يتعثر فيما يتعثر فيما يتعثر فيما يتعثر فيما يتعثر فيما يتعثر فيما يتعثر فيما يتعثر فيما يتعثر فيما يتعثر فيما يتعثر فيما يتعثر فيما يتعثر فيما يتعثر فيما يتعثر فيما يتعثر فيما يتعثر فيما يتعثر فيما يتعثر فيما يتعثر فيما يتعثر فيما يتعثر فيما يتعثر فيما يتعثر فيما يتعثر فيما يتعثر فيما يتعثر فيما يتعثر فيما يتعثر فيما يتعثر فيما يتعثر فيما يتعثر فيما يتعثر فيما يتعثر فيما يتعثر فيما يتعثر فيما يتعثر فيما يتعثر فيما يتعثر فيما يتعثر فيما يتعثر فيما يتعثر فيما يتعثر فيما يتعثر فيما يتعثر فيما يتعثر فيما يتعثر فيما يتعثر فيما يتعثر فيما يتعثر فيما يتعثر فيما يتعثر فيما يتعثر فيما يتعثر فيما يتعثر فيما يتعثر فيما يتعثر فيما يتعثر فيما يتعثر فيما يتعثر فيما يتعثر فيما يتعثر فيما يتعثر فيما يتعثر فيما يتعثر فيما يتعثر فيما يتعثر فيما يتعثر فيما يتعثر فيما يتعثر فيما يتعثر فيما يتعثر فيما يتعثر فيما يتعثر فيما يتعثر فيما يتعثر فيما يتعثر فيما يتعثر فيما يتعثر فيما يتعثر فيما يتعثر فيما يتعثر فيما يتعثر فيما يتعثر فيما يتعثر فيما يتعثر فيما يتعثر فيما يتعثر فيما يتعثر فيما يتعثر فيما يتعثر فيما يتعثر فيما يتعثر فيما يتعثر فيما يتعثر فيما يتعثر فيما يتعثر فيما يتعثر فيما يتعثر فيما يتعثر فيما يتعثر فيما يتعثر فيما يتعثر فيما يتعثر فيما يتعثر فيما يتعثر فيما يتعثر فيما يتعثر فيما يتعثر فيما يتعثر فيما يتعثر فيما يتعثر فيما يتعثر فيما يتعثر فيما يتعثر فيما يتعثر فيما يتعثر فيما يتعثر فيما يتعثر فيما يتعثر فيما يتعثر فيما يتعثر فيما يتعثر فيما يتعثر فيما يتعثر فيما يتعثر فيما يتعثر فيما يتعثر فيما يتعثر فيما يتعثر فيما يتعثر فيما يتعثر فيما يتعثر فيما يتعثر فيما يتعثر فيما يتعثر فيما ي
JSON Parse error: Unterminated string starting at: line 2 column 14 (char 15)
AI failed to return valid JSON. Using fallbacks.
✅ Successfully updated: 44264.json
Refactoring AI Content for: Joy of Life...
RAW RES: {
  "desc_ar": "في عالم مليء بالشغف والمرح، يلقي الشخصيات الرئيسية في مسلسل "سعادة الحياة" بزخارفهم الخاصة، مما يخلق مشهداً من اللاعوبة والمرح، حيث يتعاملون مع مشكلاتهم الشخصية والاجتماعية، ويحاولون العثور على السعادة في الحياة، مع وجود الكثير من الأحداث المثيرة والقضايا التي تثير الإهتمام.",
  "desc_en": "In a world filled with passion and humor, the main characters in the series "Joy of Life" bring their unique personalities to the table, creating a scene of non-stop excitement and humor, as they deal with their personal and social issues, and try to find happiness in life, with many thrilling events and issues that pique interest.",
  "meta_desc": "واش غيفلت؟ اكتشف أحداث الإثارة في مسلسل "سعادة الحياة" - دراما كوميديا",
  "seo_title_ar": "مشاهدة مسلسل "سعادة الحياة" مترجم اون لاين - توميتو",
  "keywords": "فيلم دراما مترجم, مشاهدة مسلسل كوميديا",
  "opinion": "هو مسلسل رائع يلقي بزخارفهم الخاصة، مما يخلق مشهداً من اللاعوبة والمرح، ويحاولون العثور على السعادة في الحياة، مع وجود الكثير من الأحداث المثيرة والقضايا التي تثير الإهتمام.",
  "faq": [
    {"q": "ما هو نوع مسلسل "سعادة الحياة"؟", "a": "هو مسلسل دراما كوميديا"},
    {"q": "ما هي قصة مسلسل "سعادة الحياة"?", "a": "يحكى قصة الشخصيات الرئيسية الذين يحاولون العثور على السعادة في الحياة"},
    {"q": "ما هو المخرج الرئيسي لمسلسل "سعادة الحياة"?", "a": "ليس هناك المخرج الرئيسي المentioned في بيانات المستخدم"}
  ]
}
JSON Parse error: Expecting ',' delimiter: line 2 column 76 (char 77)
AI failed to return valid JSON. Using fallbacks.
✅ Successfully updated: 95842.json
Refactoring AI Content for: From Dusk Till Dawn: The Series...
✅ Successfully updated: 60626.json
Refactoring AI Content for: Star Trek: Deep Space Nine...
✅ Successfully updated: 580.json
Refactoring AI Content for: حرب الغد...
✅ Successfully updated: 588228.json
Refactoring AI Content for: Switched at Birth...
✅ Successfully updated: 37632.json
Refactoring AI Content for: Starsky Hutch...
✅ Successfully updated: 1532.json
Refactoring AI Content for: ١٢ رجلا غاضبا...
✅ Successfully updated: 389.json
Refactoring AI Content for: I Care a Lot...
✅ Successfully updated: 601666.json
Refactoring AI Content for: غرينلاند ٢: الهجرة...
✅ Successfully updated: 840464.json
Refactoring AI Content for: Wilfred...
✅ Successfully updated: 39525.json
Refactoring AI Content for: علاء الدين...
✅ Successfully updated: 420817.json
Refactoring AI Content for: Love and Leashes...
✅ Successfully updated: 760517.json
Refactoring AI Content for: ريفرديل...
✅ Successfully updated: 69050.json
Refactoring AI Content for: ...
✅ Successfully updated: 300847.json
Refactoring AI Content for: Kill Bill: Vol. 2...
✅ Successfully updated: 393.json
Refactoring AI Content for: A Series of Unfortunate Events...
RAW RES: {
  "desc_ar": "يحكى قصة أطفال "بودلير" اليتامى الذين يتعاملون مع مشكلاتهم اليومية والقضائية في ظل وجود الكونت "أولاف" الشرير، الذي يريد أن يلتهم ميراثهم. في هذه الرحلة، سيتعاون الأطفال الثلاثة - فيل، كلاود، وفاندي - معًا ليكشفوا أسرارهم العائلية الدفينة وتصديقهم على أنفسهم.",
  "desc_en": "The story follows the three Baudelaire orphans - Violet, Klaus, and Sunny - as they navigate their daily and legal struggles under the sinister Count Olaf, who wants to inherit their fortune. In this journey, the three siblings will work together to uncover their family's secrets and prove their identities.",
  "meta_desc": "واش غيفلت؟ اكتشف أحداث الإثارة في مسلسل أطفال "بودلير" اليتامى!",
  "seo_title_ar": "مشاهدة مسلسل أطفال "بودلير" اليتامى مترجم اون لاين - توميتو",
  "keywords": "فيلم كوميديا, مشاهدة فيلم حركة, مسلسل عائلي مترجم, أطفال "بودلير" اليتامى",
  "opinion": "هذا المسلسل هو المكان الذي يلتقي فيه النضال والشجاعة، حيث يتعامل الأطفال الثلاثة مع مشكلاتهم اليومية والقضائية في ظل وجود الكونت "أولاف" الشرير. سوف تكتشفوا أنفسكم في هذه الرحلة المليئة بالمرح والتشويق!",
  "faq": [
    {"q": "ما هو قصة أطفال "بودلير" اليتامى؟", "a": "هي قصة ثلاثة أطفال يتعاملون مع مشكلاتهم اليومية والقضائية في ظل وجود الكونت "أولاف" الشرير."},
    {"q": "ما هو نوع مسلسل أطفال "بودلير" اليتامى؟", "a": "هو مسلسل حركة ومغامرة عائلي كوميديا."},
    {"q": "ما هو المكان الذي يحدث فيه مسلسل أطفال "بودلير" اليتامى؟", "a": "يحدث في ظل وجود الكونت "أولاف" الشرير، الذي يريد أن يلتهم ميراثهم."}
  ]
}
JSON Parse error: Expecting ',' delimiter: line 2 column 31 (char 32)
AI failed to return valid JSON. Using fallbacks.
✅ Successfully updated: 65294.json
Refactoring AI Content for: Agent from Above...
✅ Successfully updated: 213703.json
Refactoring AI Content for: Throne of Seal...
✅ Successfully updated: 198182.json
Refactoring AI Content for: Diagnosis: Murder...
✅ Successfully updated: 2625.json
Refactoring AI Content for: The Pendragon Cycle: Rise of the Merlin...
✅ Successfully updated: 235685.json
Refactoring AI Content for: الفتى العجوز...
✅ Successfully updated: 670.json
Refactoring AI Content for: رجل عصابات أمريكي...
✅ Successfully updated: 4982.json
Refactoring AI Content for: Without a Trace...
✅ Successfully updated: 2593.json
Refactoring AI Content for: AV...
✅ Successfully updated: 296989.json
Refactoring AI Content for: الرفاق الصالحون...
RAW RES: {
  "desc_ar": "يروي رجل العصابات السابق "هنري هيل" قصّة صعوده وسقوطه المثيرة والعنيفة وسط عائلة إجرامية في "نيويورك"، حيث يتحوّل حلم كبير إلى كابوس مرعب. من خلال قصّة هنري، نرى كيف يتحوّل الرجل من المهاجم إلى المهاجم المُهاجم، وسط لعبة قتل وغدر في街 نيويورك.",
  "desc_en": "The film tells the story of a former gangster "Henry Hill" who recounts his thrilling and violent rise and fall within a crime family in "New York", where a big dream turns into a nightmare. Through Henry's story, we see how the man transforms from a perpetrator to a victim, amidst a game of murder and betrayal in the streets of New York.",
  "meta_desc": "واش غيفلت؟ اكتشف أحداث الإثارة في فيلم الرفاق الصالحون مترجم اون لاين",
  "seo_title_ar": "مشاهدة فيلم الرفاق الصالحون مترجم اون لاين - توميتو",
  "keywords": "فيلم الرفاق الصالحون مترجم, مشاهدة فيلم الرفاق الصالحون",
  "opinion": "فيلم من نوعه، حيث يرسم صورة قاسية عن عالم الإجرام، ولكن مع ذلك، يبقى فيلماً رائعاً يلفت النظر، مع أعمال فنية رائعة وتصوير قوي.",
  "faq": [
    {"q": "ما هو فيلم الرفاق الصالحون؟", "a": "فيلم دراما جريمة أمريكي يرسم صورة قاسية عن عالم الإجرام."},
    {"q": "ما هو نوع فيلم الرفاق الصالحون؟", "a": "فيلم دراما جريمة أمريكي"},
    {"q": "ما هو المكان الذي يحدث فيه فيلم الرفاق الصالحون؟", "a": "نيويورك"}
  ]
}
JSON Parse error: Expecting ',' delimiter: line 2 column 41 (char 42)
AI failed to return valid JSON. Using fallbacks.
✅ Successfully updated: 769.json
Refactoring AI Content for: La Haine...
✅ Successfully updated: 406.json
Refactoring AI Content for: غضب على الطريق...
✅ Successfully updated: 154385.json
Refactoring AI Content for: Rules of Engagement...
RAW RES: {
  "desc_ar": "في عالم الحرب، يلزم القائد أن يكون لديه قاعدة للاستجابة، هذه القاعدة هي قاعدة الردع، حيث يلزم القائد أن يكون لديه قاعدة للاستجابة، هذه القاعدة هي قاعدة الردع، حيث يلزم القائد أن يكون لديه قاعدة للاستجابة، هذه القاعدة هي قاعدة الردع، حيث يلزم القائد أن يكون لديه قاعدة للاستجابة، هذه القاعدة هي قاعدة الردع، حيث يلزم القائد أن يكون لديه قاعدة للاستجابة، هذه القاعدة هي قاعدة الردع، حيث يلزم القائد أن يكون لديه قاعدة للاستجابة، هذه القاعدة هي قاعدة الردع، حيث يلزم القائد أن يكون لديه قاعدة للاستجابة، هذه القاعدة هي قاعدة الردع، حيث يلزم القائد أن يكون لديه قاعدة للاستجابة، هذه القاعدة هي قاعدة الردع، حيث يلزم القائد أن يكون لديه قاعدة للاستجابة، هذه القاعدة هي قاعدة الردع، حيث يلزم القائد أن يكون لديه قاعدة للاستجابة، هذه القاعدة هي قاعدة الردع، حيث يلزم القائد أن يكون لديه قاعدة للاستجابة، هذه القاعدة هي قاعدة الردع، حيث يلزم القائد أن يكون لديه قاعدة للاستجابة، هذه القاعدة هي قاعدة الردع، حيث يلزم القائد أن يكون لديه قاعدة للاستجابة، هذه القاعدة هي قاعدة الردع، حيث يلزم القائد أن يكون لديه قاعدة للاستجابة، هذه القاعدة هي قاعدة الردع، حيث يلزم القائد أن يكون لديه قاعدة للاستجابة، هذه القاعدة هي قاعدة الردع، حيث يلزم القائد أن يكون لديه قاعدة للاستجابة، هذه القاعدة هي قاعدة الردع، حيث يلزم القائد أن يكون لديه قاعدة للاستجابة، هذه القاعدة هي قاعدة الردع، حيث يلزم القائد أن يكون لديه قاعدة للاستجابة، هذه القاعدة هي قاعدة الردع، حيث يلزم القائد أن يكون لديه قاعدة للاستجابة، هذه القاعدة هي قاعدة الردع، حيث يلزم القائد أن يكون لديه قاعدة للاستجابة، هذه القاعدة هي قاعدة الردع، حيث يلزم القائد أن يكون لديه قاعدة للاستجابة، هذه القاعدة هي قاعدة الردع، حيث يلزم القائد أن يكون لديه قاعدة للاستجابة، هذه القاعدة هي قاعدة الردع، حيث يلزم القائد أن يكون لديه قاعدة للاستجابة، هذه القاعدة هي قاعدة الردع، حيث يلزم القائد أن يكون لديه قاعدة للاستجابة، هذه القاعدة هي قاعدة الردع، حيث يلزم القائد أن يكون لديه قاعدة للاستجابة، هذه القاعدة هي قاعدة الردع، حيث يلزم القائد أن يكون لديه قاعدة للاستجابة، هذه القاعدة هي قاعدة الردع، حيث يلزم القائد أن يكون لديه قاعدة للاستجابة، هذه القاعدة هي قاعدة الردع، حيث يلزم القائد أن يكون لديه قاعدة للاستجابة، هذه القاعدة هي قاعدة الردع، حيث يلزم القائد أن يكون لديه قاعدة للاستجابة، هذه القاعدة هي قاعدة الردع، حيث يلزم القائد أن يكون لديه قاعدة للاستجابة، هذه القاعدة هي قاعدة الردع، حيث يلزم القائد أن يكون لديه قاعدة للاستجابة، هذه القاعدة هي قاعدة الردع، حيث يلزم القائد أن يكون لديه قاعدة للاستجابة، هذه القاعدة هي قاعدة الردع، حيث يلزم القائد أن يكون لديه قاعدة للاستجابة، هذه القاعدة هي قاعدة الردع، حيث يلزم القائد أن يكون لديه قاعدة للاستجابة، هذه القاعدة هي قاعدة الردع، حيث يلزم القائد أن يكون لديه قاعدة للاستجابة، هذه القاعدة هي قاعدة الردع، حيث يلزم القائد أن يكون لديه قاعدة للاستجابة، هذه القاعدة هي قاعدة الردع، حيث يلزم القائد
JSON Parse error: Unterminated string starting at: line 2 column 14 (char 15)
AI failed to return valid JSON. Using fallbacks.
✅ Successfully updated: 2755.json
Refactoring AI Content for: Finding Neverland...
✅ Successfully updated: 866.json
Refactoring AI Content for: The Untouchables...
✅ Successfully updated: 2774.json
Refactoring AI Content for: العالم الجوراسي: الهيمنة...
✅ Successfully updated: 507086.json
Refactoring AI Content for: Polizeiruf 110...
✅ Successfully updated: 14210.json
Refactoring AI Content for: كرايفن ذي هانتر...
✅ Successfully updated: 539972.json
Refactoring AI Content for: Arrow...
✅ Successfully updated: 1412.json
Refactoring AI Content for: Justice League: War...
✅ Successfully updated: 217993.json
Refactoring AI Content for: قصة رعب امريكية...
✅ Successfully updated: 1413.json
Refactoring AI Content for: Kishiryu Sentai Ryusoulger...
✅ Successfully updated: 120409.json
Refactoring AI Content for: Master and Commander: The Far Side of the World...
✅ Successfully updated: 8619.json
Refactoring AI Content for: Monkey Man...
✅ Successfully updated: 560016.json
Refactoring AI Content for: Apotheosis...
✅ Successfully updated: 213791.json
Refactoring AI Content for: The Late Late Show with James Corden...
✅ Successfully updated: 62223.json
Refactoring AI Content for: Vacanze per un massacro...
RAW RES: {
  "desc_ar": "في عالم مليء بالعنف والدمار، يجد النفس الإيطالي المخيف المأزق في نفسه، حيث يتعامل مع الألم والخوف والغضب، ويحاول أن ينجو من الموت، ويحاول أن ينجو من الموت، ويحاول أن ينجو من الموت، ويحاول أن ينجو من الموت، ويحاول أن ينجو من الموت، ويحاول أن ينجو من الموت، ويحاول أن ينجو من الموت، ويحاول أن ينجو من الموت، ويحاول أن ينجو من الموت، ويحاول أن ينجو من الموت، ويحاول أن ينجو من الموت، ويحاول أن ينجو من الموت، ويحاول أن ينجو من الموت، ويحاول أن ينجو من الموت، ويحاول أن ينجو من الموت، ويحاول أن ينجو من الموت، ويحاول أن ينجو من الموت، ويحاول أن ينجو من الموت، ويحاول أن ينجو من الموت، ويحاول أن ينجو من الموت، ويحاول أن ينجو من الموت، ويحاول أن ينجو من الموت، ويحاول أن ينجو من الموت، ويحاول أن ينجو من الموت، ويحاول أن ينجو من الموت، ويحاول أن ينجو من الموت، ويحاول أن ينجو من الموت، ويحاول أن ينجو من الموت، ويحاول أن ينجو من الموت، ويحاول أن ينجو من الموت، ويحاول أن ينجو من الموت، ويحاول أن ينجو من الموت، ويحاول أن ينجو من الموت، ويحاول أن ينجو من الموت، ويحاول أن ينجو من الموت، ويحاول أن ينجو من الموت، ويحاول أن ينجو من الموت، ويحاول أن ينجو من الموت، ويحاول أن ينجو من الموت، ويحاول أن ينجو من الموت، ويحاول أن ينجو من الموت، ويحاول أن ينجو من الموت، ويحاول أن ينجو من الموت، ويحاول أن ينجو من الموت، ويحاول أن ينجو من الموت، ويحاول أن ينجو من الموت، ويحاول أن ينجو من الموت، ويحاول أن ينجو من الموت، ويحاول أن ينجو من الموت، ويحاول أن ينجو من الموت، ويحاول أن ينجو من الموت، ويحاول أن ينجو من الموت، ويحاول أن ينجو من الموت، ويحاول أن ينجو من الموت، ويحاول أن ينجو من الموت، ويحاول أن ينجو من الموت، ويحاول أن ينجو من الموت، ويحاول أن ينجو من الموت، ويحاول أن ينجو من الموت، ويحاول أن ينجو من الموت، ويحاول أن ينجو من الموت، ويحاول أن ينجو من الموت، ويحاول أن ينجو من الموت، ويحاول أن ينجو من الموت، ويحاول أن ينجو من الموت، ويحاول أن ينجو من الموت، ويحاول أن ينجو من الموت، ويحاول أن ينجو من الموت، ويحاول أن ينجو من الموت، ويحاول أن ينجو من الموت، ويحاول أن ينجو من الموت، ويحاول أن ينجو من الموت، ويحاول أن ينجو من الموت، ويحاول أن ينجو من الموت، ويحاول أن ينجو من الموت، ويحاول أن ينجو من الموت، ويحاول أن ينجو من الموت، ويحاول أن ينجو من الموت، ويحاول أن ينجو من الموت، ويحاول أن ينجو من الموت، ويحاول أن ينجو من الموت، ويحاول أن ينجو من الموت، ويحاول أن ينجو من الموت، ويحاول أن ينجو من الموت، ويحاول أن ينجو من الموت، ويحاول أن ينجو من الموت، ويحاول أن ينجو من الموت، ويحاول أن ينجو من الموت، ويحاول أن ينج
JSON Parse error: Unterminated string starting at: line 2 column 14 (char 15)
AI failed to return valid JSON. Using fallbacks.
✅ Successfully updated: 28322.json
Refactoring AI Content for: سيارات 3...
✅ Successfully updated: 260514.json
Refactoring AI Content for: الجميلة والوحش...
✅ Successfully updated: 321612.json
Refactoring AI Content for: المرتزقة 4...
✅ Successfully updated: 299054.json
Refactoring AI Content for: Marvel Studios Assembled...
✅ Successfully updated: 118924.json
Refactoring AI Content for: Warrior...
✅ Successfully updated: 59440.json
Refactoring AI Content for: حلم أشرف...
RAW RES: {
  "desc_ar": "في عالم المافيا، يبحث أشرف عن الفتاة التي أسماها "رؤيا"، التي تتحول إلى معركة بين الحب والخيانة والسلطة. معقصاً في حب نيسان دون أن يعلم أنها هي رؤيا التي يبحث عنها ومخبرة للشرطة، أشرف يجد نفسه في صراع لا يطاق.",
  "desc_en": "In the world of mafia, Eshref searches for the girl he named 'Ruya', who turns into a battle between love, betrayal, and power. Unaware that she is Ruya, the girl he is searching for and a police informant, Eshref finds himself in an unbearable struggle.",
  "meta_desc": "واش غيفلت؟ اكتشف أحداث الإثارة في حلم أشرف",
  "seo_title_ar": "مشاهدة فيلم حلم أشرف مترجم اون لاين - توميتو",
  "keywords": "فيلم دراما مترجم, مشاهدة فيلم حركة ومغامرة",
  "opinion": "هو فيلم دراما رائع يلقي بظلاله على عالم المافيا، ويحكي قصة حب وbetrayal في عالم مليء بالسخط والعنف.",
  "faq": [
    {"q": "ما هو حلم أشرف؟", "a": "هو فيلم دراما رائع يلقي بظلاله على عالم المافيا"},
    {"q": "ما هو نوع حلم أشرف؟", "a": "هو نوع دراما حركة ومغامرة"},
    {"q": "ما هو أفضل جزء في حلم أشرف؟", "a": "هو الجزء الذي يلقي بظلاله على عالم المافيا"}
  ]
}
JSON Parse error: Expecting ',' delimiter: line 2 column 65 (char 66)
AI failed to return valid JSON. Using fallbacks.
✅ Successfully updated: 283123.json
Refactoring AI Content for: Til Death...
RAW RES: {
  "desc_ar": "في عالم الموت، يكتشف زوجان أنهم ماتوا في حادثة سير، ولكنهم يكتشفون أنهم لا يزالون على قيد الحياة، ويقررون أن يبقوا معًا، في عالم الموت، ويخوضون مغامرة جديدة معًا، حيث يتعاملون مع الأرواح الأخرى، والشعوذة، والشعوذة، والشعوذة، والشعوذة، والشعوذة، والشعوذة، والشعوذة، والشعوذة، والشعوذة، والشعوذة، والشعوذة، والشعوذة، والشعوذة، والشعوذة، والشعوذة، والشعوذة، والشعوذة، والشعوذة، والشعوذة، والشعوذة، والشعوذة، والشعوذة، والشعوذة، والشعوذة، والشعوذة، والشعوذة، والشعوذة، والشعوذة، والشعوذة، والشعوذة، والشعوذة، والشعوذة، والشعوذة، والشعوذة، والشعوذة، والشعوذة، والشعوذة، والشعوذة، والشعوذة، والشعوذة، والشعوذة، والشعوذة، والشعوذة، والشع
  "desc_en": "In a world where death is the end, a couple discovers they have died in a car accident, but they find out they are still alive, and they decide to stay together, in a world of death, and they embark on a new adventure together, where they deal with other spirits, and the afterlife, and the afterlife, and the afterlife, and the afterlife, and the afterlife, and the afterlife, and the afterlife, and the afterlife, and the afterlife, and the afterlife, and the afterlife, and the afterlife, and the afterlife, and the afterlife, and the afterlife, and the afterlife, and the afterlife, and the afterlife, and the afterlife, and the afterlife, and the afterlife, and the afterlife, and the afterlife, and the afterlife, and the afterlife, and the afterlife, and the afterlife, and the afterlife, and the afterlife, and the afterlife, and the afterlife, and the afterlife, and the afterlife, and the afterlife, and the afterlife, and the afterlife, and the afterlife, and the afterlife, and the afterlife, and the afterlife, and the afterlife, and the afterlife, and the afterlife, and the afterlife, and the afterlife, and the afterlife, and the afterlife, and the afterlife, and the afterlife, and the afterlife, and the afterlife, and the afterlife, and the afterlife, and the afterlife, and the afterlife, and the afterlife, and the afterlife, and the afterlife, and the afterlife, and the afterlife, and the afterlife, and the afterlife, and the afterlife, and the afterlife, and the afterlife, and the afterlife, and the afterlife, and the afterlife, and the afterlife, and the afterlife, and the afterlife, and the afterlife, and the afterlife, and the afterlife, and the afterlife, and the afterlife, and the afterlife, and the afterlife, and the afterlife, and the afterlife, and the afterlife, and the afterlife, and the afterlife, and the afterlife, and the afterlife, and the afterlife, and the afterlife, and the afterlife, and the afterlife, and the afterlife, and the afterlife, and the afterlife, and the afterlife, and the afterlife, and the afterlife, and the afterlife, and the afterlife, and the afterlife, and the afterlife, and the afterlife, and the afterlife, and the afterlife, and the afterlife, and the afterlife, and the afterlife, and the afterlife, and the afterlife, and the afterlife, and the afterlife, and the afterlife, and the afterlife, and the afterlife, and the afterlife, and the afterlife, and the afterlife, and the afterlife, and the afterlife, and the afterlife, and the afterlife, and the afterlife, and the afterlife, and the afterlife, and the after
JSON Parse error: Invalid control character at: line 2 column 645 (char 646)
AI failed to return valid JSON. Using fallbacks.
✅ Successfully updated: 1568.json
Refactoring AI Content for: فريزر...
✅ Successfully updated: 3452.json
Refactoring AI Content for: الخارقون...
✅ Successfully updated: 9806.json
Refactoring AI Content for: المشتبه بهم المعتادين...
✅ Successfully updated: 629.json
Refactoring AI Content for: Hudson Rex...
✅ Successfully updated: 87940.json
Refactoring AI Content for: فرقة البوب الكورية: صائدات الشياطين...
✅ Successfully updated: 803796.json
Refactoring AI Content for: Lili Marleen...
✅ Successfully updated: 265.json
Refactoring AI Content for: المهمة المستحيلة: بروتوكول الأشباح...
✅ Successfully updated: 56292.json
Refactoring AI Content for: El secreto de Marrowbone...
✅ Successfully updated: 399366.json
Refactoring AI Content for: Spy City...
✅ Successfully updated: 113828.json
Refactoring AI Content for: الشعوذة 2...
✅ Successfully updated: 259693.json
Refactoring AI Content for: رجل العائلة...
✅ Successfully updated: 1434.json
Refactoring AI Content for: سيارات 2...
✅ Successfully updated: 49013.json
Refactoring AI Content for: My Dearest Assassin...
RAW RES: {
  "desc_ar": "في عالم المافيا، يوجد قائد يُسمى "القاتل"، الذي يُقتل كل من يُريد قتله. ولكن، عندما يلتقي بالفتاة الجميلة، يبدأ في تغيير مسار حياته. سوف نرى ما إذا كان القاتل سيفعل ما يُريد أم لا، في هذه الرواية الرومنسية والحركية والدرامية.",
  "desc_en": "In the world of mafia, there is a leader known as "The Killer", who kills anyone he wants to kill. But, when he meets the beautiful girl, he starts to change the course of his life. Will the killer do what he wants or not, in this romantic, action-packed, and dramatic story?",
  "meta_desc": "واش غيفلت؟ اكتشف أحداث الإثارة في فيلم "مهاجري" مترجم اون لاين - توميتو",
  "seo_title_ar": "مشاهدة فيلم "مهاجري" مترجم اون لاين - توميتو",
  "keywords": "فيلم كذا مترجم, مشاهدة فيلم كذا, فيلم حركة مترجم, فيلم دراما مترجم, فيلم رومنسية مترجم",
  "opinion": "هو فيلم ممتاز، مليء بالعديد من الأحداث الإثارة والقوية، والقصة الرومنسية والدرامية هي ما جعلني أن أحب هذا الفيلم.",
  "faq": [
    {"q": "ما هو نوع فيلم "مهاجري"؟", "a": "هو فيلم حركة، دراما، رومنسية"},
    {"q": "ما هو موضوع فيلم "مهاجري"؟", "a": "يحكي قصة قائد المافيا الذي يُقتل كل من يُريد قتله"},
    {"q": "ما هو ما جعلني أن أحب هذا الفيلم؟", "a": "القصة الرومنسية والدرامية هي ما جعلني أن أحب هذا الفيلم"}
  ]
}
JSON Parse error: Expecting ',' delimiter: line 2 column 49 (char 50)
AI failed to return valid JSON. Using fallbacks.
✅ Successfully updated: 1630423.json
Refactoring AI Content for: Crayon Shin-chan Spin-off...
✅ Successfully updated: 67324.json
Refactoring AI Content for: Hulk vs. Wolverine...
✅ Successfully updated: 15257.json
Refactoring AI Content for: Psycho Cop Returns...
✅ Successfully updated: 29693.json
Refactoring AI Content for: The Tonight Show Starring Johnny Carson...
✅ Successfully updated: 2261.json
Refactoring AI Content for: KURAU Phantom Memory...
✅ Successfully updated: 31692.json
Refactoring AI Content for: أفاتار: آخر مسخر هواء الأصداء والتداعيات...
✅ Successfully updated: 980431.json
Refactoring AI Content for: مشروع هيل ماري...
✅ Successfully updated: 687163.json
Refactoring AI Content for: Malna...
✅ Successfully updated: 10867.json
Refactoring AI Content for: King of the Hill...
✅ Successfully updated: 2122.json
Refactoring AI Content for: خراب...
✅ Successfully updated: 668489.json
Refactoring AI Content for: الرجل الحديدي...
✅ Successfully updated: 1726.json
Refactoring AI Content for: RRR...
✅ Successfully updated: 579974.json
Refactoring AI Content for: Due South...
✅ Successfully updated: 1527.json
Refactoring AI Content for: The Kelly Clarkson Show...
✅ Successfully updated: 82873.json
Refactoring AI Content for: المعادل 2...
✅ Successfully updated: 345887.json
Refactoring AI Content for: Hoshi Shinichi no Fushigina Fushigina Tanpen Dorama...
✅ Successfully updated: 158056.json
Refactoring AI Content for: هوبر وهامستر الظلام...
✅ Successfully updated: 778855.json
Refactoring AI Content for: ذا ماتريكس: النهضة...
✅ Successfully updated: 624860.json
Refactoring AI Content for: Mudborn...
✅ Successfully updated: 1526650.json
Refactoring AI Content for: Verstehen Sie Spa...
✅ Successfully updated: 83592.json
Refactoring AI Content for: Kingsman: The Secret Service...
✅ Successfully updated: 207703.json
Refactoring AI Content for: HK 80s...
✅ Successfully updated: 228091.json
Refactoring AI Content for: الهوبيت : رحلة غير متوقعة...
✅ Successfully updated: 49051.json
Refactoring AI Content for: Ninja Kamui...
✅ Successfully updated: 202284.json
Refactoring AI Content for: المسيرة الطويلة...
✅ Successfully updated: 604079.json
Refactoring AI Content for: The Exorcism of God...
✅ Successfully updated: 836225.json
Refactoring AI Content for: Adams Sweet Agony...
✅ Successfully updated: 241002.json
Refactoring AI Content for: The Bell System Science Series...
✅ Successfully updated: 242532.json
Refactoring AI Content for: The House on Haunted Grounds...
✅ Successfully updated: 1610418.json
Refactoring AI Content for: المنتقمون الحرب الأبدية...
✅ Successfully updated: 299536.json
Refactoring AI Content for: As a Reincarnated Aristocrat, Ill Use My Appraisal Skill to Rise in the World...
✅ Successfully updated: 237150.json
Refactoring AI Content for: Foundation...
✅ Successfully updated: 93740.json
Refactoring AI Content for: فندق هازبن...
✅ Successfully updated: 94954.json
Refactoring AI Content for: Big Brother...
✅ Successfully updated: 504056.json
Refactoring AI Content for: 3:10 to Yuma...
✅ Successfully updated: 5176.json
Refactoring AI Content for: The Good Old Days...
✅ Successfully updated: 111286.json
Refactoring AI Content for: بوكيمون...
✅ Successfully updated: 60572.json
Refactoring AI Content for: هوك أي...
✅ Successfully updated: 88329.json
Refactoring AI Content for: الهروب من السجن...
✅ Successfully updated: 2288.json
Refactoring AI Content for: رينا ديل فلو...
✅ Successfully updated: 80240.json
Refactoring AI Content for: المطهر...
✅ Successfully updated: 30984.json
Refactoring AI Content for: فتاة القرن العشرين...
✅ Successfully updated: 851644.json
Refactoring AI Content for: Come Home Love: Lo and Behold...
✅ Successfully updated: 91759.json
Refactoring AI Content for: Star Trek: The Next Generation...
✅ Successfully updated: 655.json
Refactoring AI Content for: Days of Being Wild...
✅ Successfully updated: 18311.json
Refactoring AI Content for: هاري بوتر وكأس النار...
✅ Successfully updated: 674.json
Refactoring AI Content for: Good Luck Charlie...
✅ Successfully updated: 21641.json
Refactoring AI Content for: مدينة العناصر...
✅ Successfully updated: 976573.json
Refactoring AI Content for: الرجل الجاري...
RAW RES: {
  "desc_ar": "في برنامج الرجل الجاري، يقوم المقدمون والضيوف بإكمال مهام تقع في عدة معالم للفوز بالسباق، بينما اللعبة الأساسية هي لعبة "مهمة السباق" التي تتمثل في خلع بطاقات الأعضاء بعضهم البعض، ويحصل الفائز على لقب الفوز.",
  "desc_en": "In the show 'The Running Man', the hosts and guests complete various missions at different locations to win the race, while the main game is 'Mission Run' where players must remove each other's cards, and the last one standing wins.",
  "meta_desc": "واش غيفلت؟ اكتشف أحداث الإثارة في الرجل الجاري - توميتو",
  "seo_title_ar": "مشاهدة الرجل الجاري مترجم اون لاين - توميتو",
  "keywords": "فيلم كوميديا مترجم, مشاهدة فيلم كوميديا",
  "opinion": "برنامج الرجل الجاري هو من البرامج التي تثير الإهتمام، حيث يجمع بين الكوميديا والواقع، مما يجعله من البرامج التي يجب مشاهدتها",
  "faq": [
    {"q": "ما هو البرنامج?", "a": "برنامج الرجل الجاري هو برنامج منوعات كوري جنوبي يقوم فيه المقدمون والضيوف بإكمال مهام تقع في عدة معالم للفوز بالسباق"},
    {"q": "ما هو اللعبة الأساسية في البرنامج؟", "a": "اللعبة الأساسية في البرنامج هي لعبة "مهمة السباق" التي تتمثل في خلع بطاقات الأعضاء بعضهم البعض"},
    {"q": "ما هو الفائز في البرنامج؟", "a": "الفائز في البرنامج هو الشخص الأخير الذي لم تنزع بطاقة إسمه"}
  ]
}
JSON Parse error: Expecting ',' delimiter: line 2 column 136 (char 137)
AI failed to return valid JSON. Using fallbacks.
✅ Successfully updated: 33238.json
Refactoring AI Content for: The Legend of Vox Machina...
✅ Successfully updated: 135934.json
Refactoring AI Content for: 3...
✅ Successfully updated: 1339876.json
Refactoring AI Content for: The Human Centipede 2 (Full Sequence)...
RAW RES: {
  "desc_ar": "في عالم من الابتعال والوحشية، يلدغ المخرج دافيد ليندينماين بفيلم رعب درامي يخيفنا جميعاً. في هذا الفيلم، نرى كيف يلدغ المخرج ليندينماين ثلاثة نسوة مأزقاً في زنزانة، ويجبرهن على أن يلدغن معاً فيما يلدغن معاً فيما يلدغن معاً فيما يلدغن معاً فيما يلدغن معاً فيما يلدغن معاً فيما يلدغن معاً فيما يلدغن معاً فيما يلدغن معاً فيما يلدغن معاً فيما يلدغن معاً فيما يلدغن معاً فيما يلدغن معاً فيما يلدغن معاً فيما يلدغن معاً فيما يلدغن معاً فيما يلدغن معاً فيما يلدغن معاً فيما يلدغن معاً فيما يلدغن معاً فيما يلدغن معاً فيما يلدغن معاً فيما يلدغن معاً فيما يلدغن معاً فيما يلدغن معاً فيما يلدغن معاً فيما يلدغن معاً فيما يلدغن معاً فيما يلدغن معاً فيما يلدغن معاً فيما يلدغن معاً فيما يلدغن معاً فيما يلدغن معاً فيما يلدغن معاً فيما يلدغن معاً فيما يلدغن معاً فيما يلدغن معاً فيما يلدغن معاً فيما يلدغن معاً فيما يلدغن معاً فيما يلدغن معاً فيما يلدغن معاً فيما يلدغن معاً فيما يلدغن معاً فيما يلدغن معاً فيما يلدغن معاً فيما يلدغن معاً فيما يلدغن معاً فيما يلدغن معاً فيما يلدغن معاً فيما يلدغن معاً فيما يلدغن معاً فيما يلدغن معاً فيما يلدغن معاً فيما يلدغن معاً فيما يلدغن معاً فيما يلدغن معاً فيما يلدغن معاً فيما يلدغن معاً فيما يلدغن معاً فيما يلدغن معاً فيما يلدغن معاً فيما يلدغن معاً فيما يلدغن معاً فيما يلدغن معاً فيما يلدغن معاً فيما يلدغن معاً فيما يلدغن معاً فيما يلدغن معاً فيما يلدغن معاً فيما يلدغن معاً فيما يلدغن معاً فيما يلدغن معاً فيما يلدغن معاً فيما يلدغن معاً فيما يلدغن معاً فيما يلدغن معاً فيما يلدغن معاً فيما يلدغن معاً فيما يلدغن معاً فيما يلدغن معاً فيما يلدغن معاً فيما يلدغن معاً فيما يلدغن معاً فيما يلدغن معاً فيما يلدغن معاً فيما يلدغن معاً فيما يلدغن معاً فيما يلدغن معاً فيما يلدغن معاً فيما يلدغن معاً فيما يلدغن معاً فيما يلدغن معاً فيما يلدغ
JSON Parse error: Unterminated string starting at: line 2 column 14 (char 15)
AI failed to return valid JSON. Using fallbacks.
✅ Successfully updated: 74997.json
Refactoring AI Content for: ديدبول...
✅ Successfully updated: 293660.json
Refactoring AI Content for: Stuck in the Middle...
✅ Successfully updated: 65291.json
Refactoring AI Content for: Marvel Studios Legends...
RAW RES: {
  "desc_ar": "في سلسلة Marvel Studios Legends، نرى كيف أن الأبطال والشركاء يلعبون دوراً رئيسياً في تحقيق النجاح في عالم Marvel. من خلال مقابلات مع المديرين التنفيذيين والمنتجين والفنانين، نتعرف على كيفية عمل Marvel Studios في إنتاج أفلامها وبرامجها التلفزيونية، بالإضافة إلى كيفية تطوير الشخصيات والقصص،" 
  "desc_en": "In Marvel Studios Legends, we see how the heroes and partners play a key role in achieving success in the Marvel universe. Through interviews with the executive directors, producers, and artists, we learn about how Marvel Studios produces its films and television programs, as well as how it develops characters and stories,"
  "meta_desc": "واش غيفلت؟ اكتشف أحداث الإثارة في Marvel Studios Legends - توميتو",
  "seo_title_ar": "مشاهدة Marvel Studios Legends مترجم اون لاين - توميتو",
  "keywords": "فيلم Marvel Studios Legends مترجم, مشاهدة Marvel Studios Legends",
  "opinion": "هذه السلسلة هي من أفضل ما يمكن أن يلقي عليه اسم Marvel Studios، حيث نرى كيف أن الأبطال والشركاء يلعبون دوراً رئيسياً في تحقيق النجاح في عالم Marvel.",
  "faq": [
    {"q": "ما هو Marvel Studios Legends؟", "a": "هو سلسلة وثائقية تروي قصة Marvel Studios من خلال مقابلات مع المديرين التنفيذيين والمنتجين والفنانين."},
    {"q": "ما هي أهمية Marvel Studios Legends؟", "a": "هو يلقي الضوء على كيفية عمل Marvel Studios في إنتاج أفلامها وبرامجها التلفزيونية، بالإضافة إلى كيفية تطوير الشخصيات والقصص."},
    {"q": "هل Marvel Studios Legends مترجم؟", "a": "نعم، سلسلة Marvel Studios Legends متاحة مترجمة على توميتو"}
  ]
}
JSON Parse error: Expecting ',' delimiter: line 3 column 3 (char 310)
AI failed to return valid JSON. Using fallbacks.
✅ Successfully updated: 114695.json
Refactoring AI Content for: Plus belle la vie...
RAW RES: {
  "desc_ar": "في عالم الدراما والكوميديا والجريمة، تتميز سلسلة «بلاس بل لا في» بكونها واحدة من أكثر المسلسلات العربية شعبيةً، حيث تتميز بروحها الفنية والقصص الدرامية والكوميديا والجريمة، مما يجعلها من بين أفضل المسلسلات العربية في هذا المجال.",
  "desc_en": "In the world of drama, comedy, and crime, the series "Plus belle la vie" stands out as one of the most popular Arabic series, known for its artistic spirit and dramatic, comedic, and crime stories, making it one of the best Arabic series in this field.",
  "meta_desc": "واش غيفلت؟ اكتشف أحداث الإثارة في سلسلة «بلاس بل لا في» - دراما، كوميديا، جريمة!",
  "seo_title_ar": "مشاهدة فيلم بلاس بل لا في مترجم اون لاين - توميتو",
  "keywords": "فيلم دراما مترجم, مشاهدة فيلم كوميديا, فيلم جريمة مترجم",
  "opinion": "هذه السلسلة هي واحدة من أفضل ما عرضه التلفزيون العربي، حيث تتميز بروحها الفنية والقصص الدرامية والكوميديا والجريمة، مما يجعلها من بين أفضل المسلسلات العربية في هذا المجال.",
  "faq": [
    {"q": "ما هو نوع السلسلة؟", "a": "هي دراما، كوميديا، جريمة"},
    {"q": "ما هو سبب شعبية السلسلة؟", "a": "تتميز بروحها الفنية والقصص الدرامية والكوميديا والجريمة"},
    {"q": "ما هو أفضل ما في السلسلة؟", "a": "تتميز بروحها الفنية والقصص الدرامية والكوميديا والجريمة"}
  ]
}
JSON Parse error: Expecting ',' delimiter: line 3 column 69 (char 315)
AI failed to return valid JSON. Using fallbacks.
✅ Successfully updated: 8590.json
Refactoring AI Content for: كلاب المستودع...
✅ Successfully updated: 500.json
Refactoring AI Content for: المتحولون: صعود الوحوش...
RAW RES: {
  "desc_ar": "في عالم متكامل من الخيال العلمي، تظهر مجموعة من الحيوانات الآلية، التي تملك القدرة على التحول إلى أشكال مختلفة، مما يطلق العنان لحربا كبرى بين المتحولون والبشر. صعود الوحوش هو الجزء الثالث في سلسلة المتحولون، حيث يصارع المتحولون من أجل البقاء في عالم مليء بالخطر،" 
  "desc_en": "In a world of science fiction, a group of robotic animals appears, possessing the ability to transform into different forms, unleashing a great war between the Transformers and humans. Rise of the Beasts is the third part in the Transformers series, where the Transformers fight for survival in a world full of danger," 
  "meta_desc": "واش غيفلت؟ اكتشف أحداث الإثارة في المتحولون: صعود الوحوش - توميتو",
  "seo_title_ar": "مشاهدة فيلم المتحولون: صعود الوحوش مترجم اون لاين - توميتو",
  "keywords": "فيلم المتحولون مترجم, مشاهدة فيلم المتحولون: صعود الوحوش",
  "opinion": "هو فيلم متألق في سلسلة المتحولون، حيث يجمع بين الحركة والخيال العلمي في أفضل manera، مما ينتج عنه فيلم متعة ومتعة",
  "faq": [
    {"q": "ما هو المتحولون: صعود الوحوش؟", "a": "هو فيلم خيال علمي مغامرة حركة يصارع المتحولون من أجل البقاء في عالم مليء بالخطر"},
    {"q": "ما هو نوع المتحولون: صعود الوحوش؟", "a": "هو فيلم مترجم اون لاين، حيث يمكنك مشاهدته من أي مكان"},
    {"q": "ما هو أفضل جزء في المتحولون: صعود الوحوش؟", "a": "هو الجزء الثالث في سلسلة المتحولون، حيث يجمع بين أفضل ما في السلسلة"}
  ]
}
JSON Parse error: Expecting ',' delimiter: line 3 column 3 (char 284)
AI failed to return valid JSON. Using fallbacks.
✅ Successfully updated: 667538.json
Refactoring AI Content for: الساموراي السبعة...
✅ Successfully updated: 346.json
Refactoring AI Content for: ماذا لو...؟...
✅ Successfully updated: 91363.json
Refactoring AI Content for: الحفرة...
RAW RES: {
  "desc_ar": "في عالم المخدرات، يتعامل رجل الأعمال المخادع بيركلي مع المخادعين والقانونيين، فيما يتعامل رجل الأعمال المخادع جيمس مع المخادعين والقانونيين، فيما يتعامل رجل الأعمال المخادع جيمس مع المخادعين والقانونيين، فيما يتعامل رجل الأعمال المخادع جيمس مع المخادعين والقانونيين، فيما يتعامل رجل الأعمال المخادع جيمس مع المخادعين والقانونيين، فيما يتعامل رجل الأعمال المخادع جيمس مع المخادعين والقانونيين، فيما يتعامل رجل الأعمال المخادع جيمس مع المخادعين والقانونيين، فيما يتعامل رجل الأعمال المخادع جيمس مع المخادعين والقانونيين، فيما يتعامل رجل الأعمال المخادع جيمس مع المخادعين والقانونيين، فيما يتعامل رجل الأعمال المخادع جيمس مع المخادعين والقانونيين، فيما يتعامل رجل الأعمال المخادع جيمس مع المخادعين والقانونيين، فيما يتعامل رجل الأعمال المخادع جيمس مع المخادعين والقانونيين، فيما يتعامل رجل الأعمال المخادع جيمس مع المخادعين والقانونيين، فيما يتعامل رجل الأعمال المخادع جيمس مع المخادعين والقانونيين، فيما يتعامل رجل الأعمال المخادع جيمس مع المخادعين والقانونيين، فيما يتعامل رجل الأعمال المخادع جيمس مع المخادعين والقانونيين، فيما يتعامل رجل الأعمال المخادع جيمس مع المخادعين والقانونيين، فيما يتعامل رجل الأعمال المخادع جيمس مع المخادعين والقانونيين، فيما يتعامل رجل الأعمال المخادع جيمس مع المخادعين والقانونيين، فيما يتعامل رجل الأعمال المخادع جيمس مع المخادعين والقانونيين، فيما يتعامل رجل الأعمال المخادع جيمس مع المخادعين والقانونيين، فيما يتعامل رجل الأعمال المخادع جيمس مع المخادعين والقانونيين، فيما يتعامل رجل الأعمال المخادع جيمس مع المخادعين والقانونيين، فيما يتعامل رجل الأعمال المخادع جيمس مع المخادعين والقانونيين، فيما يتعامل رجل الأعمال المخادع جيمس مع المخادعين والقانونيين، فيما يتعامل رجل الأعمال المخادع جيمس مع المخادعين والقانونيين، فيما يتعامل رجل الأعمال المخادع جيمس مع المخادعين والقانونيين، فيما يتعامل رجل الأعمال المخادع جيمس مع المخادعين والقانونيين، فيما يتعامل رجل الأعمال المخادع جيمس مع المخادعين والقانونيين، فيما يتعامل رجل الأعمال المخادع جيمس مع المخادعين والقانونيين، فيما يتعامل رجل الأعمال المخادع جيمس مع المخادعين والقانونيين، فيما يتعامل رجل الأعمال المخادع جيمس مع المخادعين والقانونيين، فيما يتعامل رجل الأعمال المخادع جيمس مع المخادعين والقانونيين، فيما يتعامل رجل الأعمال المخادع جيمس مع المخادعين والقانونيين، فيما يتعامل رجل الأعمال المخادع جيمس مع المخادعين والقانونيين، فيما يتعامل رجل الأعمال المخادع جيمس مع المخادعين والقانونيين، فيما يتعامل رجل الأعمال المخادع جيمس مع المخادعين والقانونيين، فيما يتعامل رجل الأعمال المخاد
JSON Parse error: Unterminated string starting at: line 2 column 14 (char 15)
AI failed to return valid JSON. Using fallbacks.
✅ Successfully updated: 74823.json
Refactoring AI Content for: The Rifleman...
✅ Successfully updated: 13859.json
Refactoring AI Content for: سبايدرمان: عبر عالم العنكبوت...
✅ Successfully updated: 569094.json
Refactoring AI Content for: Ted 2...
✅ Successfully updated: 214756.json
Refactoring AI Content for: الشقيقان رحلة خيالية...
✅ Successfully updated: 508439.json
Refactoring AI Content for: جرائم في المبنى...
✅ Successfully updated: 107113.json
Refactoring AI Content for: المبارزة الأخيرة...
✅ Successfully updated: 617653.json
Refactoring AI Content for: Shakugan no Shana...
✅ Successfully updated: 22634.json
Refactoring AI Content for: الخصمان اللدودان...
RAW RES: {
  "desc_ar": "يصبح المحقّق عنيد من شرطة "لوس أنجلوس" مهووسًا بالقبض على لصّ محنك يقف وراء سلسلة من عمليات السطو الجريئة، ويحاول القبض عليه من أجل استعادة السلام في المدينة. ولكن، لن تكون الغلبة إلا لواحد منهما.",
  "desc_en": "A ruthless detective from the Los Angeles Police Department becomes obsessed with catching a cunning thief who is behind a series of daring heists, and he tries to apprehend him to restore peace to the city. However, it won't be easy for either of them.",
  "meta_desc": "واش غيفلت؟ اكتشف أحداث الإثارة في مسلسل الخصمان اللدودان Nemesis!",
  "seo_title_ar": "مشاهدة مسلسل الخصمان اللدودان Nemesis مترجم اون لاين - توميتو",
  "keywords": "فيلم كذا مترجم, مشاهدة فيلم كذا, مسلسل حركة ومغامرة, مسلسل دراما, مسلسل جريمة",
  "opinion": "هو فيلم رائع يجمع بين الحركة والدراما والجريمة في إنتاج فني رائع، ويحولنا إلى عالم المخاطر والتشويق.",
  "faq": [
    {"q": "ما هو موضوع مسلسل الخصمان اللدودان؟", "a": "يحكي قصة المحقّق عنيد من شرطة "لوس أنجلوس" واللصّ المحنك"},
    {"q": "ما هو نوع مسلسل الخصمان اللدودان؟", "a": "هو مسلسل حركة ومغامرة ودراما وجريمة"},
    {"q": "ما هو المخرج الرئيسي لمسلسل الخصمان اللدودان؟", "a": "لا يوجد معلومات عن المخرج الرئيسي في هذا الوقت"}
  ]
}
JSON Parse error: Expecting ',' delimiter: line 2 column 42 (char 43)
AI failed to return valid JSON. Using fallbacks.
✅ Successfully updated: 285807.json
Refactoring AI Content for: ياميشيباي: قصص الأشباح اليابانية...
✅ Successfully updated: 56559.json
Refactoring AI Content for: أكوما كون...
✅ Successfully updated: 120241.json
Refactoring AI Content for: Dolls...
✅ Successfully updated: 870.json
Refactoring AI Content for: Magnum P.I....
✅ Successfully updated: 79593.json
Refactoring AI Content for: Au revoir l-haut...
RAW RES: {
  "desc_ar": "في عالم الحرب، يوجد أشخاص يلعبون دوراً في تحقيق النصر، ولكن ما هو الهدف من هذه الحرب؟ ما هو الprecio الذي يتعذر دفعها؟ في فيلم "أو رفيق الحوت"، نرى كيف يلعب الأشخاص دوراً في الحرب، ولكننا نرى أيضاً كيف يلعبون دوراً في حياتهم الشخصية، ويحاولون أن يفهموا ما هو الprecio الذي يتعذر دفعها.",
  "desc_en": "In a world of war, there are people who play a role in achieving victory, but what is the goal of this war? What is the price that must be paid? In the film "See You Up There", we see how people play a role in the war, but we also see how they play a role in their personal lives, and they try to understand what is the price that must be paid.",
  "meta_desc": "واش غيفلت؟ اكتشف أحداث الإثارة في فيلم دراما جريمة حرب "أو رفيق الحوت"",
  "seo_title_ar": "مشاهدة فيلم أو رفيق الحوت مترجم اون لاين - توميتو",
  "keywords": "فيلم دراما مترجم, مشاهدة فيلم جريمة حرب",
  "opinion": "هو فيلم مدهش يلقي الضوء على الحرب والجريمة والدراما، ويحاول أن يفهمنا ما هو الprecio الذي يتعذر دفعها، ويحاول أن يفهمنا كيف يلعب الأشخاص دوراً في الحرب والجريمة والدراما.",
  "faq": [
    {"q": "ما هو الهدف من هذه الحرب؟", "a": "في هذا الفيلم، نرى كيف يلعب الأشخاص دوراً في الحرب، ولكننا نرى أيضاً كيف يلعبون دوراً في حياتهم الشخصية."},
    {"q": "ما هو الprecio الذي يتعذر دفعها؟", "a": "في هذا الفيلم، نرى كيف يلعب الأشخاص دوراً في الحرب، ولكننا نرى أيضاً كيف يلعبون دوراً في حياتهم الشخصية."},
    {"q": "ما هو نوع هذا الفيلم؟", "a": "هو فيلم دراما جريمة حرب، ويحاول أن يفهمنا ما هو الprecio الذي يتعذر دفعها، ويحاول أن يفهمنا كيف يلعب الأشخاص دوراً في الحرب والجريمة والدراما."}
  ]
}
JSON Parse error: Expecting ',' delimiter: line 2 column 143 (char 144)
AI failed to return valid JSON. Using fallbacks.
✅ Successfully updated: 430424.json
Refactoring AI Content for: صوفيا الأميرة...
✅ Successfully updated: 46928.json
Refactoring AI Content for: Whistle...
✅ Successfully updated: 1193501.json
Refactoring AI Content for: فرقة العدالة لزاك سنايدر...
✅ Successfully updated: 791373.json
Refactoring AI Content for: Paul American...
✅ Successfully updated: 283393.json
Refactoring AI Content for: الشجعان الخمسة...
RAW RES: {
  "desc_ar": "تابع المسلسل مغامرات الإخوة الخمسة الذين يستخدمون مركبات فضائية وبحرية وبرية متطورة جداً تسمى "ثندربيردز" لإنقاذ الناس من الكوارث حول العالم. شاهدوا كيف يخوضون مغامرات رائعة مع أصدقائهم والذين يتعاونون معهم لإنقاذ العالم من الأخطار.",
  "desc_en": "Join the adventures of the five brothers who use advanced spacecraft, naval, and terrestrial vehicles called "Thunderbirds" to rescue people from disasters around the world. Watch as they embark on thrilling adventures with their friends and allies to save the world from danger.",
  "meta_desc": "واش غيفلت؟ اكتشف مغامرات الإخوة الخمسة مع ثندربيردز!",
  "seo_title_ar": "مشاهدة فيلم الشجعان الخمسة مترجم اون لاين - توميتو",
  "keywords": "فيلم الشجعان الخمسة مترجم, مشاهدة فيلم الشجعان الخمسة",
  "opinion": "هو فيلم رائع يجمع بين المغامرة والفانتازيا والرسوم المتحركة، مما يجعله مناسبًا لجميع الأعمار.",
  "faq": [
    {"q": "ما هو نوع الشجعان الخمسة؟", "a": "هو مسلسل رسوم متحركة خيال علمي وفانتازيا."},
    {"q": "ما هو هدف الإخوة الخمسة؟", "a": "هدفهم إنقاذ الناس من الكوارث حول العالم."},
    {"q": "ما هو اسم مركبات الإخوة الخمسة؟", "a": "اسمها ثندربيردز"}
  ]
}
JSON Parse error: Expecting ',' delimiter: line 2 column 110 (char 111)
AI failed to return valid JSON. Using fallbacks.
✅ Successfully updated: 62290.json
Refactoring AI Content for: ذا بيريفيرال...
RAW RES: {
  "desc_ar": "في عالم متغير، حيث يلزم البشر أن يلتحقوا بالماضي، تتبعنا امرأة تحاول تجميع أواصر أسرتها المشتتة في زوايا منسية من "أمريكا" الغد. قصة جميلة لـ"وليام غيبسون" تصحبنا في هلاوس عن مصير البشرية وما يكمن وراءه.",
  "desc_en": "In a world where humans must connect with the past, we follow a woman who tries to reunite her scattered family in the dystopian America of the future. A beautiful story by William Gibson takes us on a journey through the human condition and what lies behind it.",
  "meta_desc": "واش غيفلت؟ اكتشف أحداث الإثارة في "ذا بيريفيرال"، قصة خيال علمي وفانتازيا دراما",
  "seo_title_ar": "مشاهدة فيلم ذا بيريفيرال مترجم اون لاين - توميتو",
  "keywords": "فيلم ذا بيريفيرال مترجم, مشاهدة فيلم ذا بيريفيرال",
  "opinion": "قصة جميلة، تتميز بتصويرها الواقعي لما هو يأتي في المستقبل، وتصويرها الواقعي لما هو يأتي في المستقبل.",
  "faq": [
    {"q": "ما هو نوع "ذا بيريفيرال"؟", "a": "هو نوع دراما خيال علمي وفانتازيا"},
    {"q": "ما هو موضوع "ذا بيريفيرال"؟", "a": "يحكى قصة امرأة تحاول تجميع أواصر أسرتها المشتتة في زوايا منسية من "أمريكا" الغد."},
    {"q": "ما هو نوع الميديا ل"ذا بيريفيرال"?", "a": "هو نوع تلفزيوني"}
  ]
}
JSON Parse error: Expecting ',' delimiter: line 2 column 130 (char 131)
AI failed to return valid JSON. Using fallbacks.
✅ Successfully updated: 95403.json
Refactoring AI Content for: Sin senos s hay paraso...
✅ Successfully updated: 67335.json
Refactoring AI Content for: فتيان اشقياء للابد...
✅ Successfully updated: 38700.json
Refactoring AI Content for: Conan...
✅ Successfully updated: 32415.json
Refactoring AI Content for: دراغون كويست مغامراة داي...
RAW RES: {
  "desc_ar": "منذ زمن بعيد، كان هناك سيّاف شُجاع اشتُهِر باسم "البطل" وكان هناك شيطان يسبّب المعاناة للناس. وصل البطل ورفاقه ليتحدّوا الشيطان في معركة، وبتضافر قواهم، هزموا الشيطان على نحو سريع حتّى عمّ السّلام في الجزيرة وأخذ الجميع فيها يعيشون بهناء ورغد. بعد سنوات، انبعث الشيطان من جديد. أخذ داي وأصدقاؤه على عاتقهم مهمّة إيقافه وإيقاف القوّة الشرّيرة التي سعَتْ لإحيائه.",
  "desc_en": "From a distant past, a brave warrior named "The Hero" was renowned for his exploits. A demon was causing suffering to the people. The Hero and his companions joined forces to defeat the demon in a battle, and with their combined strength, they defeated the demon quickly, bringing peace to the island and causing everyone to live in happiness and contentment. Years later, the demon was reborn. Dai and his friends took on the task of stopping him and halting the dark power that sought to revive him. During his adventure, Dai discovered the identity of "The Hero" and the truth about the dark power that revived the demon and his hidden abilities that appear when his danger level rises.",
  "meta_desc": "واش غيفلت؟ اكتشف أحداث الإثارة في دراغون كويست: مغامراة داي",
  "seo_title_ar": "مشاهدة فيلم دراغون كويست: مغامراة داي مترجم اون لاين - توميتو",
  "keywords": "فيلم دراغون كويست مترجم, مشاهدة فيلم دراغون كويست",
  "opinion": "هذه مغامرة رائعة مليئة بال-action وال مغامرة والخيال العلمي، ستجعلك تراقب كل دقيقة منها. داي هو بطل رائع، يملك القوة والشجاعة والقوة النفسية لقيادة أصدقائه في مغامرتهم ضد الشيطان.",
  "faq": [
    {"q": "ما هو دراغون كويست؟", "a": "هو سلسلة رسوم متحركة رائعة مليئة بال-action وال مغامرة والخيال العلمي."},
    {"q": "ما هو مغامراة داي؟", "a": "هو مغامرة رائعة تليق داي والصدقاء في قتالهم ضد الشيطان."},
    {"q": "ما هو الخيال العلمي في دراغون كويست؟", "a": "هو عنصر رئيسي في المغامرة، حيث يكتشف داي قواه الخفيّة والقوة النفسية"}
  ]
}
JSON Parse error: Expecting ',' delimiter: line 2 column 64 (char 65)
AI failed to return valid JSON. Using fallbacks.
✅ Successfully updated: 96884.json
Refactoring AI Content for: Tada Never Falls in Love...
✅ Successfully updated: 75975.json
Refactoring AI Content for: موعد كارل الغرامي...
✅ Successfully updated: 1076364.json
Refactoring AI Content for: After Porn Ends 2...
✅ Successfully updated: 440249.json
Refactoring AI Content for: The Wild Wild West...
✅ Successfully updated: 10929.json
Refactoring AI Content for: سكارليت اللامتناهية...
✅ Successfully updated: 1406657.json
Refactoring AI Content for: رجل افضل...
✅ Successfully updated: 799766.json
Refactoring AI Content for: Alguien tiene que saber...
✅ Successfully updated: 297454.json
Refactoring AI Content for: هويات مزيفة...
✅ Successfully updated: 262280.json
Refactoring AI Content for: شباب العدالة...
✅ Successfully updated: 33217.json
Refactoring AI Content for: رانما...
✅ Successfully updated: 57706.json
Refactoring AI Content for: فورد ضد فيراري...
✅ Successfully updated: 359724.json
Refactoring AI Content for: الوطني...
✅ Successfully updated: 2024.json
Refactoring AI Content for: آل التنين...
✅ Successfully updated: 94997.json
Refactoring AI Content for: خارج الحرم الجامعي...
✅ Successfully updated: 273240.json
Refactoring AI Content for: Merlin...
✅ Successfully updated: 7225.json
Refactoring AI Content for: Demain nous appartient...
RAW RES: {
  "desc_ar": "في عالم المافيا، حيث القوة هي كل ما يهم، يجد ourselves في وسط المعركة بين النفوذ والقوة. من هنا، يبدأ رحلة من العنف والقتل والخيانة، حيث يصطدم الأبطال بمن يريدون أن يسيروا المافيا، ويحاولون أن يسيروا المافيا، ويحاولون أن يسيروا المافيا، ويحاولون أن يسيروا المافيا، ويحاولون أن يسيروا المافيا، ويحاولون أن يسيروا المافيا، ويحاولون أن يسيروا المافيا، ويحاولون أن يسيروا المافيا، ويحاولون أن يسيروا المافيا، ويحاولون أن يسيروا المافيا، ويحاولون أن يسيروا المافيا، ويحاولون أن يسيروا المافيا، ويحاولون أن يسيروا المافيا، ويحاولون أن يسيروا المافيا، ويحاولون أن يسيروا المافيا، ويحاولون أن يسيروا المافيا، ويحاولون أن يسيروا المافيا، ويحاولون أن يسيروا المافيا، ويحاولون أن يسيروا المافيا، ويحاولون أن يسيروا المافيا، ويحاولون أن يسيروا المافيا، ويحاولون أن يسيروا المافيا، ويحاولون أن يسيروا المافيا، ويحاولون أن يسيروا المافيا، ويحاولون أن يسيروا المافيا، ويحاولون أن يسيروا المافيا، ويحاولون أن يسيروا المافيا، ويحاولون أن يسيروا المافيا، ويحاولون أن يسيروا المافيا، ويحاولون أن يسيروا المافيا، ويحاولون أن يسيروا المافيا، ويحاولون أن يسيروا المافيا، ويحاولون أن يسيروا المافيا، ويحاولون أن يسيروا المافيا، ويحاولون أن يسيروا المافيا، ويحاولون أن يسيروا المافيا، ويحاولون أن يسيروا المافيا، ويحاولون أن يسيروا المافيا، ويحاولون أن يسيروا المافيا، ويحاولون أن يسيروا المافيا، ويحاولون أن يسيروا المافيا، ويحاولون أن يسيروا المافيا، ويحاولون أن يسيروا المافيا، ويحاولون أن يسيروا المافيا، ويحاولون أن يسيروا المافيا، ويحاولون أن يسيروا المافيا، ويحاولون أن يسيروا المافيا، ويحاولون أن يسيروا المافيا، ويحاولون أن يسيروا المافيا، ويحاولون أن يسيروا المافيا، ويحاولون أن يسيروا المافيا، ويحاولون أن يسيروا المافيا، ويحاولون أن يسيروا المافيا، ويحاولون أن يسيروا المافيا، ويحاولون أن يسيروا المافيا، ويحاولون أن يسيروا المافيا، ويحاولون أن يسيروا المافيا، ويحاولون أن يسيروا المافيا، ويحاولون أن يسيروا المافيا، ويحاولون أن يسيروا المافيا، ويحاولون أن يسيروا المافيا، ويحاولون أن يسيروا المافيا، ويحاولون أن يسيروا المافيا، ويحاولون أن يسيروا المافيا، ويحاولون أن يسيروا المافيا، ويحاولون أن يسيروا المافيا، ويحاولون أن يسيروا المافيا، ويحاولون أن يسيروا المافيا، ويحاولون أن يسيروا المافيا، ويحاولون أن يسيروا المافيا، ويحاولون أن يسيروا المافيا، ويحاولون أن يسيروا المافيا، ويحاولون أن يسيروا المافيا، ويحاولون أن يسيروا الماف
JSON Parse error: Unterminated string starting at: line 2 column 14 (char 15)
AI failed to return valid JSON. Using fallbacks.
✅ Successfully updated: 72879.json
Refactoring AI Content for: Milo...
✅ Successfully updated: 228272.json
Refactoring AI Content for: Deadwood...
✅ Successfully updated: 1406.json
Refactoring AI Content for: حرب النجوم: مول - سيد الظلال...
✅ Successfully updated: 289219.json
Refactoring AI Content for: ناا...
✅ Successfully updated: 615453.json
Refactoring AI Content for: هاري بوتر وسجين أزكابان...
✅ Successfully updated: 673.json
Refactoring AI Content for: الماندالوري...
✅ Successfully updated: 82856.json
Refactoring AI Content for: عائلة عصرية...
✅ Successfully updated: 1421.json
Refactoring AI Content for: جوكر...
✅ Successfully updated: 475557.json
Refactoring AI Content for: نكرة...
RAW RES: {
  "desc_ar": "في عالم من الظلام والرعب، يلقي هاتش مانسيل، أب في الضواحي، زوج مهمل، لا يوجد جار - "لا أحد"، في عديد الليالي، لصان منزله، حيث اشتعل غضب هاتش المجهول منذ فترة طويلة، ودفعه إلى طريق وحشي يكشف الأسرار المظلمة التي حارب لتركها وراءه.",
  "desc_en": "In a world of darkness and fear, Hatch Mansell, a father in the suburbs, a useless husband, with no neighbors - 'Nobody' - spends many nights breaking into his own home, where Hatch's unknown anger from a long time ago ignites and drives him down a savage path, revealing the dark secrets he fought to leave behind.",
  "meta_desc": "واش غيفلت؟ اكتشف أحداث الإثارة في فيلم نكرة",
  "seo_title_ar": "مشاهدة فيلم نكرة مترجم اون لاين - توميتو",
  "keywords": "فيلم نكرة مترجم, مشاهدة فيلم نكرة",
  "opinion": "هو فيلم رعب متميز، يلقيك في عالم من الخوف والرعب، حيث كل شيء يبدو مختلفاً",
  "faq": [
    {"q": "ما هو فيلم نكرة؟", "a": "هو فيلم رعب متميز يلقيك في عالم من الخوف والرعب"},
    {"q": "ما هو نوع فيلم نكرة؟", "a": "هو فيلم حركة وإثارة"},
    {"q": "ما هو أفضل شيء في فيلم نكرة؟", "a": "هو النهاية المدهشة والرعب المتميز"}
  ]
}
JSON Parse error: Expecting ',' delimiter: line 2 column 99 (char 100)
AI failed to return valid JSON. Using fallbacks.
✅ Successfully updated: 615457.json
Refactoring AI Content for: آرتي...
✅ Successfully updated: 95697.json
Refactoring AI Content for: The Epoch of Miyu...
✅ Successfully updated: 281231.json
Refactoring AI Content for: أدوات حادة...
✅ Successfully updated: 70453.json
Refactoring AI Content for: المختل...
✅ Successfully updated: 539.json
Refactoring AI Content for: رجل من الصلب...
✅ Successfully updated: 49521.json
Refactoring AI Content for: Psych...
✅ Successfully updated: 1447.json
Refactoring AI Content for: سبايدرمان بعيدا عن الوطن...
✅ Successfully updated: 429617.json
Refactoring AI Content for: ليل...
✅ Successfully updated: 308689.json
Refactoring AI Content for: مورتال كومبات ٢...
✅ Successfully updated: 931285.json
Refactoring AI Content for: The Marvelous Mrs. Maisel...
RAW RES: {
  "desc_ar": "في عالم النوادي الكوميديا، تكتشف ميريام "ميدج" مايزل موهبةً لم تكن معروفة من قبل، بعد أن فقدت كل ما تريده على الإطلاق. تذهب ميدج من جديد، وتكتشف أن موهبتها ستأخذها على طول الطريق من نوادي الكوميديا في قرية غرينتش إلى مكان على أريكة جوني كارسون.",
  "desc_en": "In the world of comedy clubs, Miriam 'Midge' Maisel discovers a hidden talent she never knew she had, after losing everything she ever wanted. Midge starts anew, and finds that her talent will take her on a journey from comedy clubs in Greenwich Village to a spot on Johnny Carson's couch.",
  "meta_desc": "واش غيفلت؟ اكتشف أحداث الإثارة في مسلسل الكوميديا والدراما «الماراولوس ميسيل»",
  "seo_title_ar": "مشاهدة مسلسل «الماراولوس ميسيل» مترجم اون لاين - توميتو",
  "keywords": "فيلم كوميديا مترجم, مشاهدة فيلم دراما",
  "opinion": "هو فيلم رائع يلقي الضوء على عالم الكوميديا والدراما في الستينيات، مع أداء رائع من ميريام «ميدج» مايزل",
  "faq": [
    {"q": "ما هو نوع «الماراولوس ميسيل»؟", "a": "هو مسلسل تلفزيوني كوميديا ودراما"},
    {"q": "ما هو موضوع «الماراولوس ميسيل»؟", "a": "يحكي قصة ميريام «ميدج» مايزل والتحول الذي حدث لها"},
    {"q": "ما هو نوع الميديا في «الماراولوس ميسيل»؟", "a": "هو تلفزيوني"}
  ]
}
JSON Parse error: Expecting ',' delimiter: line 2 column 56 (char 57)
AI failed to return valid JSON. Using fallbacks.
✅ Successfully updated: 70796.json
Refactoring AI Content for: كل شيء في كل مكان في وقت واحد...
✅ Successfully updated: 545611.json
Refactoring AI Content for: Sygeplejeskolen...
RAW RES: {
  "desc_ar": "في هذه السلسلة، نرى كيف يتعلمون الممرضون الجدد المهارات اللازمة لهم في ظل ظروف العمل الصعبة، بينما يتعاملون مع المرضى الذين يتعثرهم في عياداتهم، ويقومون بالمراقبة والرعاية الصحية لهم، فيขณะที่ يتعاملون مع المرضى الذين يتعثرهم في عياداتهم، ويقومون بالمراقبة والرعاية الصحية لهم، فيขณะที่ يتعاملون مع المرضى الذين يتعثرهم في عياداتهم، ويقومون بالمراقبة والرعاية الصحية لهم، فيขณะที่ يتعاملون مع المرضى الذين يتعثرهم في عياداتهم، ويقومون بالمراقبة والرعاية الصحية لهم، فيขณะที่ يتعاملون مع المرضى الذين يتعثرهم في عياداتهم، ويقومون بالمراقبة والرعاية الصحية لهم، فيขณะที่ يتعاملون مع المرضى الذين يتعثرهم في عياداتهم، ويقومون بالمراقبة والرعاية الصحية لهم، فيขณะที่ يتعاملون مع المرضى الذين يتعثرهم في عياداتهم، ويقومون بالمراقبة والرعاية الصحية لهم، فيขณะที่ يتعاملون مع المرضى الذين يتعثرهم في عياداتهم، ويقومون بالمراقبة والرعاية الصحية لهم، فيขณะที่ يتعاملون مع المرضى الذين يتعثرهم في عياداتهم، ويقومون بالمراقبة والرعاية الصحية لهم، فيขณะที่ يتعاملون مع المرضى الذين يتعثرهم في عياداتهم، ويقومون بالمراقبة والرعاية الصحية لهم، فيขณะที่ يتعاملون مع المرضى الذين يتعثرهم في عياداتهم، ويقومون بالمراقبة والرعاية الصحية لهم، فيขณะที่ يتعاملون مع المرضى الذين يتعثرهم في عياداتهم، ويقومون بالمراقبة والرعاية الصحية لهم، فيขณะที่ يتعاملون مع المرضى الذين يتعثرهم في عياداتهم، ويقومون بالمراقبة والرعاية الصحية لهم، فيขณะที่ يتعاملون مع المرضى الذين يتعثرهم في عياداتهم، ويقومون بالمراقبة والرعاية الصحية لهم، فيขณะที่ يتعاملون مع المرضى الذين يتعثرهم في عياداتهم، ويقومون بالمراقبة والرعاية الصحية لهم، فيขณะที่ يتعاملون مع المرضى الذين يتعثرهم في عياداتهم، ويقومون بالمراقبة والرعاية الصحية لهم، فيขณะที่ يتعاملون مع المرضى الذين يتعثرهم في عياداتهم، ويقومون بالمراقبة والرعاية الصحية لهم، فيขณะที่ يتعاملون مع المرضى الذين يتعثرهم في عياداتهم، ويقومون بالمراقبة والرعاية الصحية لهم، فيขณะที่ يتعاملون مع المرضى الذين يتعثرهم في عياداتهم، ويقومون بالمراقبة والرعاية الصحية لهم، فيขณะที่ يتعاملون مع المرضى الذين يتعثرهم في عياداتهم، ويقومون بالمراقبة والرعاية الصحية لهم، فيขณะที่ يتعاملون مع المرضى الذين يتعثرهم في عياداتهم، ويقومون بالمراقبة والرعاية الصحية لهم، فيขณะที่ يتعاملون مع المرضى الذين يتعثرهم في عياداتهم، ويقومون بالمراقبة والرعاية الصحية لهم، فيขณะที่ يتعاملون مع المرضى الذين يتعثرهم في عياداتهم، ويقومون بالمراقبة والرعاية الصحية لهم، فيขณะที่ يتعاملون مع المرضى الذين يتعثرهم في عياداتهم، ويقومون بالمراقبة والرعاية الصحية لهم، فيขณะที่ يتعاملون مع المرضى الذين يتعثرهم في عياداتهم، ويقومون بالمراقبة والرعاية الصحية لهم، فيขณะที่ يتعامل
JSON Parse error: Unterminated string starting at: line 2 column 14 (char 15)
AI failed to return valid JSON. Using fallbacks.
✅ Successfully updated: 83524.json
Refactoring AI Content for: جريمة قتل في قطار الشرق السريع...
✅ Successfully updated: 392044.json
Refactoring AI Content for: MacGyver...
✅ Successfully updated: 2875.json
Refactoring AI Content for: Please Sir!...
✅ Successfully updated: 10005.json
Refactoring AI Content for: Aliens...
✅ Successfully updated: 679.json
Refactoring AI Content for: بين النجوم...
✅ Successfully updated: 157336.json
Refactoring AI Content for: Penia...
RAW RES: {
  "desc_ar": "في فيلم «القمر الكامل»، نرى كيف يأخذنا الفيلم إلى رحلة داخل النفس البشرية، حيث نرى كيف يأخذنا الشخص إلى أماكن لم يكن يرغب فيها، ويأخذنا إلى أماكن لم يكن يرغب فيها، ويأخذنا إلى أماكن لم يكن يرغب فيها، ويأخذنا إلى أماكن لم يكن يرغب فيها، ويأخذنا إلى أماكن لم يكن يرغب فيها، ويأخذنا إلى أماكن لم يكن يرغب فيها، ويأخذنا إلى أماكن لم يكن يرغب فيها، ويأخذنا إلى أماكن لم يكن يرغب فيها، ويأخذنا إلى أماكن لم يكن يرغب فيها، ويأخذنا إلى أماكن لم يكن يرغب فيها، ويأخذنا إلى أماكن لم يكن يرغب فيها، ويأخذنا إلى أماكن لم يكن يرغب فيها، ويأخذنا إلى أماكن لم يكن يرغب فيها، ويأخذنا إلى أماكن لم يكن يرغب فيها، ويأخذنا إلى أماكن لم يكن يرغب فيها، ويأخذنا إلى أماكن لم يكن يرغب فيها، ويأخذنا إلى أماكن لم يكن يرغب فيها، ويأخذنا إلى أماكن لم يكن يرغب فيها، ويأخذنا إلى أماكن لم يكن يرغب فيها، ويأخذنا إلى أماكن لم يكن يرغب فيها، ويأخذنا إلى أماكن لم يكن يرغب فيها، ويأخذنا إلى أماكن لم يكن يرغب فيها، ويأخذنا إلى أماكن لم يكن يرغب فيها، ويأخذنا إلى أماكن لم يكن يرغب فيها، ويأخذنا إلى أماكن لم يكن يرغب فيها، ويأخذنا إلى أماكن لم يكن يرغب فيها، ويأخذنا إلى أماكن لم يكن يرغب فيها، ويأخذنا إلى أماكن لم يكن يرغب فيها، ويأخذنا إلى أماكن لم يكن يرغب فيها، ويأخذنا إلى أماكن لم يكن يرغب فيها، ويأخذنا إلى أماكن لم يكن يرغب فيها، ويأخذنا إلى أماكن لم يكن يرغب فيها، ويأخذنا إلى أماكن لم يكن يرغب فيها، ويأخذنا إلى أماكن لم يكن يرغب فيها، ويأخذنا إلى أماكن لم يكن يرغب فيها، ويأخذنا إلى أماكن لم يكن يرغب فيها، ويأخذنا إلى أماكن لم يكن يرغب فيها، ويأخذنا إلى أماكن لم يكن يرغب فيها، ويأخذنا إلى أماكن لم يكن يرغب فيها، ويأخذنا إلى أماكن لم يكن يرغب فيها، ويأخذنا إلى أماكن لم يكن يرغب فيها، ويأخذنا إلى أماكن لم يكن يرغب فيها، ويأخذنا إلى أماكن لم يكن يرغب فيها، ويأخذنا إلى أماكن لم يكن يرغب فيها، ويأخذنا إلى أماكن لم يكن يرغب فيها، ويأخذنا إلى أماكن لم يكن يرغب فيها، ويأخذنا إلى أماكن لم يكن يرغب فيها، ويأخذنا إلى أماكن لم يكن يرغب فيها، ويأخذنا إلى أماكن لم يكن يرغب فيها، ويأخذنا إلى أماكن لم يكن يرغب فيها، ويأخذنا إلى أماكن لم يكن يرغب فيها، ويأخذنا إلى أماكن لم يكن يرغب فيها، ويأخذنا إلى أماكن لم يكن يرغب فيها، ويأخذنا إلى أماكن لم يكن يرغب فيها، ويأخذنا إلى أماكن لم يكن يرغب فيها، ويأخذنا إلى أماكن لم يكن يرغب فيها، ويأخذنا إلى أماكن لم يكن يرغب فيها، ويأخذنا إلى أماكن لم يكن يرغب فيها، ويأخذنا إلى أماكن لم يكن يرغب فيها، ويأخذنا إلى أماكن لم يكن يرغب فيها، ويأخذنا إلى أماكن لم يكن يرغب فيها، ويأخذنا إلى أماكن لم
JSON Parse error: Unterminated string starting at: line 2 column 14 (char 15)
AI failed to return valid JSON. Using fallbacks.
✅ Successfully updated: 388776.json
Refactoring AI Content for: بيت الورق...
RAW RES: {
  "desc_ar": "يتّخذ ثمانية لصوص بعض الرهائن ويحبسون أنفسهم في "دار السكّ الملكيّة" في إسبانيا، حيث يتعثر المُتّجَرين بالشرطة والقانون، بينما يلعب أحد العقول الإجرامية دوراً رئيسياً في المُخطط، مما يُشكّل سيناريوً مُثيراً للقلق والتشويق.",
  "desc_en": "Eight thieves take some hostages and lock themselves in the Royal Mint in Spain, where they clash with the police and the law, while one of the masterminds plays a key role in the plan, creating a thrilling scenario of suspense and anxiety.",
  "meta_desc": "واش غيفلت؟ اكتشف أحداث الإثارة في بيت الورق",
  "seo_title_ar": "مشاهدة فيلم بيت الورق مترجم اون لاين - توميتو",
  "keywords": "فيلم جريمة مترجم, مشاهدة فيلم دراما",
  "opinion": "هو فيلم مُثير للقلق والتشويق، حيث يُشكّل سيناريوً مُثيراً للقلق والتشويق، ولكنّه يفتقر إلى بعض العناصر التي تجعلّه فيلماً مُفيداً",
  "faq": [
    {"q": "ما هو بيت الورق؟", "a": "هو فيلم جريمة دراما يُصوّر قصة لصوص يُحبسون أنفسهم في دار السكّ الملكيّة في إسبانيا"},
    {"q": "ما هو نوع بيت الورق؟", "a": "هو نوع فيلم تلفزيوني"},
    {"q": "ما هو أهم ما في بيت الورق؟", "a": "أهم ما في بيت الورق هو سيناريوُه المُثير للقلق والتشويق"}
  ]
}
JSON Parse error: Expecting ',' delimiter: line 2 column 64 (char 65)
AI failed to return valid JSON. Using fallbacks.
✅ Successfully updated: 71446.json
Refactoring AI Content for: Cidade de Deus...
✅ Successfully updated: 598.json
Refactoring AI Content for: محقق الحي الصيني...
✅ Successfully updated: 373200.json
Refactoring AI Content for: Marco Polo...
✅ Successfully updated: 6479.json
Refactoring AI Content for: قائمة الموتى...
RAW RES: {
  "desc_ar": "يحول رائد البحرية "جيمس ريس" إلى الانتقام بعد أن قتل فصيلته بأكملها، ويبحث عن القوى الغامضة وراء هذه الأحداث، بعيدًا عن هيكل القيادة العسكرية، يطبق"ريس" الدروس التي تعلمها من ما يقرب من عقدين من الحرب لتعقب الأشخاص المسؤولين، في رحلة ممتدة من الإثارة والغموض.",
  "desc_en": "After his team is killed, Navy SEAL James Reese seeks revenge and uncovers mysterious forces behind the tragedy, defying military hierarchy, he applies the lessons he learned from nearly two decades of war to track down the responsible individuals, in a thrilling and suspenseful journey.",
  "meta_desc": "واش غيفلت؟ اكتشف أحداث الإثارة في قائمة الموتى - توميتو",
  "seo_title_ar": "مشاهدة فيلم قائمة الموتى مترجم اون لاين - توميتو",
  "keywords": "فيلم قائمة الموتى مترجم, مشاهدة فيلم قائمة الموتى",
  "opinion": "هو فيلم إثارة يملأ القلب بالعديد من الأحداث المثيره والغامضة، يجعلك تتبع الأحداث مع الريس، ويجعلك تنتظر المزيد من الإثارة.",
  "faq": [
    {"q": "ما هو نوع الفيلم؟", "a": "فيلم حركة ومغامرة"},
    {"q": "ما هو نوع الميديا؟", "a": "تلفزيون"},
    {"q": "ما هو موضوع الفيلم؟", "a": "انتقام رائد البحرية من قتل فصيلته"}
  ]
}
JSON Parse error: Expecting ',' delimiter: line 2 column 34 (char 35)
AI failed to return valid JSON. Using fallbacks.
✅ Successfully updated: 120911.json
Refactoring AI Content for: Vacation Friends...
✅ Successfully updated: 653349.json
Refactoring AI Content for: Believer...
RAW RES: {
  "desc_ar": "في عالم المafia، يتعامل رجل الأعمال جيمس "المنظر" بلومنثال بسرية مع المafia، لكنه يكتشف أنهم يخططون لقتله. يتعامل جيمس مع المafia من خلال معالجة الأعمال والاتصالات، ويحاول أن ينجو من الموت، لكنه يكتشف أن المafia ليست ما يبدو عليه، وأنها تملك أسرارها الخاصة، ويحاول أن يفكها قبل أن يفقد حياته.",
  "desc_en": "In the world of the mafia, businessman James "The Believer" Bloomental deals secretly with the mafia, but he discovers that they are planning to kill him. James deals with the mafia through business and connections, and he tries to escape death, but he discovers that the mafia is not what it seems, and they have their own secrets, and he tries to uncover them before he loses his life.",
  "meta_desc": "(واش غيفلت؟ اكتشف أحداث الإثارة في فيلم believer)",
  "seo_title_ar": "مشاهدة فيلم believer مترجم اون لاين - توميتو",
  "keywords": "فيلم believer مترجم, مشاهدة فيلم believer",
  "opinion": "فيلم believer هو فيلم إثارة رائع، يلقي الضوء على عالم المafia، ويحاول أن يفكها قبل أن يفقد حياته. الفيلم مليء بالتension والدراما، ويحصل على نجمتين من五 نجوم.",
  "faq": [
    {"q": "ما هو فيلم believer?", "a": "فيلم believer هو فيلم جريمة حركة إثارة يروي قصة رجل الأعمال جيمس "المنظر" بلومنثال"},
    {"q": "ما هو نوع فيلم believer?", "a": "فيلم believer هو فيلم مترجم اون لاين"},
    {"q": "ما هو أفضل جزء في فيلم believer؟", "a": "أفضل جزء في الفيلم هو نهاية الفيلم، التي تملك الكثير من التension والدراما"}
  ]
}
JSON Parse error: Expecting ',' delimiter: line 2 column 57 (char 58)
AI failed to return valid JSON. Using fallbacks.
✅ Successfully updated: 518963.json
Refactoring AI Content for: الخارقون 2...
✅ Successfully updated: 260513.json
Refactoring AI Content for: المدمر...
✅ Successfully updated: 218.json
Refactoring AI Content for: The A-Team...
✅ Successfully updated: 1516.json
Refactoring AI Content for: Secret Pleasures...
RAW RES: {
  "desc_ar": "في عالم السرية، يوجد سرية أخرى، سرية المتعة، سرية الارتياح. في فيلم سرية المتعرات، نرى كيف يتعثر الأشخاص فيما بينهم، كيف يتعثر الأشخاص فيما بينهم، كيف يتعثر الأشخاص فيما بينهم، كيف يتعثر الأشخاص فيما بينهم، كيف يتعثر الأشخاص فيما بينهم، كيف يتعثر الأشخاص فيما بينهم، كيف يتعثر الأشخاص فيما بينهم، كيف يتعثر الأشخاص فيما بينهم، كيف يتعثر الأشخاص فيما بينهم، كيف يتعثر الأشخاص فيما بينهم، كيف يتعثر الأشخاص فيما بينهم، كيف يتعثر الأشخاص فيما بينهم، كيف يتعثر الأشخاص فيما بينهم، كيف يتعثر الأشخاص فيما بينهم، كيف يتعثر الأشخاص فيما بينهم، كيف يتعثر الأشخاص فيما بينهم، كيف يتعثر الأشخاص فيما بينهم، كيف يتعثر الأشخاص فيما بينهم، كيف يتعثر الأشخاص فيما بينهم، كيف يتعثر الأشخاص فيما بينهم، كيف يتعثر الأشخاص فيما بينهم، كيف يتعثر الأشخاص فيما بينهم، كيف يتعثر الأشخاص فيما بينهم، كيف يتعثر الأشخاص فيما بينهم، كيف يتعثر الأشخاص فيما بينهم، كيف يتعثر الأشخاص فيما بينهم، كيف يتعثر الأشخاص فيما بينهم، كيف يتعثر الأشخاص فيما بينهم، كيف يتعثر الأشخاص فيما بينهم، كيف يتعثر الأشخاص فيما بينهم، كيف يتعثر الأشخاص فيما بينهم، كيف يتعثر الأشخاص فيما بينهم، كيف يتعثر الأشخاص فيما بينهم، كيف يتعثر الأشخاص فيما بينهم، كيف يتعثر الأشخاص فيما بينهم، كيف يتعثر الأشخاص فيما بينهم، كيف يتعثر الأشخاص فيما بينهم، كيف يتعثر الأشخاص فيما بينهم، كيف يتعثر الأشخاص فيما بينهم، كيف يتعثر الأشخاص فيما بينهم، كيف يتعثر الأشخاص فيما بينهم، كيف يتعثر الأشخاص فيما بينهم، كيف يتعثر الأشخاص فيما بينهم، كيف يتعثر الأشخاص فيما بينهم، كيف يتعثر الأشخاص فيما بينهم، كيف يتعثر الأشخاص فيما بينهم، كيف يتعثر الأشخاص فيما بينهم، كيف يتعثر الأشخاص فيما بينهم، كيف يتعثر الأشخاص فيما بينهم، كيف يتعثر الأشخاص فيما بينهم، كيف يتعثر الأشخاص فيما بينهم، كيف يتعثر الأشخاص فيما بينهم، كيف يتعثر الأشخاص فيما بينهم، كيف يتعثر الأشخاص فيما بينهم، كيف يتعثر الأشخاص فيما بينهم، كيف يتعثر الأشخاص فيما بينهم، كيف يتعثر الأشخاص فيما بينهم، كيف يتعثر الأشخاص فيما بينهم، كيف يتعثر الأشخاص فيما بينهم، كيف يتعثر الأشخاص فيما بينهم، كيف يتعثر الأشخاص فيما بينهم، كيف يتعثر الأشخاص فيما بينهم، كيف يتعثر الأشخاص فيما بينهم، كيف يتعثر الأشخاص فيما بينهم، كيف يتعثر الأشخاص فيما بينهم، كيف يتعثر الأشخاص فيما بينهم، كيف يتعثر الأشخاص فيما بينهم، كيف يتعثر الأشخاص فيما بينهم، كيف يتعثر الأشخاص فيما بينهم، كيف يتعثر الأشخاص فيما بينهم، كيف يتعثر الأشخاص فيما بينهم، كيف يتعثر الأشخاص فيما بينهم، كيف يتعثر الأشخاص فيما بينهم، كيف يتعثر الأشخاص فيما بينهم، كيف يتعثر الأشخاص فيما بينهم، كيف يتعثر الأشخاص فيما بينهم، كيف يتعثر الأشخاص فيما بينهم، كيف يتعثر الأشخاص فيما بينهم، كيف يتعثر الأشخاص فيما بينهم، كيف يتعثر الأشخاص فيما بينهم، كيف يتعثر الأشخاص فيما بينهم، كيف يتعثر الأشخاص فيما بينهم
JSON Parse error: Unterminated string starting at: line 2 column 14 (char 15)
AI failed to return valid JSON. Using fallbacks.
✅ Successfully updated: 252969.json
Refactoring AI Content for: Saturday Night Live...
✅ Successfully updated: 1667.json
Refactoring AI Content for: PERSONA3 THE MOVIE 4 Winter of Rebirth...
✅ Successfully updated: 372761.json
Refactoring AI Content for: Ren Arisugawa Is Actually a Girl...
✅ Successfully updated: 287973.json
Refactoring AI Content for: I Love Lucy...
✅ Successfully updated: 2730.json
Refactoring AI Content for: SparkShorts...
RAW RES: {
  "desc_ar": "في عالم من الرسوم المتحركة، يأخذنا قصة "سبارك شورتس" إلى رحلة ممتعة مع شخصيات رائعة، حيث نرى كيف يتعاملون مع التحديات والمنعكسات، ويقومون بالتجارب والتعلم، في رحلة مليئة بالمرح والفكاهة.",
  "desc_en": "In a world of animation, the story of "SparkShorts" takes us on a fun journey with great characters, where we see how they deal with challenges and setbacks, and learn from their experiences, in a journey full of joy and humor.",
  "meta_desc": "واش غيفلت؟ اكتشف أحداث الإثارة في "سبارك شورتس"!",
  "seo_title_ar": "مشاهدة فيلم سبارك شورتس مترجم اون لاين - توميتو",
  "keywords": "فيلم رسوم متحركة, مشاهدة فيلم رسوم متحركة",
  "opinion": "هذه القصة رائعة، مليئة بالمرح والفكاهة، حيث نرى كيف يتعاملون مع التحديات والمنعكسات، ويقومون بالتجارب والتعلم.",
  "faq": [
    {"q": "ما هو سبارك شورتس؟", "a": "هو عالم من الرسوم المتحركة، حيث نرى كيف يتعاملون مع التحديات والمنعكسات، ويقومون بالتجارب والتعلم."},
    {"q": "ما هو نوع سبارك شورتس؟", "a": "هو نوع رسوم متحركة"},
    {"q": "ما هو المụcل من سبارك شورتس؟", "a": "هو ليعلمنا كيف نتعامل مع التحديات والمنعكسات، ويقومون بالتجارب والتعلم"}
  ]
}
JSON Parse error: Expecting ',' delimiter: line 2 column 55 (char 56)
AI failed to return valid JSON. Using fallbacks.
✅ Successfully updated: 302929.json
Refactoring AI Content for: بويكا: بلا منازع...
✅ Successfully updated: 348893.json
Refactoring AI Content for: Dirty Linen...
✅ Successfully updated: 202250.json
Refactoring AI Content for: يوم التدريب...
✅ Successfully updated: 2034.json
Refactoring AI Content for: النسخ الأصلية...
✅ Successfully updated: 46896.json
Refactoring AI Content for: معضلة الأجسام الثلاثة...
✅ Successfully updated: 108545.json
Refactoring AI Content for: Fallout...
✅ Successfully updated: 106379.json
Refactoring AI Content for: Charmsukh...
✅ Successfully updated: 97072.json
Refactoring AI Content for: King of Beggars...
✅ Successfully updated: 47648.json
Refactoring AI Content for: Babylon 5...
✅ Successfully updated: 3137.json
Refactoring AI Content for: The Boys Presents: Diabolical...
✅ Successfully updated: 152483.json
Refactoring AI Content for: يلوستون...
✅ Successfully updated: 73586.json
Refactoring AI Content for: Mannix...
✅ Successfully updated: 2813.json
Refactoring AI Content for: المحقق كونان...
✅ Successfully updated: 30983.json
Refactoring AI Content for: المبتدئ...
✅ Successfully updated: 79744.json
Refactoring AI Content for: E.T. the Extra-Terrestrial...
✅ Successfully updated: 601.json
Refactoring AI Content for: قراصنة الكاريبي - الموتى لا يروون حكايات...
✅ Successfully updated: 166426.json
Refactoring AI Content for: قمة الخطورة...
HuggingFace API Error: Server error '503 Service Temporarily Unavailable' for url 'https://router.huggingface.co/v1/chat/completions' (Amz CF ID: F7iWEYrF7YaUM8NIV0LeNtJmq0qlsX_5lMcL-vJnAD5IrTUyNMpWBQ==)
For more information check: https://developer.mozilla.org/en-US/docs/Web/HTTP/Status/503
❌ HF API returned an empty response. Verify API Key limits or safety filters.
❌ Failed to generate valid AI content for: قمة الخطورة
Refactoring AI Content for: R. L. Stines The Haunting Hour...
✅ Successfully updated: 33841.json
Refactoring AI Content for: Silk Stalkings...
✅ Successfully updated: 3114.json
Refactoring AI Content for: دهوراندهار: الانتقام...
✅ Successfully updated: 1582770.json
Refactoring AI Content for: Grace...
✅ Successfully updated: 120317.json
Refactoring AI Content for: My Butt Has a Fever...
✅ Successfully updated: 854456.json
Refactoring AI Content for: Invincible...
✅ Successfully updated: 11652.json
Refactoring AI Content for: ساعة الذروة...
✅ Successfully updated: 2109.json
Refactoring AI Content for: Sweet Punishment: Im the Guards Personal Pet...
✅ Successfully updated: 78501.json
Refactoring AI Content for: Dark...
✅ Successfully updated: 70523.json
Refactoring AI Content for: Anpan...
RAW RES: {
  "desc_ar": "في عالم أنبان، يأخذنا إلى مدينة أنبان، حيث يلقي المدير أنبان، يلقي المدير أنبان، يلقي المدير أنبان، يلقي المدير أنبان، يلقي المدير أنبان، يلقي المدير أنبان، يلقي المدير أنبان، يلقي المدير أنبان، يلقي المدير أنبان، يلقي المدير أنبان، يلقي المدير أنبان، يلقي المدير أنبان، يلقي المدير أنبان، يلقي المدير أنبان، يلقي المدير أنبان، يلقي المدير أنبان، يلقي المدير أنبان، يلقي المدير أنبان، يلقي المدير أنبان، يلقي المدير أنبان، يلقي المدير أنبان، يلقي المدير أنبان، يلقي المدير أنبان، يلقي المدير أنبان، يلقي المدير أنبان، يلقي المدير أنبان، يلقي المدير أنبان، يلقي المدير أنبان، يلقي المدير أنبان، يلقي المدير أنبان، يلقي المدير أنبان، يلقي المدير أنبان، يلقي المدير أنبان، يلقي المدير أنبان، يلقي المدير أنبان، يلقي المدير أنبان، يلقي المدير أنبان، يلقي المدير أنبان، يلقي المدير أنبان، يلقي المدير أنبان، يلقي المدير أنبان، يلقي المدير أنبان، يلقي المدير أنبان، يلقي المدير أنبان، يلقي المدير أنبان، يلقي المدير أنبان، يلقي المدير أنبان، يلقي المدير أنبان، يلقي المدير أنبان، يلقي المدير أنبان، يلقي المدير أنبان، يلقي المدير أنبان، يلقي المدير أنبان، يلقي المدير أنبان، يلقي المدير أنبان، يلقي المدير أنبان، يلقي المدير أنبان، يلقي المدير أنبان، يلقي المدير أنبان، يلقي المدير أنبان، يلقي المدير أنبان، يلقي المدير أنبان، يلقي المدير أنبان، يلقي المدير أنبان، يلقي المدير أنبان، يلقي المدير أنبان، يلقي المدير أنبان، يلقي المدير أنبان، يلقي المدير أنبان، يلقي المدير أنبان، يلقي المدير أنبان، يلقي المدير أنبان، يلقي المدير أنبان، يلقي المدير أنبان، يلقي المدير أنبان، يلقي المدير أنبان، يلقي المدير أنبان، يلقي المدير أنبان، يلقي المدير أنبان، يلقي المدير أنبان، يلقي المدير أنبان، يلقي المدير أنبان، يلقي المدير أنبان، يلقي المدير أنبان، يلقي المدير أنبان، يلقي المدير أنبان، يلقي المدير أنبان، يلقي المدير أنبان، يلقي المدير أنبان، يلقي المدير أنبان، يلقي المدير أنبان، يلقي المدير أنبان، يلقي المدير أنبان، يلقي المدير أنبان، يلقي المدير أنبان، يلقي المدير أنبان، يلقي المدير أنبان، يلقي المدير أنبان، يلقي المدير أنبان، يلقي المدير أنبان، يلقي المدير أنبان، يلقي المدير أنبان، يلقي المدير أنبان، يلقي المدير أنبان، يلقي المدير أنبان، يلقي المدير أنبان، يلقي المدير أنبان، يلقي المدير أنبان، يلقي المدير أنبان، يلقي المدير أنبان، يلقي المدير أنبان، يلقي
JSON Parse error: Unterminated string starting at: line 2 column 14 (char 15)
AI failed to return valid JSON. Using fallbacks.
✅ Successfully updated: 262339.json
Refactoring AI Content for: Fire Country...
✅ Successfully updated: 202297.json
Refactoring AI Content for: بيكسار بوب كورن...
✅ Successfully updated: 114505.json
Refactoring AI Content for: The Goldbergs...
RAW RES: {
  "desc_ar": "يتابع هذا المسلسل الكوميدي الأمريكي قصة عائلة غولدنبرغ، التي تعيش في لوس أنجلوس في الستينيات، حيث يتعامل الأب، موريس، مع مشاكله الشخصية والعملية، بينما يتعامل الأباء، بيرك، مع مشاكله الشخصية والعملية، بينما يتعامل الأباء، بيرك، مع مشاكله الشخصية والعملية، بينما يتعامل الأباء، بيرك، مع مشاكله الشخصية والعملية، بينما يتعامل الأباء، بيرك، مع مشاكله الشخصية والعملية، بينما يتعامل الأباء، بيرك، مع مشاكله الشخصية والعملية، بينما يتعامل الأباء، بيرك، مع مشاكله الشخصية والعملية، بينما يتعامل الأباء، بيرك، مع مشاكله الشخصية والعملية، بينما يتعامل الأباء، بيرك، مع مشاكله الشخصية والعملية، بينما يتعامل الأباء، بيرك، مع مشاكله الشخصية والعملية، بينما يتعامل الأباء، بيرك، مع مشاكله الشخصية والعملية، بينما يتعامل الأباء، بيرك، مع مشاكله الشخصية والعملية، بينما يتعامل الأباء، بيرك، مع مشاكله الشخصية والعملية، بينما يتعامل الأباء، بيرك، مع مشاكله الشخصية والعملية، بينما يتعامل الأباء، بيرك، مع مشاكله الشخصية والعملية، بينما يتعامل الأباء، بيرك، مع مشاكله الشخصية والعملية، بينما يتعامل الأباء، بيرك، مع مشاكله الشخصية والعملية، بينما يتعامل الأباء، بيرك، مع مشاكله الشخصية والعملية، بينما يتعامل الأباء، بيرك، مع مشاكله الشخصية والعملية، بينما يتعامل الأباء، بيرك، مع مشاكله الشخصية والعملية، بينما يتعامل الأباء، بيرك، مع مشاكله الشخصية والعملية، بينما يتعامل الأباء، بيرك، مع مشاكله الشخصية والعملية، بينما يتعامل الأباء، بيرك، مع مشاكله الشخصية والعملية، بينما يتعامل الأباء، بيرك، مع مشاكله الشخصية والعملية، بينما يتعامل الأباء، بيرك، مع مشاكله الشخصية والعملية، بينما يتعامل الأباء، بيرك، مع مشاكله الشخصية والعملية، بينما يتعامل الأباء، بيرك، مع مشاكله الشخصية والعملية، بينما يتعامل الأباء، بيرك، مع مشاكله الشخصية والعملية، بينما يتعامل الأباء، بيرك، مع مشاكله الشخصية والعملية، بينما يتعامل الأباء، بيرك، مع مشاكله الشخصية والعملية، بينما يتعامل الأباء، بيرك، مع مشاكله الشخصية والعملية، بينما يتعامل الأباء، بيرك، مع مشاكله الشخصية والعملية، بينما يتعامل الأباء، بيرك، مع مشاكله الشخصية والعملية، بينما يتعامل الأباء، بيرك، مع مشاكله الشخصية والعملية، بينما يتعامل الأباء، بيرك، مع مشاكله الشخصية والعملية، بينما يتعامل الأباء، بيرك، مع مشاكله الشخصية والعملية، بينما يتعامل الأباء، بيرك، مع مشاكله الشخصية والعملية، بينما يتعامل الأباء، بيرك، مع مشاكله الشخصية والعملية، بينما يتعامل الأباء، بيرك، مع مشاكله الشخصية والعملية، بينما يتعامل الأباء، بيرك، مع مشاكله الشخصية والعملية، بينما يتعامل الأباء، بيرك، مع مشاكله الشخصية والعملية، بينما يتعامل الأباء، بيرك، مع مشاكله الشخصية والعملية، بينما يتعامل الأباء، بيرك، مع مشاكله الشخصية وال
JSON Parse error: Unterminated string starting at: line 2 column 14 (char 15)
AI failed to return valid JSON. Using fallbacks.
✅ Successfully updated: 49009.json
Refactoring AI Content for: قلعة هاول المتحركة...
RAW RES: {
  "desc_ar": "في عالم خيالي، تتعرف صوفي على هاول الساحر الذي أنقذها من قبل ليرجعها إلى شكلها الطبيعي، والذي يمتلك قلعة مدهشة وغريبة والتي تبدو وكأنها رجل آلي عملاق وتتحرك بواسطة قوة شيطان النار "كالكفر". ماذا سيحدث بعد ذلك؟",
  "desc_en": "In a fantastical world, Sophie discovers Howl, the wizard who saved her and restored her to her natural form, who owns a magnificent and strange castle that appears like a giant mechanical man powered by the power of the devil's fire. What will happen next?",
  "meta_desc": "واش غيفلت؟ اكتشف أحداث الإثارة في قلعة هاول المتحركة",
  "seo_title_ar": "مشاهدة فيلم قلعة هاول المتحركة مترجم اون لاين - توميتو",
  "keywords": "فيلم قلعة هاول مترجم, مشاهدة فيلم قلعة هاول",
  "opinion": "هذه القلعة هي عالم خيالي رائع، حيث يمكنك أن تتصور أنك داخلها، والشخصيات هي رائعة، والقصة هي ممتعة، والرسم المتحرك هو رائع",
  "faq": [
    {"q": "ما هو نوع فيلم قلعة هاول المتحركة؟", "a": "هو فيلم رسوم متحركة فانتازي مغامرة"},
    {"q": "ما هو موضوع فيلم قلعة هاول المتحركة؟", "a": "هو قصة خيالية رائعة عن صوفي التي تعيش في عالم سحري"},
    {"q": "ما هو أفضل ما في فيلم قلعة هاول المتحركة؟", "a": "هو الرسم المتحرك الرائع والقصة الممتعة والشخصيات الرائعة"}
  ]
}
JSON Parse error: Expecting ',' delimiter: line 2 column 196 (char 197)
AI failed to return valid JSON. Using fallbacks.
✅ Successfully updated: 4935.json
Refactoring AI Content for: ميجامايند...
✅ Successfully updated: 38055.json
Refactoring AI Content for: ميراكيولوس: الدعسوقة و القط الأسود...
✅ Successfully updated: 65334.json
Refactoring AI Content for: The Deadly Little Mermaid...
✅ Successfully updated: 1572073.json
Refactoring AI Content for: باربي...
✅ Successfully updated: 346698.json
Refactoring AI Content for: Fast Furious Spy Racers...
✅ Successfully updated: 95594.json
Refactoring AI Content for: فندق ترانسلفانيا 4 ترانسفورمينيا...
✅ Successfully updated: 585083.json
Refactoring AI Content for: النخبة...
✅ Successfully updated: 76669.json
Refactoring AI Content for: اخشوا الموتى السائرون...
RAW RES: {
  "desc_ar": "في مدينة لوس أنجلوس، حيث ينتشر الفيروس، يصادفنا شخصيات جديدة تهدف إلى الهروب من هذا المصير المفزع والمؤلم، قبل بداية أحداث مسلسل "الموتى السائرون". يصور المسلسل تحول العالم قبل بداية أحداث المسلسل، حيث يلزم الجميع الهروب من هذا المصير المفزع والمؤلم.",
  "desc_en": "In Los Angeles, where the virus is spreading, we meet new characters who aim to escape this terrifying and mournful fate, before the events of "The Walking Dead" series. The show depicts the transformation of the world before the events of the series, where everyone must flee from this terrifying and mournful fate.",
  "meta_desc": "واش غيفلت؟ اكتشف أحداث الإثارة في مسلسل "اخشوا الموتى السائرون" مترجم اون لاين",
  "seo_title_ar": "مشاهدة فيلم اخشوا الموتى السائرون مترجم اون لاين - توميتو",
  "keywords": "فيلم اخشوا الموتى السائرون مترجم, مشاهدة فيلم اخشوا الموتى السائرون",
  "opinion": "هو مسلسل رائع يلفت نظرك إلى عالم جديد مليء بالعديد من الأحداث الإثارة والดรاما",
  "faq": [
    {"q": "ما هو مسلسل اخشوا الموتى السائرون؟", "a": "هو مسلسل دراما حركة يصور تحول العالم قبل بداية أحداث مسلسل "الموتى السائرون"."},
    {"q": "ما هو نوع مسلسل اخشوا الموتى السائرون؟", "a": "هو مسلسل تلفزيوني"},
    {"q": "ما هي أبرز الأحداث في مسلسل اخشوا الموتى السائرون؟", "a": "هو يصور تحول العالم قبل بداية أحداث مسلسل "الموتى السائرون"، حيث يلزم الجميع الهروب من هذا المصير المفزع والمؤلم"}
  ]
}
JSON Parse error: Expecting ',' delimiter: line 2 column 145 (char 146)
AI failed to return valid JSON. Using fallbacks.
✅ Successfully updated: 62286.json
Refactoring AI Content for: Girlfriend, Girlfriend...
✅ Successfully updated: 113137.json
Refactoring AI Content for: قراصنة الكاريبي - لعنة اللؤلؤة السوداء...
✅ Successfully updated: 22.json
Refactoring AI Content for: --...
RAW RES: {
  "desc_ar": "في عالم Sword Art Online، حيث يلتقي الأصدقاء والخصوم في معركة حية، يأتي فيلم "سورد أرت أونلاين: شيرزو ऑफ ديب نايت" ليعرض قصة جديدة من الإثارة والفانتازيا. يلقي اللاعبين في هذا العالم الرقمي في معركة حية ضد اللاعبين الآخرين، ولكن ما إذا كانوا قادرون على النجاة أم لا؟",
  "desc_en": "In the world of Sword Art Online, where friends and foes clash in a living battle, the movie "Sword Art Online: Scherzo of Deep Night" brings a new story of excitement and fantasy. Players in this digital world are thrown into a living battle against other players, but can they survive?",
  "meta_desc": "واش غيفلت؟ اكتشف أحداث الإثارة في فيلم Sword Art Online: Scherzo of Deep Night",
  "seo_title_ar": "مشاهدة فيلم Sword Art Online: Scherzo of Deep Night مترجم اون لاين - توميتو",
  "keywords": "فيلم رسوم متحركة, مشاهدة فيلم حركة, فيلم فانتازيا, فيلم خيال علمي",
  "opinion": "هو فيلم رائع يجمع بين الإثارة والفانتازيا، مع قصة رائعة تثير الإعجاب",
  "faq": [
    {"q": "ما هو Sword Art Online؟", "a": "هو عالم رياضي رقمي حيث اللاعبين يلعبون معاً في معركة حية"},
    {"q": "ما هو فيلم Scherzo of Deep Night؟", "a": "هو فيلم رائع يجمع بين الإثارة والفانتازيا، مع قصة رائعة تثير الإعجاب"},
    {"q": "ما هو نوع فيلم Sword Art Online: Scherzo of Deep Night؟", "a": "هو فيلم رسوم متحركة، حركة، فانتازيا، خيال علمي"}
  ]
}
JSON Parse error: Expecting ',' delimiter: line 2 column 93 (char 94)
AI failed to return valid JSON. Using fallbacks.
✅ Successfully updated: 893712.json
Refactoring AI Content for: الضاحكون...
✅ Successfully updated: 82.json
Refactoring AI Content for: Infiltrate...
RAW RES: {
  "desc_ar": "في عالم المافيا، يلعب النetworking والاستخبارات دوراً رئيسياً في النجاح. في فيلم "إنفيلتريت"، نرى كيف يلعب المحامي جيمس ريد، الذي يلعب دوره معلماً لشباب، دوراً رئيسياً في النجاح. لكن، عندما يكتشف ريد أن هناك خطة لاغتيال الرئيس، يقرر أن يلعب دوراً آخر، ويحاول أن يمنع الفعل، فيما يتعرض لخतरات كثيرة.",
  "desc_en": "In the world of mafia, networking and intelligence play a crucial role in success. In the movie "Infiltrate", we see how lawyer James Reed, who plays the role of a mentor to young people, plays a key role in success. However, when Reed discovers that there is a plan to assassinate the president, he decides to play another role, and tries to prevent the action, while exposing himself to many dangers.",
  "meta_desc": "واش غيفلت؟ اكتشف أحداث الإثارة في فيلم "إنفيلتريت" - حركة إثارة!",
  "seo_title_ar": "مشاهدة فيلم إنفيلتريت مترجم اون لاين - توميتو",
  "keywords": "فيلم إنفيلتريت مترجم, مشاهدة فيلم إنفيلتريت",
  "opinion": "فيلم "إنفيلتريت" هو فيلم رائع، مليء بالتension والدراما. يلعب النetworking والاستخبارات دوراً رئيسياً في النجاح، ويحاول المحامي جيمس ريد أن يمنع الفعل، فيما يتعرض لخतरات كثيرة.",
  "faq": [
    {"q": "ما هو فيلم "إنفيلتريت"?", "a": "فيلم "إنفيلتريت" هو فيلم حركة إثارة يلعب دوراً رئيسياً في النجاح."},
    {"q": "ما هو دور المحامي جيمس ريد في الفيلم؟", "a": "يلعب المحامي جيمس ريد دوراً رئيسياً في الفيلم، ويحاول أن يمنع الفعل، فيما يتعرض لخतरات كثيرة."},
    {"q": "ما هو نوع الفيلم؟", "a": "فيلم "إنفيلتريت" هو فيلم حركة إثارة"}
  ]
}
JSON Parse error: Expecting ',' delimiter: line 2 column 97 (char 98)
AI failed to return valid JSON. Using fallbacks.
✅ Successfully updated: 1472951.json
Refactoring AI Content for: Lethal Weapon...
✅ Successfully updated: 67116.json
Refactoring AI Content for: Nuremberg...
✅ Successfully updated: 1214931.json
Refactoring AI Content for: الكتاب الأخضر...
✅ Successfully updated: 490132.json
Refactoring AI Content for: المحتالان...
✅ Successfully updated: 246799.json
Refactoring AI Content for: Burn Notice...
✅ Successfully updated: 2919.json
Refactoring AI Content for: دكتور سترينج...
✅ Successfully updated: 284052.json
Refactoring AI Content for: سونيك القنفذ 2...
✅ Successfully updated: 675353.json
Refactoring AI Content for: Marvels Cloak Dagger...
✅ Successfully updated: 66190.json
Refactoring AI Content for: إينوياشا...
✅ Successfully updated: 35610.json
Refactoring AI Content for: ثلاثية ايكس : عودة إسكندر كيدج...
✅ Successfully updated: 47971.json
Refactoring AI Content for: NCIS: Los Angeles...
✅ Successfully updated: 17610.json
Refactoring AI Content for: استديو الأحلام: من عالم فيلم قلبا وقالبا...
✅ Successfully updated: 255868.json
Refactoring AI Content for: كارول ونهاية العالم...
✅ Successfully updated: 238151.json
Refactoring AI Content for: الفأر...
✅ Successfully updated: 117378.json
Refactoring AI Content for: حكاية لعبة 4...
RAW RES: {
  "desc_ar": "في عالم مليء بالعاب واللعب، يبدأ وودي في الشك في مكانته كأب لطفل، خاصة عندما يكتشف بوني لعبة جديدة مترددة تسمى "فوركي"، مما يجعله يذهب في رحلة على الطريق مع الأصدقاء القدامى والجدد، حيث سيتعرف على مدى ضخامة العالم بالنسبة للعبة.",
  "desc_en": "In a world full of toys and play, Woody begins to question his place as a father, especially when he discovers Bonnie's new toy, Forky, which makes him go on a journey with old and new friends, where he will discover the vastness of the world in relation to the toy.",
  "meta_desc": "واش غيفلت؟ اكتشف أحداث الإثارة في حكاية لعبة 4 - توميتو",
  "seo_title_ar": "مشاهدة فيلم حكاية لعبة 4 مترجم اون لاين - توميتو",
  "keywords": "فيلم حكاية لعبة 4 مترجم, مشاهدة فيلم حكاية لعبة 4",
  "opinion": "هذه الحكاية لعبة 4 هي واحدة من أبهى أعمالها، حيث تجمع بين المغامرة والكوميديا والرسوم المتحركة، مما يجعلها فيلماً لا ينسى",
  "faq": [
    {"q": "ما هو حكاية لعبة 4؟", "a": "هو فيلم رسوم متحركة كوميدياً عائليً يروي قصة وودي وطفله"},
    {"q": "ما هو نوع حكاية لعبة 4؟", "a": "هو فيلم رسوم متحركة كوميدياً عائليً"},
    {"q": "ما هو أفضل ما في حكاية لعبة 4؟", "a": "هو kombinatio من المغامرة والكوميديا والرسوم المتحركة"}
  ]
}
JSON Parse error: Expecting ',' delimiter: line 2 column 127 (char 128)
AI failed to return valid JSON. Using fallbacks.
✅ Successfully updated: 301528.json
Refactoring AI Content for: Kaleido Star...
✅ Successfully updated: 12501.json
Refactoring AI Content for: أفاتار: مسخر الهواء...
RAW RES: {
  "desc_ar": "في عالم يخيم عليه shadows of war، يتعين على صبي صغير يُعرف باسم الـ"أفاتار" إتقان قوى عناصر الطبيعة الأربعة لإنقاذ عالم تستعِر فيه نيران الحرب. والتصدي لعدو شرس عازم على إيقافه، حيث سيركب صبي الـ"أفاتار" سحابة من الجنود والمرأة والرجل والوحش، ليكون قائدًا لهم جميعاً في معركة الحفاظ على السلام والعدل.",
  "desc_en": "In a world shrouded by the shadows of war, a young boy known as the 'Avatar' must master the powers of the four elements to save a world torn apart by the flames of war. He must also confront a ruthless enemy determined to stop him, as he rides a cloud of soldiers, women, men, and beasts, to become their leader in the battle for peace and justice.",
  "meta_desc": "واش غيفلت؟ اكتشف أحداث الإثارة في أفاتار: مسخر الهواء - توميتو",
  "seo_title_ar": "مشاهدة فيلم أفاتار: مسخر الهواء مترجم اون لاين - توميتو",
  "keywords": "فيلم أفاتار مترجم, مشاهدة فيلم أفاتار: مسخر الهواء",
  "opinion": "فيلم أفاتار: مسخر الهواء هو إبداع فني رائع، يجمع بين الحركة والدراما والخيال العلمي، ليكون تجربة مشاهدة رائعة.",
  "faq": [
    {"q": "ما هو فيلم أفاتار: مسخر الهواء؟", "a": "فيلم أفاتار: مسخر الهواء هو سلسلة تلفزيونية رائعة، تجمع بين الحركة والدراما والخيال العلمي."},
    {"q": "ما هو نوع فيلم أفاتار: مسخر الهواء؟", "a": "فيلم أفاتار: مسخر الهواء هو فيلم تلفزيوني من نوع حركة ومغامرة، دراما، عائلي، خيال علمي وفانتازيا."},
    {"q": "ما هو أفضل جزء في فيلم أفاتار: مسخر الهواء؟", "a": "أفضل جزء في فيلم أفاتار: مسخر الهواء هو قصة الإبداع والتصدي لعدو شرس، والتي تجعل من مشاهدة الفيلم تجربة رائعة."}
  ]
}
JSON Parse error: Expecting ',' delimiter: line 2 column 83 (char 84)
AI failed to return valid JSON. Using fallbacks.
✅ Successfully updated: 82452.json
Refactoring AI Content for: Good Times...
✅ Successfully updated: 154.json
Refactoring AI Content for: داندادان...
✅ Successfully updated: 240411.json
Refactoring AI Content for: بابل...
✅ Successfully updated: 615777.json
Refactoring AI Content for: 28 عاما لاحقا...
RAW RES: {
  "desc_ar": "في جزيرة نائية، تحاول مجموعة من الناجين التشبث بالحياة بعد أن انقضت ثلاثة عقود على تسرب فيروس "آر في" من مختبر للأسلحة البيولوجية. ولكن، عندما يخرج أحدهم في مهمة إلى قلب اليابسة، يصطدم بأسرار وهول لم يترك أثره على المصابين فحسب، بل بدّل ملامح من نجا أيضًا.",
  "desc_en": "On a remote island, a group of survivors tries to rebuild their lives after a virus outbreak in a biological laboratory. However, when one of them embarks on a mission to the heart of the island, they uncover secrets and horrors that affect not only the infected, but also the living.",
  "meta_desc": "واش غيفلت؟ اكتشف أحداث الإثارة في فيلم 28 عاما لاحقا - رعب, إثارة, خيال علمي",
  "seo_title_ar": "مشاهدة فيلم 28 عاما لاحقا مترجم اون لاين - توميتو",
  "keywords": "فيلم رعب مترجم, مشاهدة فيلم إثارة, فيلم خيال علمي مترجم",
  "opinion": "هو فيلم رعب خيال علمي يخنق النفس، مع أحداث إثارة تثير الإعجاب والرعب. لقد قام المخرجين ببناء عالم رعب يخنق النفس، مع شخصيات تثير الإعجاب والرعب. لقد قاموا أيضاً ببناء قصة رعب خيال علمي تثير الإعجاب والرعب.",
  "faq": [
    {"q": "ما هو فيلم 28 عاما لاحقا؟", "a": "هو فيلم رعب خيال علمي يخنق النفس، مع أحداث إثارة تثير الإعجاب والرعب."},
    {"q": "ما هو نوع فيلم 28 عاما لاحقا؟", "a": "هو فيلم رعب, إثارة, خيال علمي."},
    {"q": "هل فيلم 28 عاما لاحقا مترجم؟", "a": "نعم، هو مترجم اون لاين"}
  ]
}
JSON Parse error: Expecting ',' delimiter: line 2 column 110 (char 111)
AI failed to return valid JSON. Using fallbacks.
✅ Successfully updated: 1100988.json
Refactoring AI Content for: Hocus Pocus 2...
✅ Successfully updated: 642885.json
Refactoring AI Content for: ثور راقناروك...
✅ Successfully updated: 284053.json
Refactoring AI Content for: Neeya Naana...
✅ Successfully updated: 120224.json
Refactoring AI Content for: My Wife Has No Emotion...
✅ Successfully updated: 250596.json
Refactoring AI Content for: من...
RAW RES: {
  "desc_ar": "في إطار من الرعب والخيال العلمي، مدينة غامضة تنتظر من يدخلها، حيث يلزم السكان البقاء على قيد الحياة من تهديدات الغابة المحيطة، بينما يكافحون للحفاظ على حياتهم الطبيعية والبحث عن مخرج من المدينة المخوفة.",
  "desc_en": "In a dark and eerie atmosphere, a mysterious city awaits those who dare to enter, where the inhabitants must fend for their lives against the threats of the surrounding forest, while struggling to maintain their natural lives and search for an escape from the terrifying city.",
  "meta_desc": "واش غيفلت؟ اكتشف أحداث الإثارة في من - من - من - من - من - من - من - من - من - من - من - من - من - من - من - من - من - من - من - من - من - من - من - من - من - من - من - من - من - من - من - من - من - من - من - من - من - من - من - من - من - من - من - من - من - من - من - من - من - من - من - من - من - من - من - من - من - من - من - من - من - من - من - من - من - من - من - من - من - من - من - من - من - من - من - من - من - من - من - من - من - من - من - من - من - من - من - من - من - من - من - من - من - من - من - من - من - من - من - من - من - من - من - من - من - من - من - من - من - من - من - من - من - من - من - من - من - من - من - من - من - من - من - من - من - من - من - من - من - من - من - من - من - من - من - من - من - من - من - من - من - من - من - من - من - من - من - من - من - من - من - من - من - من - من - من - من - من - من - من - من - من - من - من - من - من - من - من - من - من - من - من - من - من - من - من - من - من - من - من - من - من - من - من - من - من - من - من - من - من - من - من - من - من - من - من - من - من - من - من - من - من - من - من - من - من - من - من - من - من - من - من - من - من - من - من - من - من - من - من - من - من - من - من - من - من - من - من - من - من - من - من - من - من - من - من - من - من - من - من - من - من - من - من - من - من - من - من - من - من - من - من - من - من - من - من - من - من - من - من - من - من - من - من - من - من - من - من - من - من - من - من - من -
JSON Parse error: Unterminated string starting at: line 4 column 16 (char 529)
AI failed to return valid JSON. Using fallbacks.
✅ Successfully updated: 124364.json
Refactoring AI Content for: ريك ومورتي...
✅ Successfully updated: 60625.json
Refactoring AI Content for: Minder...
RAW RES: {
  "desc_ar": "في عالم المخاطر والغموض، يلتقي المخترقون والمدققون لتحقيق النجاح، ولكن ما الذي ينتظرهم؟ اكتشف أحداث الإثارة في مسلسل المخترقين، مinder، حيث يخوض شخصياته الأبطال قصة مأزق ومرحلة في عالم المخترقين.",
  "desc_en": "In a world of danger and intrigue, hackers and detectives come together to achieve success, but what awaits them? Discover the thrilling events in the series Minder, where its characters embark on a perilous and thrilling journey in the world of hackers.",
  "meta_desc": "واش غيفلت؟ اكتشف أحداث الإثارة في مسلسل المخترقين مinder!",
  "seo_title_ar": "مشاهدة مسلسل مinder مترجم اون لاين - توميتو",
  "keywords": "فيلم كوميديا مترجم, مشاهدة فيلم دراما, مسلسل حركة ومغامرة, مسلسل جريمة",
  "opinion": "مسلسل مinder هو مثال رائع لما هو المخترقون، حيث يجمع بين الكوميديا والدراما والحركة، ويقدم لنا قصة مأزق ومرحلة في عالم المخترقين.",
  "faq": [
    {"q": "ما هو مinder؟", "a": "مinder هو مسلسل تلفزيوني كوميديا ودراما وحركة ومغامرة و جريمة."},
    {"q": "ما هو نوع مinder؟", "a": "مinder هو نوع مسلسل تلفزيوني."},
    {"q": "ما هو المخاطر التي يواجها أبطال مinder؟", "a": "الأبطال في مسلسل مinder يواجهم مخاطر كثيرة، من بينها المخاطر الأمنية والغموض والخطر."]
  ]
}
JSON Parse error: Expecting ',' delimiter: line 11 column 145 (char 1184)
AI failed to return valid JSON. Using fallbacks.
✅ Successfully updated: 3469.json
Refactoring AI Content for: الجيل V...
RAW RES: {
  "desc_ar": "في عالم "ذا بويز"، تتواجد الكلية الوحيدة في أمريكا المخصصة للأبطال الخارقين، حيث يضع التلاميذ الموهوبون أخلاقهم تحت الاختبار للتنافس على المراكز الأولى في الكلية وعلى فرصة للالتحاق بمجموعة "السبعة"، فريق الأبطال الخارقين النخبة الخاص بـ"فوت إنترناشنل".",
  "desc_en": "In the world of "The Boys", the only college in America dedicated to superheroes, students with exceptional abilities put their morals to the test to compete for top spots in the college and a chance to join the elite team of "The Seven", the prestigious superhero team of "Futurism International".",
  "meta_desc": "واش غيفلت؟ اكتشف أحداث الإثارة في مسلسل "الجيل V"!",
  "seo_title_ar": "مشاهدة فيلم الجيل V مترجم اون لاين - توميتو",
  "keywords": "فيلم الجيل V مترجم, مشاهدة فيلم الجيل V",
  "opinion": "مسلسل "الجيل V" هو تحدٍ جديد في عالم الأبطال الخارقين، حيث تظهر قوة الإبداع والشعور بالمسئولية في منازلهم.",
  "faq": [
    {"q": "ما هو مسلسل "الجيل V"؟", "a": "هو مسلسل دراما حركة يتبع أحداثه في الكلية الوحيدة في أمريكا المخصصة للأبطال الخارقين."},
    {"q": "ما هو "ذا سبعة"؟", "a": "هو فريق الأبطال الخارقين النخبة الخاص بـ"فوت إنترناشنل"، الذي يلزم الأبطال الخارقين بالالتحاق به."},
    {"q": "ما هو هدف مسلسل "الجيل V"؟", "a": "هدف المسلسل هو تظهر قوة الإبداع والشعور بالمسئولية في منازلهم، بالإضافة إلى التنافس على المراكز الأولى في الكلية"}
  ]
}
JSON Parse error: Expecting ',' delimiter: line 2 column 24 (char 25)
AI failed to return valid JSON. Using fallbacks.
✅ Successfully updated: 205715.json
Refactoring AI Content for: Mystery Science Theater 3000...
✅ Successfully updated: 75907.json
Refactoring AI Content for: A Certain Scientific Railgun...
✅ Successfully updated: 30977.json
Refactoring AI Content for: Ghostland...
✅ Successfully updated: 476299.json
Refactoring AI Content for: فينوم: الرقصة الأخيرة...
✅ Successfully updated: 912649.json
Refactoring AI Content for: منفذ العدالة...
✅ Successfully updated: 22803.json
Refactoring AI Content for: HIStory...
✅ Successfully updated: 72328.json
Refactoring AI Content for: Memory of a Killer...
✅ Successfully updated: 291339.json
Refactoring AI Content for: آلة حرب...
✅ Successfully updated: 1265609.json
Refactoring AI Content for: Charlies Angels...
✅ Successfully updated: 3382.json
Refactoring AI Content for: السرعة والحب...
RAW RES: {
  "desc_ar": "تدور أحداث المسلسل حول الشقيقين "جيانغ مو" و"جين جاو"؛ حيث نشأت "مو" كأخت صغرى مدللة ومحاطة بالرعاية، بينما تميز "جاو" بذكاء وموهبة استثنائية. تفرقت سبلهما في الطفولة عقب انفصال والديهما، حيث انتقل "جاو" مع والده إلى تايلاند، لتصبح حياتهما خطين متوازيين لا يلتقيان.",
  "desc_en": "The story revolves around the twin brothers "Jiāng Mó" and "Jīn Jiāo"; where "Mó" was born as a younger sister, delicate and well-cared for, while "Jiāo" was distinguished by his intelligence and exceptional talent. After their parents' separation, they went their separate ways, with "Jiāo" moving with his father to Thailand, making their lives parallel lines that never intersected.",
  "meta_desc": "واش غيفلت؟ اكتشف أحداث الإثارة في السرعة والحب!",
  "seo_title_ar": "مشاهدة فيلم السرعة والحب مترجم اون لاين - توميتو",
  "keywords": "فيلم دراما مترجم, مشاهدة فيلم دراما",
  "opinion": "هو فيلم دراما رائع يلقي ببصمته في القلب، ويحكي قصة حب وسرعة في عالم الملاكمة والسيارات، ويجلبك إلى عالم من الإثارة والخطر.",
  "faq": [
    {"q": "ما هو السرعة والحب؟", "a": "هو فيلم دراما رائع يلقي ببصمته في القلب، ويحكي قصة حب وسرعة في عالم الملاكمة والسيارات."},
    {"q": "ما هو نوع السرعة والحب؟", "a": "هو نوع دراما مترجم"},
    {"q": "ما هو أفضل ما في السرعة والحب؟", "a": "هو قصة حب وسرعة في عالم الملاكمة والسيارات، ويجلبك إلى عالم من الإثارة والخطر"}
  ]
}
JSON Parse error: Expecting ',' delimiter: line 2 column 48 (char 49)
AI failed to return valid JSON. Using fallbacks.
✅ Successfully updated: 279041.json
Refactoring AI Content for: Cold Case...
✅ Successfully updated: 2171.json
Refactoring AI Content for: قسطنطين...
✅ Successfully updated: 561.json
Refactoring AI Content for: أوبنهايمر...
✅ Successfully updated: 872585.json
Refactoring AI Content for: Heartland...
✅ Successfully updated: 14929.json
Refactoring AI Content for: أصدقاء...
✅ Successfully updated: 1668.json
Refactoring AI Content for: GialappaShow...
✅ Successfully updated: 226680.json
Refactoring AI Content for: Strike the Blood...
✅ Successfully updated: 61440.json
Refactoring AI Content for: Soonpoong Clinic...
✅ Successfully updated: 70204.json
Refactoring AI Content for: Identity...
✅ Successfully updated: 2832.json
Refactoring AI Content for: السريع 10...
✅ Successfully updated: 385687.json
Refactoring AI Content for: الشبكة الاجتماعية...
✅ Successfully updated: 37799.json
Refactoring AI Content for: 10-8: Officers on Duty...
✅ Successfully updated: 11229.json
Refactoring AI Content for: The Big Game...
✅ Successfully updated: 107703.json
Refactoring AI Content for: Ghost Mansion...
✅ Successfully updated: 842033.json
Refactoring AI Content for: Alarm fr Cobra 11 - Die Autobahnpolizei...
✅ Successfully updated: 1338.json
Refactoring AI Content for: The Ancient Magus Bride...
✅ Successfully updated: 73833.json
Refactoring AI Content for: ناا ٢...
✅ Successfully updated: 980477.json
Refactoring AI Content for: حرب الزومبي العالمية...
✅ Successfully updated: 72190.json
Refactoring AI Content for: قراصنة الكاريبي - في نهاية العالم...
✅ Successfully updated: 285.json
Refactoring AI Content for: الباندا الأحمر الكبير...
✅ Successfully updated: 508947.json
Refactoring AI Content for: Whos the Murderer...
✅ Successfully updated: 74561.json
Refactoring AI Content for: Burrow...
RAW RES: {
  "desc_ar": "في عالم من الخيال والوهم، يجد ourselves في قاعدة من تحت الأرض، حيث يعيشون مجموعة من الحيوانات الذين يملكون القدرة على التخفيض والتحويل، ويحاولون أن ينجوا من الأخطاء التي يرتكبونها، فيขณะที่ يتعاملون مع الأخطاء التي يرتكبونها، ويحاولون أن ينجوا من الأخطاء التي يرتكبونها، فيขณะที่ يتعاملون مع الأخطاء التي يرتكبونها.",
  "desc_en": "In a world of fantasy and illusion, we find ourselves in a underground base, where a group of animals with the power to shrink and transform live, trying to survive from the mistakes they make, while dealing with the mistakes they make, and trying to survive from the mistakes they make, while dealing with the mistakes they make.",
  "meta_desc": "واش غيفلت؟ اكتشف أحداث الإثارة في فيلم رسوم متحركة «مكب» - توميتو",
  "seo_title_ar": "مشاهدة فيلم مكب مترجم اون لاين - توميتو",
  "keywords": "فيلم مكب مترجم, مشاهدة فيلم مكب",
  "opinion": "هو فيلم ممتاز، مليء بالحماس والمرح، والكوميديا، والرسوم المتحركة، والخيال، والوهم، والخيال، والوهم، والخيال، والوهم، والخيال، والوهم، والخيال، والوهم، والخيال، والوهم، والخيال، والوهم، والخيال، والوهم، والخيال، والوهم، والخيال، والوهم، والخيال، والوهم، والخيال، والوهم، والخيال، والوهم، والخيال، والوهم، والخيال، والوهم، والخيال، والوهم، والخيال، والوهم، والخيال، والوهم، والخيال، والوهم، والخيال، والوهم، والخيال، والوهم، والخيال، والوهم، والخيال، والوهم، والخيال، والوهم، والخيال، والوهم، والخيال، والوهم، والخيال، والوهم، والخيال، والوهم، والخيال، والوهم، والخيال، والوهم، والخيال، والوهم، والخيال، والوهم، والخيال، والوهم، والخيال، والوهم، والخيال، والوهم، والخيال، والوهم، والخيال، والوهم، والخيال، والوهم، والخيال، والوهم، والخيال، والوهم، والخيال، والوهم، والخيال، والوهم، والخيال، والوهم، والخيال، والوهم، والخيال، والوهم، والخيال، والوهم، والخيال، والوهم، والخيال، والوهم، والخيال، والوهم، والخيال، والوهم، والخيال، والوهم، والخيال، والوهم، والخيال، والوهم، والخيال، والوهم، والخيال، والوهم، والخيال، والوهم، والخيال، والوهم، والخيال، والوهم، والخيال، والوهم، والخيال، والوهم، والخيال، والوهم، والخيال، والوهم، والخيال، والوهم، والخيال، والوهم، والخيال، والوهم، والخيال، والوهم، والخيال، والوهم، والخيال، والوهم، والخيال، والوهم، والخيال، والوهم، والخيال، والوهم، والخيال، والوهم، والخيال، والوهم، والخيال، والوهم، والخيال، والوهم، والخيال، والوهم، والخيال، والوهم، والخيال، والوهم، والخيال، والوهم، والخيال، والوهم، والخيال، والوهم، والخيال، والوهم، والخيال، والوهم، والخيال، والوهم، والخيال، والوهم، والخيال، والوهم، والخيال، والوهم، والخيال، والوهم، والخيال، والوهم،
JSON Parse error: Unterminated string starting at: line 7 column 14 (char 888)
AI failed to return valid JSON. Using fallbacks.
✅ Successfully updated: 747059.json
Refactoring AI Content for: The Silent Service...
RAW RES: {
  "desc_ar": "في عالم الحرب، توجد قوة سرية لا يلوم عليها أحد، إلا أنهم يخدعون العالم بتصويرهم كأبطال، بينما هم في الواقع قوة خفية تتحكم في الحرب من خلف الكواليس، في فيلم الحربي الرهيب "الخدمة السكوتية"، نرى كيف يخدعون العالم، ونرى كيف يلومونهم، ونرى كيف يأخذون السلطة في يدهم.",
  "desc_en": "In a world of war, there is a secret force that no one blames, but they deceive the world by portraying themselves as heroes, while in reality, they are a hidden force that controls the war from behind the scenes, in the thrilling war film "The Silent Service", we see how they deceive the world, we see how they are blamed, and we see how they take power in their hands.",
  "meta_desc": "(واش غيفلت؟ اكتشف أحداث الإثارة في فيلم الحربي "الخدمة السكوتية" مترجم اون لاين)",
  "seo_title_ar": "مشاهدة فيلم "الخدمة السكوتية" مترجم اون لاين - توميتو",
  "keywords": "فيلم حربي مترجم, مشاهدة فيلم حربي",
  "opinion": "فيلم "الخدمة السكوتية" هو فيلم حربي رائع يخدعنا بتصويرهم كأبطال، ولكن في الواقع، هم قوة خفية تتحكم في الحرب من خلف الكواليس، فيلم رائع يلقي بظلاله على العالم.",
  "faq": [
    {"q": "ما هو فيلم "الخدمة السكوتية"؟", "a": "فيلم حربي رائع يخدعنا بتصويرهم كأبطال، ولكن في الواقع، هم قوة خفية تتحكم في الحرب من خلف الكواليس."},
    {"q": "ما هو نوع فيلم "الخدمة السكوتية"؟", "a": "فيلم حربي مترجم"},
    {"q": "ما هو أفضل ما في فيلم "الخدمة السكوتية"؟", "a": "فيلم رائع يلقي بظلاله على العالم"}
  ]
}
JSON Parse error: Expecting ',' delimiter: line 2 column 186 (char 187)
AI failed to return valid JSON. Using fallbacks.
✅ Successfully updated: 1079057.json
Refactoring AI Content for: Clerks...
✅ Successfully updated: 2.json
Refactoring AI Content for: Linfermiera di notte...
✅ Successfully updated: 58008.json
Refactoring AI Content for: المنتفعون من الحرب...
✅ Successfully updated: 308266.json
Refactoring AI Content for: رجلان ونصف...
✅ Successfully updated: 2691.json
Refactoring AI Content for: مهمة مستحيلة - الحساب الميت الجزء الأول...
✅ Successfully updated: 575264.json
Refactoring AI Content for: Return to Silent Hill...
✅ Successfully updated: 680493.json
Refactoring AI Content for: هاوس...
✅ Successfully updated: 1408.json
Refactoring AI Content for: مستشفى بيتسبرغ...
✅ Successfully updated: 250307.json
Refactoring AI Content for: جديد (بانتي) و(ستوكينغ) مع (غارتربيلت)...
RAW RES: {
  "desc_ar": "في عالم "داتن سيتي"، حيث الأشباح الشريرة تتغذى على رغبات البشر، يظهر كيانان غامضان لإنقاذ الأرض من الظلام. الأختان "بانتي" و"ستوكينغ"، اللتان سقطتا من السماء، يلتحقان معركة خارقة ضد القوى الخارقة للطبيعة.",
  "desc_en": "In the world of 'Datn City', where evil spirits feed on human desires, two sisters, 'Panty' and 'Stocking', who fell from the sky, join a fantastic battle against the forces of nature.",
  "meta_desc": "واش غيفلت؟ اكتشف أحداث الإثارة في "داتن سيتي"!",
  "seo_title_ar": "مشاهدة فيلم جديد (بانتي) و(ستوكينغ) مع (غارتربيلت) مترجم اون لاين - توميتو",
  "keywords": "فيلم رسوم متحركة مترجم, مشاهدة فيلم كوميديا حركة ومغامرة",
  "opinion": "هذا الفيلم هو المزيج المخيف والرائع والكوميدي، يجمع بين الرسوم المتحركة والحركة والمغامرة والخيال العلمي والفانتازيا، ليكون من أروع ما شاهدناه في السنوات الأخيرة.",
  "faq": [
    {"q": "ما هو نوع هذا الفيلم؟", "a": "هو فيلم رسوم متحركة"},
    {"q": "ما هو موضوع هذا الفيلم؟", "a": "هو موضوع خيال علمي وفانتازيا"},
    {"q": "ما هو نوع الأشباح في هذا الفيلم؟", "a": "هي الأشباح الشريرة التي تتغذى على رغبات البشر"}
  ]
}
JSON Parse error: Expecting ',' delimiter: line 2 column 24 (char 25)
AI failed to return valid JSON. Using fallbacks.
✅ Successfully updated: 246862.json
Refactoring AI Content for: Narcos: Mexico...
RAW RES: {
  "desc_ar": "في الثمانينيّات، المكسيك كانت معالم الحرب ضد المخدرات، حيث قام عصابة "كارتل غوادالاخارا" الحقيقية بتحقيق أرباح ضخمة من خلال تجارة المخدرات، مما أدى إلى إشهد ميلاد حرب المخدرات في المكسيك، والذي سوف يصور قصة صعود هذه العصابة في مسلسل Narcos: Mexico.",
  "desc_en": "In the 1980s, Mexico was marked by the war against drugs, where the real-life cartel 'Guadalajara' made huge profits through drug trafficking, leading to the birth of the drug war in Mexico, which will depict the rise of this cartel in the Narcos: Mexico series.",
  "meta_desc": "واش غيفلت؟ اكتشف أحداث الإثارة في Narcos: Mexico - دراما جريمة",
  "seo_title_ar": "مشاهدة فيلم Narcos: Mexico مترجم اون لاين - توميتو",
  "keywords": "فيلم Narcos: Mexico مترجم, مشاهدة فيلم Narcos: Mexico",
  "opinion": "هذه السلسلة هي من أفضل ما عرضه التلفزيون في هذا العام، حيث تتميز برواية قصة صعود عصابة "كارتل غوادالاخارا" الحقيقية في المكسيك في الثمانينيّات، مما يجعها واحدة من أكثر السلاسل إثارة في العام.",
  "faq": [
    {"q": "ما هو Narcos: Mexico؟", "a": "هو مسلسل تلفزيوني دراما جريمة يروي قصة صعود عصابة "كارتل غوادالاخارا" الحقيقية في المكسيك في الثمانينيّات."},
    {"q": "ما هو سبب إشهد ميلاد حرب المخدرات في المكسيك؟", "a": "لإشهد ميلاد حرب المخدرات في المكسيك هو بسبب تجارة المخدرات التي قامت بها عصابة "كارتل غوادالاخارا" الحقيقية."},
    {"q": "ما هو مستقبل السلسلة؟", "a": "يتميز السلسلة بقصة صعود عصابة "كارتل غوادالاخارا" الحقيقية في المكسيك في الثمانينيّات، مما يجعها واحدة من أكثر السلاسل إثارة في العام."}
  ]
}
JSON Parse error: Expecting ',' delimiter: line 2 column 85 (char 86)
AI failed to return valid JSON. Using fallbacks.
✅ Successfully updated: 80968.json
Refactoring AI Content for: الهاتف الأسود ٢...
RAW RES: {
  "desc_ar": "بعد أربع سنوات من هروبه من "الخاطف"، يواجه فيني بليك صعوبات في حياته بعد الأسر. عندما تبدأ أخته جوين في تلقي مكالمات في أحلامها من الهاتف الأسود وترى رؤى مزعجة لثلاثة فتيان يتعرضون للمطاردة في مخيم شتوي، يصمم الأخوان على حل اللغز ومواجهة قاتل أصبح أكثر قوة بعد موته وأكثر أهمية بالنسبة لهما مما يمكن أن يتخيل أي منهما.",
  "desc_en": "After four years of running from 'The Prey', Vinny Black's life is filled with problems after his release. When his sister Jojo starts receiving calls in her dreams from the Black Phone and sees disturbing visions of three teenagers being hunted in a winter camp, the twins decide to solve the mystery and face the killer who has become stronger after his death and more important to them, which neither of them can imagine.",
  "meta_desc": "واش غيفلت؟ اكتشف أحداث الإثارة في الهاتف الأسود ٢",
  "seo_title_ar": "مشاهدة فيلم الهاتف الأسود ٢ مترجم اون لاين - توميتو",
  "keywords": "فيلم رعب مترجم, مشاهدة فيلم إثارة",
  "opinion": "هذا الفيلم هو مثال رائع لما يمكن أن يفعله الرعب والاثارة معاً. قصة غريبة وغامضة تمنحنا فرصة للاستكشاف والتشويق. ولكن، ما هو الأكثر إثارة هو كيف يتعامل الفيلم مع موضوع الموت والقوة.",
  "faq": [
    {"q": "ما هو قصة الهاتف الأسود ٢؟", "a": "يحكي قصة أخوان يتعاملون مع مكالمات في أحلامهم من الهاتف الأسود وترى رؤى مزعجة لثلاثة فتيان يتعرضون للمطاردة في مخيم شتوي."},
    {"q": "ما هو نوع فيلم الهاتف الأسود ٢؟", "a": "هو فيلم رعب وإثارة"},
    {"q": "ما هو أفضل شيء في فيلم الهاتف الأسود ٢؟", "a": "هو قصة غريبة وغامضة تمنحنا فرصة للاستكشاف والتشويق"}
  ]
}
JSON Parse error: Expecting ',' delimiter: line 2 column 43 (char 44)
AI failed to return valid JSON. Using fallbacks.
✅ Successfully updated: 1197137.json
Refactoring AI Content for: The Mask...
✅ Successfully updated: 854.json
Refactoring AI Content for: Kill Bill: The Whole Bloody Affair...
RAW RES: {
  "desc_ar": "في عالم المافيا، تتعاون امرأتان في مهمة انتقامية ضد رئيس المافيا الذي قتل زوجها. تتعاون(Beatrix "Black Mamba" Kiddo) مع (O-Ren Ishii) في هذه المهمة، التي تتميز بالدrama والحركة والجريمة. في هذه القصة، نرى كيف تتميز امرأتان في عالم المافيا وتعاونان في مهمة انتقامية ضد رئيس المافيا.",
  "desc_en": "In the world of the mafia, two women join forces in a vengeful mission against the mafia boss who killed her husband. Kiddo (Beatrix "Black Mamba" Kiddo) teams up with (O-Ren Ishii) in this mission, which is marked by drama, action, and crime. In this story, we see how two women in the mafia world team up in a vengeful mission against the mafia boss.",
  "meta_desc": "واش غيفلت؟ اكتشف أحداث الإثارة في فيلم Kill Bill: The Whole Bloody Affair - حركة، جريمة",
  "seo_title_ar": "مشاهدة فيلم Kill Bill: The Whole Bloody Affair مترجم اون لاين - توميتو",
  "keywords": "فيلم كذا مترجم, مشاهدة فيلم كذا, حركة جريمة, فيلم انتقام",
  "opinion": "هذا الفيلم هو واحد من أفضل الأفلام في العالم، حيث تتميز بروح الانتقام والحركة والجريمة. في هذا الفيلم، نرى كيف تتميز امرأتان في عالم المافيا وتعاونان في مهمة انتقامية ضد رئيس المافيا.",
  "faq": [
    {"q": "ما هو فيلم Kill Bill: The Whole Bloody Affair؟", "a": "هو فيلم حركة جريمة أمريكي من إخراج كوين تارانتينو، يروي قصة انتقام امرأتان في عالم المافيا."},
    {"q": "ما هو نوع فيلم Kill Bill: The Whole Bloody Affair؟", "a": "هو فيلم حركة جريمة أمريكي، يحتوي على عناصر الدراما والانتقام."},
    {"q": "ما هو سبب مشاهدة فيلم Kill Bill: The Whole Bloody Affair؟", "a": "لأنه فيلم مثير يحتوي على عناصر الدراما والانتقام والحركة، مما يجعها فيلماً مثيراً ومثيراً للاهتمام."}
  ]
}
JSON Parse error: Expecting ',' delimiter: line 2 column 112 (char 113)
AI failed to return valid JSON. Using fallbacks.
✅ Successfully updated: 414419.json
Refactoring AI Content for: صائدو جوائز بيبوب...
✅ Successfully updated: 30991.json
Refactoring AI Content for: سبايدرمان الجار الودود...
✅ Successfully updated: 138503.json
Refactoring AI Content for: المدينة البعيدة...
✅ Successfully updated: 274556.json
Refactoring AI Content for: المجالد 2...
✅ Successfully updated: 558449.json
Refactoring AI Content for: البروز في الظل...
✅ Successfully updated: 119495.json
Refactoring AI Content for: مرحبا بك في مدرسة الشياطين! إيروما-كن...
✅ Successfully updated: 91801.json
Refactoring AI Content for: حكاية لعبة 2...
✅ Successfully updated: 863.json
Refactoring AI Content for: Star vs. the Forces of Evil...
✅ Successfully updated: 61923.json
Refactoring AI Content for: Walker...
✅ Successfully updated: 99121.json
Refactoring AI Content for: ...
✅ Successfully updated: 232463.json
Refactoring AI Content for: A Brighter Summer Day...
✅ Successfully updated: 15804.json
Refactoring AI Content for: LAdolescente...
RAW RES: {
  "desc_ar": "في فيلم «المراهقة» نرى قصةً رائعةً عن مرحلة adolesence، حيث نرى الشخصيات الرئيسية المضطربة فيما بينهم، وهم يتعاملون مع مشاكلهم الشخصية، والخلافات والانفصال، فيما يتعاملون مع المخاوف والقلق والشك، فيما يتعاملون مع مشاكلهم الشخصية، والخلافات والانفصال، فيما يتعاملون مع المخاوف والقلق والشك، فيما يتعاملون مع مشاكلهم الشخصية، والخلافات والانفصال، فيما يتعاملون مع المخاوف والقلق والشك، فيما يتعاملون مع مشاكلهم الشخصية، والخلافات والانفصال، فيما يتعاملون مع المخاوف والقلق والشك، فيما يتعاملون مع مشاكلهم الشخصية، والخلافات والانفصال، فيما يتعاملون مع المخاوف والقلق والشك، فيما يتعاملون مع مشاكلهم الشخصية، والخلافات والانفصال، فيما يتعاملون مع المخاوف والقلق والشك، فيما يتعاملون مع مشاكلهم الشخصية، والخلافات والانفصال، فيما يتعاملون مع المخاوف والقلق والشك، فيما يتعاملون مع مشاكلهم الشخصية، والخلافات والانفصال، فيما يتعاملون مع المخاوف والقلق والشك، فيما يتعاملون مع مشاكلهم الشخصية، والخلافات والانفصال، فيما يتعاملون مع المخاوف والقلق والشك، فيما يتعاملون مع مشاكلهم الشخصية، والخلافات والانفصال، فيما يتعاملون مع المخاوف والقلق والشك، فيما يتعاملون مع مشاكلهم الشخصية، والخلافات والانفصال، فيما يتعاملون مع المخاوف والقلق والشك، فيما يتعاملون مع مشاكلهم الشخصية، والخلافات والانفصال، فيما يتعاملون مع المخاوف والقلق والشك، فيما يتعاملون مع مشاكلهم الشخصية، والخلافات والانفصال، فيما يتعاملون مع المخاوف والقلق والشك، فيما يتعاملون مع مشاكلهم الشخصية، والخلافات والانفصال، فيما يتعاملون مع المخاوف والقلق والشك، فيما يتعاملون مع مشاكلهم الشخصية، والخلافات والانفصال، فيما يتعاملون مع المخاوف والقلق والشك، فيما يتعاملون مع مشاكلهم الشخصية، والخلافات والانفصال، فيما يتعاملون مع المخاوف والقلق والشك، فيما يتعاملون مع مشاكلهم الشخصية، والخلافات والانفصال، فيما يتعاملون مع المخاوف والقلق والشك، فيما يتعاملون مع مشاكلهم الشخصية، والخلافات والانفصال، فيما يتعاملون مع المخاوف والقلق والشك، فيما يتعاملون مع مشاكلهم الشخصية، والخلافات والانفصال، فيما يتعاملون مع المخاوف والقلق والشك، فيما يتعاملون مع مشاكلهم الشخصية، والخلافات والانفصال، فيما يتعاملون مع المخاوف والقلق والشك، فيما يتعاملون مع مشاكلهم الشخصية، والخلافات والانفصال، فيما يتعاملون مع المخاوف والقلق والشك، فيما يتعاملون مع مشاكلهم الشخصية، والخلافات والانفصال، فيما يتعاملون مع المخاوف والقلق والشك، فيما يتعاملون مع مشاكلهم الشخصية، والخلافات والانفصال، فيما يتعاملون مع المخاوف والقلق والشك، فيما يتعاملون مع مشاكلهم الشخصية، والخلافات والانفصال، فيما يتعاملون مع المخاوف
JSON Parse error: Unterminated string starting at: line 2 column 14 (char 15)
AI failed to return valid JSON. Using fallbacks.
✅ Successfully updated: 226674.json
Refactoring AI Content for: Chilling Adventures of Sabrina...
RAW RES: {
  "desc_ar": "في عالم السحرة سابرينا، يتصادم السحر مع الشر في ظل مواكبة "سابرينا"، كنصف ساحرة ونصف إنسان، بين عالمين مختلفين: حياتها البشرية كمراهقة وإرث عائلتها: كنيسة "الظلمة". سابرينا تكتشف قوتها السحرة وتواجه الأخطاء التي تهدد حياتها، بينما يتعقبها الشر في كل مكان.",
  "desc_en": "In the world of Sabrina, magic collides with evil as Sabrina, half-witch and half-human, navigates between two worlds: her mortal life as a teenager and her family's dark legacy: the Church of Night. Sabrina discovers her magical powers and faces the mistakes that threaten her life, while evil pursues her everywhere.",
  "meta_desc": "واش غيفلت؟ اكتشف أحداث الإثارة في مسلسل "مشاهدة فيلم تشيلينج أدوينتشرز أوف سابرينا" مترجم اون لاين - توميتو",
  "seo_title_ar": "مشاهدة فيلم تشيلينج أدوينتشرز أوف سابرينا مترجم اون لاين - توميتو",
  "keywords": "فيلم تشيلينج أدوينتشرز أوف سابرينا مترجم, مشاهدة فيلم تشيلينج أدوينتsherz أوف سابرينا",
  "opinion": "هو مسلسل رائع يجمع بين المغامرة والدراما والخيال العلمي، مع شخصيات رائعة و قصة رائعة، سابرينا هي واحدة من أفضل المسلسلات التلفزيونية التي شاهدناها في السنوات الأخيرة.",
  "faq": [
    {"q": "ما هو نوع مسلسل تشيلينج أدوينتشرز أوف سابرينا؟", "a": "هو مسلسل تلفزيوني"},
    {"q": "ما هو نوع الأنميشن في مسلسل تشيلينج أدوينتsherz أوف سابرينا؟", "a": "يحتوي على عناصر من المغامرة والدراما والخيال العلمي"},
    {"q": "ما هو إنتاج مسلسل تشيلينج أدوينتsherz أوف سابرينا؟", "a": "تم إنتاجه بواسطة Netflix"}
  ]
}
JSON Parse error: Expecting ',' delimiter: line 2 column 74 (char 75)
AI failed to return valid JSON. Using fallbacks.
✅ Successfully updated: 79242.json
Refactoring AI Content for: الآن أنت تراني: الآن أنت لا...
✅ Successfully updated: 425274.json
Refactoring AI Content for: Devil May Cry...
✅ Successfully updated: 235930.json
Refactoring AI Content for: مطلوب...
✅ Successfully updated: 8909.json
Refactoring AI Content for: سجلات نارنيا: الأسد، الساحرة وخزانة الملابس...
✅ Successfully updated: 411.json
Refactoring AI Content for: Bonanza...
✅ Successfully updated: 1018.json
Refactoring AI Content for: كوكب الكنز المفقود...
✅ Successfully updated: 9016.json
Refactoring AI Content for: Shahenshah...
✅ Successfully updated: 62201.json
Refactoring AI Content for: ذات مرة في أمريكا...
✅ Successfully updated: 311.json
Refactoring AI Content for: مو عامر...
RAW RES: {
  "desc_ar": "في إقليم "تكساس"، يقف "مو" على الخطّ الفاصل بين ثقافتين وثلاث لغات، حيث يلجأ إلى المأوى المعلّق بينما يكافح لإعالة عائلته الفلسطينية، التي تتعرض للاضطراب والشكوى في هذا البلد الجديد، مما يثير سلاسل من الأحداث الدرامية والكوميديا، في مسلسل "مو"، الذي يتعامل مع قضايا الهجرة والثقافة واللغة، من خلال قصة رائعة تجمع بين الدراما والكوميديا.",
  "desc_en": "In the state of Texas, Mo stands at the border between two cultures and three languages, as he seeks a precarious refuge while struggling to support his Palestinian family, which faces difficulties and hardships in this new land, leading to a series of dramatic and comedic events, in the series "Mo", which deals with issues of migration, culture, and language, through a wonderful story that combines drama and comedy.",
  "meta_desc": "واش غيفلت؟ اكتشف أحداث الإثارة في مسلسل "مو" - توميتو",
  "seo_title_ar": "مشاهدة مسلسل مو مترجم اون لاين - توميتو",
  "keywords": "فيلم كوميديا مترجم, مشاهدة مسلسل دراما",
  "opinion": "منذ بدأ عرضه، كان مسلسل "مو" يثير الإعجاب ببراعته في التمثيل والكتابة، ويقدم قصة رائعة تجمع بين الدراما والكوميديا، مما يجعله من بين أفضل المسلسلات التي شاهدناها في السنوات الأخيرة.",
  "faq": [
    {"q": "ما هو موضوع مسلسل "مو"؟", "a": "يتمحور موضوع المسلسل حول قضايا الهجرة والثقافة واللغة، من خلال قصة رائعة تجمع بين الدراما والكوميديا."},
    {"q": "ما هو نوع مسلسل "مو"؟", "a": " هو مسلسل دراما كوميديا"},
    {"q": "ما هو المكان الذي يحدث فيه مسلسل "مو"؟", "a": "يحدث في إقليم "تكساس" في الولايات المتحدة الأمريكية"}
  ]
}
JSON Parse error: Expecting ',' delimiter: line 2 column 25 (char 26)
AI failed to return valid JSON. Using fallbacks.
✅ Successfully updated: 201124.json
Refactoring AI Content for: ماكس المجنون طريق الغضب...
✅ Successfully updated: 76341.json
Refactoring AI Content for: مورتال كومبات...
✅ Successfully updated: 460465.json
Refactoring AI Content for: Sleepers...
✅ Successfully updated: 819.json
Refactoring AI Content for: Code Geass: Fukkatsu no Lelouch...
✅ Successfully updated: 553837.json
Refactoring AI Content for: بلاك بانثر واكاندا إلى الأبد...
✅ Successfully updated: 505642.json
Refactoring AI Content for: شرطي بيفرلي هيلز...
✅ Successfully updated: 90.json
Refactoring AI Content for: A Dream Within a Dream...
✅ Successfully updated: 253193.json
Refactoring AI Content for: The Testaments...
✅ Successfully updated: 287527.json
Refactoring AI Content for: ملكة الثلج 2...
✅ Successfully updated: 330457.json
Refactoring AI Content for: The Age of Adaline...
✅ Successfully updated: 293863.json
Refactoring AI Content for: Upload...
RAW RES: {
  "desc_ar": "في المستقبل القريب، يمكن "تحميل" الأشخاص الذين يقتربون من الموت إلى بيئات الواقع الافتراضي، حيث يتعاملون مع مشكلاتهم الأخيرة في بيئة افتراضية، مما يتيح لهم فرصة للاخلاص من الموت. هذا هو العالم الجديد الذي ينتظرنا، حيث يمكننا أن نتحمل الأشخاص الذين يقتربون من الموت إلى بيئات الواقع الافتراضي، مما يتيح لهم فرصة للاخلاص من الموت.",
  "desc_en": "In the near future, people who are approaching death can be 'uploaded' into virtual reality worlds, where they can deal with their last problems in a virtual environment, allowing them to escape death. This is the new world that awaits us, where we can upload people who are approaching death into virtual reality worlds, allowing them to escape death.",
  "meta_desc": "واش غيفلت؟ اكتشف أحداث الإثارة في العالم الجديد حيث يمكن الأشخاص الذين يقتربون من الموت أن يتحملوا إلى بيئات الواقع الافتراضي.",
  "seo_title_ar": "مشاهدة فيلم Upload مترجم اون لاين - توميتو",
  "keywords": "فيلم كوميديا مترجم, مشاهدة فيلم خيال علمي وفانتازيا, دراما مترجم",
  "opinion": "هذا هو العالم الجديد الذي ينتظرنا، حيث يمكننا أن نتحمل الأشخاص الذين يقتربون من الموت إلى بيئات الواقع الافتراضي، مما يتيح لهم فرصة للاخلاص من الموت. هذا هو فيلم كوميديا خيال علمي وفانتازيا دراما مترجم الذي يأخذنا إلى عالم جديد.",
  "faq": [
    {"q": "ما هو العالم الجديد؟", "a": "هو العالم الجديد الذي ينتظرنا، حيث يمكننا أن نتحمل الأشخاص الذين يقتربون من الموت إلى بيئات الواقع الافتراضي."},
    {"q": "ما هو الفيلم؟", "a": "هو فيلم كوميديا خيال علمي وفانتازيا دراما مترجم."},
    {"q": "ما هو العالم الجديد الذي ينتظرنا؟", "a": "هو العالم الجديد الذي ينتظرنا، حيث يمكننا أن نتحمل الأشخاص الذين يقتربون من الموت إلى بيئات الواقع الافتراضي."}
  ]
}
JSON Parse error: Expecting ',' delimiter: line 2 column 41 (char 42)
AI failed to return valid JSON. Using fallbacks.
✅ Successfully updated: 86248.json
Refactoring AI Content for: Amor Estranho Amor...
✅ Successfully updated: 54989.json
Refactoring AI Content for: Do Not Enter...
✅ Successfully updated: 999136.json
Refactoring AI Content for: العصر الجليدي...
✅ Successfully updated: 425.json
Refactoring AI Content for: Suite Franaise...
✅ Successfully updated: 271674.json
Refactoring AI Content for: Xena: Warrior Princess...
✅ Successfully updated: 4616.json
Refactoring AI Content for: SEAL Team...
✅ Successfully updated: 71789.json
Refactoring AI Content for: اشخاص اللطفاء...
✅ Successfully updated: 290250.json
Refactoring AI Content for: جاك ريتشر...
RAW RES: {
  "desc_ar": "في عالم متشابها، يجد ضابط الشرطة العسكرية جاك ريتشر نفسه في وسط مؤامرة مميتة، حيث يتعامل مع رجال الشرطة غير الشرفاء ورجال الأعمال المريبين والسياسيين الماكرين، الذين يريدون أن يخدعوه ويقتلوه. لكن جاك ريتشر، بفضل ذكاءه، يبدأ في الكشف عن الحقائق والتعامل مع الأحداث، فيما يصير منعشاً لمنعشاً في محاولة اكتشاف ما يحدث في "مارغريف"، "جورجيا".",
  "desc_en": "In a world of chaos, Reacher, a military police officer, finds himself in the midst of a deadly conspiracy, where he must deal with unscrupulous police officers, corrupt businessmen, and cunning politicians who want to deceive and kill him. But Reacher, thanks to his intelligence, begins to uncover the truth and take action, becoming increasingly determined to uncover what's happening in Margrave, Georgia.",
  "meta_desc": "واش غيفلت؟ اكتشف أحداث الإثارة في جاك ريتشر - توميتو",
  "seo_title_ar": "مشاهدة فيلم جاك ريتشر مترجم اون لاين - توميتو",
  "keywords": "فيلم جاك ريتشر مترجم, مشاهدة فيلم جريمة",
  "opinion": "فيلم جاك ريتشر هو فيلم حركة رائع يجمع بين الدراما والجريمة، حيث يظهر جاك ريتشر كممثل رائع يلعب دوره مع فائقة النضارة، مما يجعله فيلماً رائعاً يجب مشاهدته.",
  "faq": [
    {"q": "ما هو فيلم جاك ريتشر؟", "a": "فيلم جاك ريتشر هو فيلم حركة رائع يجمع بين الدراما والجريمة."},
    {"q": "ما هو نوع فيلم جاك ريتشر؟", "a": "فيلم جاك ريتشر هو فيلم تلفزيوني من نوع حركة ومغامرة ودراما و جريمة."},
    {"q": "ما هو أفضل ما في فيلم جاك ريتشر؟", "a": "أفضل ما في فيلم جاك ريتشر هو قصة الإثارة والجريمة والدراما، بالإضافة إلى أداء الممثل الرئيسي"}
  ]
}
JSON Parse error: Expecting ',' delimiter: line 2 column 334 (char 335)
AI failed to return valid JSON. Using fallbacks.
✅ Successfully updated: 108978.json
Refactoring AI Content for: Ben-Hur...
✅ Successfully updated: 665.json
Refactoring AI Content for: البؤساء...
RAW RES: {
  "desc_ar": "في عالم من الفقر والجوع، يُدعو سجين مُفرج عنه يُدعى جان فالجيان إلى المخالطة، حيث يلتقي بالسجينات الأخرى الذين يُدعون إلى المخالطة، ويُدعون إلى المخالطة، ويُدعون إلى المخالطة، ويُدعون إلى المخالطة، ويُدعون إلى المخالطة، ويُدعون إلى المخالطة، ويُدعون إلى المخالطة، ويُدعون إلى المخالطة، ويُدعون إلى المخالطة، ويُدعون إلى المخالطة، ويُدعون إلى المخالطة، ويُدعون إلى المخالطة، ويُدعون إلى المخالطة، ويُدعون إلى المخالطة، ويُدعون إلى المخالطة، ويُدعون إلى المخالطة، ويُدعون إلى المخالطة، ويُدعون إلى المخالطة، ويُدعون إلى المخالطة، ويُدعون إلى المخالطة، ويُدعون إلى المخالطة، ويُدعون إلى المخالطة، ويُدعون إلى المخالطة، ويُدعون إلى المخالطة، ويُدعون إلى المخالطة، ويُدعون إلى المخالطة، ويُدعون إلى المخالطة، ويُدعون إلى المخالطة، ويُدعون إلى المخالطة، ويُدعون إلى المخالطة، ويُدعون إلى المخالطة، ويُدعون إلى المخالطة، ويُدعون إلى المخالطة، ويُدعون إلى المخالطة، ويُدعون إلى المخالطة، ويُدعون إلى المخالطة، ويُدعون إلى المخالطة، ويُدعون إلى المخالطة، ويُدعون إلى المخالطة، ويُدعون إلى المخالطة، ويُدعون إلى المخالطة، ويُدعون إلى المخالطة، ويُدعون إلى المخالطة، ويُدعون إلى المخالطة، ويُدعون إلى المخالطة، ويُدعون إلى المخالطة، ويُدعون إلى المخالطة، ويُدعون إلى المخالطة، ويُدعون إلى المخالطة، ويُدعون إلى المخالطة، ويُدعون إلى المخالطة، ويُدعون إلى المخالطة، ويُدعون إلى المخالطة، ويُدعون إلى المخالطة، ويُدعون إلى المخالطة، ويُدعون إلى المخالطة، ويُدعون إلى المخالطة، ويُدعون إلى المخالطة، ويُدعون إلى المخالطة، ويُدعون إلى المخالطة، ويُدعون إلى المخالطة، ويُدعون إلى المخالطة، ويُدعون إلى المخالطة، ويُدعون إلى المخالطة، ويُدعون إلى المخالطة، ويُدعون إلى المخالطة، ويُدعون إلى المخالطة، ويُدعون إلى المخالطة، ويُدعون إلى المخالطة، ويُدعون إلى المخالطة، ويُدعون إلى المخالطة، ويُدعون إلى المخالطة، ويُدعون إلى المخالطة، ويُدعون إلى المخالطة، ويُدعون إلى المخالطة، ويُدعون إلى المخالطة، ويُدعون إلى المخالطة، ويُدعون إلى المخالطة، ويُدعون إلى المخالطة، ويُدعون إلى المخالطة، ويُدعون إلى المخالطة، ويُدعون إلى المخالطة، ويُدعون إلى المخالطة، ويُدعون إلى المخالطة، ويُدعون إلى المخالطة، ويُدعون إلى المخالطة، ويُدعون إلى المخالطة، ويُدعون إلى المخالطة، ويُ
JSON Parse error: Unterminated string starting at: line 2 column 14 (char 15)
AI failed to return valid JSON. Using fallbacks.
✅ Successfully updated: 82695.json
Refactoring AI Content for: The Loud House...
✅ Successfully updated: 68073.json
Refactoring AI Content for: Dollhouse...
✅ Successfully updated: 14956.json
Refactoring AI Content for: مملكة الحيوان...
✅ Successfully updated: 66025.json
Refactoring AI Content for: Bref...
✅ Successfully updated: 60715.json
Refactoring AI Content for: It...
✅ Successfully updated: 19614.json
Refactoring AI Content for: الناقل...
✅ Successfully updated: 4108.json
Refactoring AI Content for: The Internets Own Boy: The Story of Aaron Swartz...
RAW RES: {
  "desc_ar": "في هذا الفيلم الوثائقي، نرى قصة حقيقية لشاب يبلغ من العمر 26 عاماً، Aaron Swartz، الذي كان يتصف بالشغف والرغبة في الحصول على المعلومات، ولهذه الأسباب، قام بإنشاء عدة مشروعات، من بينها مشروع "موي"، الذي كان يهدف إلى تسهيل مشاركة المعلومات بين الأشخاص. ولكن، حياته كانت متشابكة أيضاً بالعديد من النزاعات، التي كانت تتميز بالشغف والرغبة في الحصول على المعلومات، والتي كانت تتميز أيضاً بالعديد من النزاعات، التي كانت تتميز بالشغف والرغبة في الحصول على المعلومات.",
  "desc_en": "This documentary film tells the true story of Aaron Swartz, a 26-year-old man who was passionate about information and had a strong desire to share it with others. He created several projects, including "Moy" which aimed to facilitate information sharing among people. However, his life was also marked by many conflicts, marked by his passion and desire for information, and marked by many conflicts, marked by his passion and desire for information.",
  "meta_desc": "واش غيفلت؟ اكتشف قصة حقيقية لشاب يبلغ من العمر 26 عاماً، Aaron Swartz، الذي كان يتصف بالشغف والرغبة في الحصول على المعلومات",
  "seo_title_ar": "مشاهدة فيلم "الإنترنت يملك هذا الفتى" مترجم اون لاين - توميتو",
  "keywords": "فيلم وثائقي مترجم, مشاهدة فيلم وثائقي",
  "opinion": "هذا الفيلم الوثائقي هو سرد قصة حقيقية لشاب يبلغ من العمر 26 عاماً، Aaron Swartz، الذي كان يتصف بالشغف والرغبة في الحصول على المعلومات. الفيلم يلقي الضوء على النزاعات التي واجهها الشاب في حياته، والتي كانت تتميز بالشغف والرغبة في الحصول على المعلومات.",
  "faq": [
    {"q": "ما هو قصة هذا الفيلم؟", "a": "هو سرد قصة حقيقية لشاب يبلغ من العمر 26 عاماً، Aaron Swartz، الذي كان يتصف بالشغف والرغبة في الحصول على المعلومات."},
    {"q": "ما هو نوع هذا الفيلم؟", "a": "هو فيلم وثائقي"},
    {"q": "ما هو المخرج هذا الفيلم؟", "a": "هو فيلم وثائقي لا يملك المخرج"}
  ]
}
JSON Parse error: Expecting ',' delimiter: line 2 column 206 (char 207)
AI failed to return valid JSON. Using fallbacks.
✅ Successfully updated: 250658.json
Refactoring AI Content for: بلاك بانثر...
RAW RES: {
  "desc_ar": "يحلم تشالا، وريث مملكة واكاندا الخفية والمتقدمة، أن يتقدم ليقود شعبه نحو مستقبل جديد، وأن يواجه خصماً من ماضي بلاده. في هذه الرحلة، سيتعرف تشالا على أسراره، وسيركب سلاحاً قوياً لتحقيق حلمه، ولكن ما إذا كان سيفوز أم لا، هو ما سيركبونه في هذه الرحلة الإثارة.",
  "desc_en": "T'Challa, the heir to the hidden and advanced kingdom of Wakanda, must step forward to lead his people towards a new future, and face enemies from his country's past. In this journey, T'Challa will discover his secrets, and wield a powerful tool to achieve his dream, but whether he will succeed or not, is what will be revealed in this thrilling journey.",
  "meta_desc": "واش غيفلت؟ اكتشف أحداث الإثارة في فيلم بلاك بانثر مترجم اون لاين - توميتو",
  "seo_title_ar": "مشاهدة فيلم بلاك بانثر مترجم اون لاين - توميتو",
  "keywords": "فيلم بلاك بانثر مترجم, مشاهدة فيلم بلاك بانثر",
  "opinion": "فيلم بلاك بانثر هو فيلم رائع، مليء بالعديد من الأحداث الإثارة والقوية، والشخصيات الرائعة، والديكورات الرائعة، والديكورات الرائعة، والديكورات الرائعة، والديكورات الرائعة، والديكورات الرائعة، والديكورات الرائعة، والديكورات الرائعة، والديكورات الرائعة، والديكورات الرائعة، والديكورات الرائعة، والديكورات الرائعة، والديكورات الرائعة، والديكورات الرائعة، والديكورات الرائعة، والديكورات الرائعة، والديكورات الرائعة، والديكورات الرائعة، والديكورات الرائعة، والديكورات الرائعة، والديكورات الرائعة، والديكورات الرائعة، والديكورات الرائعة، والديكورات الرائعة، والديكورات الرائعة، والديكورات الرائعة، والديكورات الرائعة، والديكورات الرائعة، والديكورات الرائعة، والديكورات الرائعة، والديكورات الرائعة، والديكورات الرائعة، والديكورات الرائعة، والديكورات الرائعة، والديكورات الرائعة، والديكورات الرائعة، والديكورات الرائعة، والديكورات الرائعة، والديكورات الرائعة، والديكورات الرائعة، والديكورات الرائعة، والديكورات الرائعة، والديكورات الرائعة، والديكورات الرائعة، والديكورات الرائعة، والديكورات الرائعة، والديكورات الرائعة، والديكورات الرائعة، والديكورات الرائعة، والديكورات الرائعة، والديكورات الرائعة، والديكورات الرائعة، والديكورات الرائعة، والديكورات الرائعة، والديكورات الرائعة، والديكورات الرائعة، والديكورات الرائعة، والديكورات الرائعة، والديكورات الرائعة، والديكورات الرائعة، والديكورات الرائعة، والديكورات الرائعة، والديكورات الرائعة، والديكورات الرائعة، والديكورات الرائعة، والديكورات الرائعة، والديكورات الرائعة، والديكورات الرائعة، والديكورات الرائعة، والديكورات الرائعة، والديكورات الرائعة، والديكورات الرائعة، والديكورات الرائعة، والديكورات الرائعة، والديكورات الرائعة، والديكورات الرائعة، والديكورات الرائعة، والديكورات الرائعة، والديكورات الرائعة، والديكورات الرائعة، والديكورات الرائعة، والديكورات الرائعة، والديكورات الرائعة، والديكورات الرائعة، والديكورات الرائعة، والديكورات الرائعة، والديكورات الرائعة، والديكورات الرائعة، وال
JSON Parse error: Unterminated string starting at: line 7 column 14 (char 883)
AI failed to return valid JSON. Using fallbacks.
✅ Successfully updated: 284054.json
Refactoring AI Content for: الحب يعود إلى المنزل...
✅ Successfully updated: 258707.json
Refactoring AI Content for: أسطورة مريدا...
✅ Successfully updated: 62177.json
Refactoring AI Content for: سابق ولاحق...
✅ Successfully updated: 81157.json
Refactoring AI Content for: Gone Baby Gone...
✅ Successfully updated: 4771.json
Refactoring AI Content for: Innerspace...
✅ Successfully updated: 2614.json
Refactoring AI Content for: The Mighty Boosh...
✅ Successfully updated: 7166.json
Refactoring AI Content for: فتاة في القبو...
✅ Successfully updated: 801335.json
Refactoring AI Content for: Yu Pui Tsuen II...
✅ Successfully updated: 410119.json
Refactoring AI Content for: أفاتار: أسطورة كورا...
RAW RES: {
  "desc_ar": "في عالم الأرواح، حيث قوى الشر تهدد أمن مدينتنا، ظهرت شابة من الـ"آفاتار"، التي يمكنها التحكّم في العناصر لإنقاذها من الفتن. مع قوة جديدة، تتعقب أثرها في عالم الأرواح، وتحاول أن تمنع قوى الشر من التسلط عليها. ولكن، ما إذا كانت قوة الـ"آفاتار" كافية لصد قوى الشر، أو إذا كانت هناك قوة أخرى يمكنها أن تمنعها؟",
  "desc_en": "In the world of spirits, where evil forces threaten the safety of our city, a young woman from the 'Avatar' emerges, capable of controlling the elements to save it from the chaos. With new power, she follows her path in the world of spirits, trying to prevent the evil forces from dominating it. But, is the power of the 'Avatar' enough to repel the evil forces, or is there another power that can stop them?",
  "meta_desc": "واش غيفلت؟ اكتشف أحداث الإثارة في أفاتار: أسطورة كورا",
  "seo_title_ar": "مشاهدة فيلم أفاتار: أسطورة كورا مترجم اون لاين - توميتو",
  "keywords": "فيلم أفاتار مترجم, مشاهدة فيلم أفاتار: أسطورة كورا",
  "opinion": "هذه الأسطورة الجديدة هي من أفضل ما رأيته في عالم الرسوم المتحركة، مع قصة رائعة وتصوير رائع، ستجذبك إلى عالم الأرواح وتجعلك تريد أن تنتقل إليه",
  "faq": [
    {"q": "ما هو أفاتار؟", "a": "الـ'آفاتار' هو شخص يمكنه التحكّم في العناصر لإنقاذ مدينتنا من قوى الشر"},
    {"q": "ما هو أسطورة كورا؟", "a": "أسطورة كورا هي قصة رائعة عن شابة من الـ'آفاتار' تتعقب أثرها في عالم الأرواح"},
    {"q": "ما هو نوع أفاتار: أسطورة كورا؟", "a": "أفاتار: أسطورة كورا هو نوع رسوم متحركة، حركة ومغامرة، خيال علمي وفانتازيا، عائلي"}
  ]
}
JSON Parse error: Expecting ',' delimiter: line 2 column 80 (char 81)
AI failed to return valid JSON. Using fallbacks.
✅ Successfully updated: 33880.json
Refactoring AI Content for: القانون والنظام: الجريمة المنظمة...
✅ Successfully updated: 106158.json
Refactoring AI Content for: Garfield...
✅ Successfully updated: 8920.json
Refactoring AI Content for: المهمة المستحيلة: انحدار...
✅ Successfully updated: 353081.json
Refactoring AI Content for: Come Home Love...
✅ Successfully updated: 84791.json
Refactoring AI Content for: المنتقمون...
✅ Successfully updated: 24428.json
Refactoring AI Content for: Transformers: EarthSpark...
✅ Successfully updated: 157747.json
Refactoring AI Content for: سبيريت قائد قبيلة السيمارون...
✅ Successfully updated: 9023.json
Refactoring AI Content for: زودياك...
✅ Successfully updated: 1949.json
Refactoring AI Content for: Jackie Brown...
✅ Successfully updated: 184.json
Refactoring AI Content for: La Bamba...
RAW RES: {
  "desc_ar": "في عالم الموسيقى، يمكن أن يخلق النجاح فرقاً بين الحياة وال smrti. هذا هو قصة ريتشارد " Richie" Valens، الشاب الموهوب من لوس أنجلوس، الذي يصعد إلى الشهرة بسرعة، فقط لينتهي بهموم الموت المفاجئ. في هذه القصة، نرى كيف المUSIC يمكن أن يخلق فرقاً بين الحياة وال smrti، ونرى كيف يمكن أن يخلق فرقاً بين النجاح والفشل.",
  "desc_en": "In the world of music, success can create a difference between life and death. This is the story of Richie Valens, the talented young man from Los Angeles, who rises to fame quickly, only to end in a sudden death. In this story, we see how music can create a difference between life and death, and how it can create a difference between success and failure.",
  "meta_desc": "واش غيفلت؟ اكتشف قصة ريتشارد "ريتشي" فالنس، الشاب الموهوب من لوس أنجلوس، الذي يصعد إلى الشهرة بسرعة.",
  "seo_title_ar": "مشاهدة فيلم لابامبا مترجم اون لاين - توميتو",
  "keywords": "فيلم لابامبا مترجم, مشاهدة فيلم لابامبا",
  "opinion": "هذا الفيلم هو قصة حقيقية عن ريتشارد "ريتشي" فالنس، الشاب الموهوب من لوس أنجلوس، الذي يصعد إلى الشهرة بسرعة، فقط لينتهي بهموم الموت المفاجئ. هذا الفيلم هو قصة حقيقية عن النجاح والفشل، والMusic التي يمكن أن تخلق فرقاً بين الحياة وال smrti.",
  "faq": [
    {"q": "ما هو فيلم لابامبا؟", "a": "هو فيلم دراما وموسيقى عن قصة ريتشارد "ريتشي" فالنس، الشاب الموهوب من لوس أنجلوس."},
    {"q": "ما هو سبب نجاح ريتشارد "ريتشي" فالنس؟", "a": "كان ريتشارد "ريتشي" فالنس شاباً موهوباً من لوس أنجلوس، الذي يصعد إلى الشهرة بسرعة، فقط لينتهي بهموم الموت المفاجئ."},
    {"q": "ما هو دور الموسيقى في فيلم لابامبا؟", "a": "كان الموسيقى في فيلم لابامبا هو ما خلق فرقاً بين الحياة وال smrti، وكان ما خلق فرقاً بين النجاح والفشل."}
  ]
}
JSON Parse error: Expecting ',' delimiter: line 2 column 102 (char 103)
AI failed to return valid JSON. Using fallbacks.
✅ Successfully updated: 16620.json
Refactoring AI Content for: Sense and Sensibility...
✅ Successfully updated: 4584.json
Refactoring AI Content for: بوش...
✅ Successfully updated: 60585.json
Refactoring AI Content for: QI...
✅ Successfully updated: 1554.json
Refactoring AI Content for: الحارسة...
✅ Successfully updated: 1383731.json
Refactoring AI Content for: اللعب القذر...
RAW RES: {
  "desc_ar": "في فيلم اللعب القذر، يُحوّل لص محترف أكبر عملية سرقة في حياته إلى مغامرة جريئة، مليئة بالحركة والتشويق. يشارك فريق ماهر لتنفيذ سرقة العمر التي اكتشفوها بالصدفة، وتلك تقودهم إلى مواجهة مباشرة مع مافيا "نيويورك".",
  "desc_en": "In the movie Play Dirty, a professional thief turns a major heist in his life into a thrilling adventure, filled with action and suspense. A team of experts, led by a chance discovery, embark on a mission to steal the loot, which ultimately leads them to a direct confrontation with the New York mafia.",
  "meta_desc": "واش غيفلت؟ اكتشف أحداث الإثارة في فيلم اللعب القذر!",
  "seo_title_ar": "مشاهدة فيلم اللعب القذر مترجم اون لاين - توميتو",
  "keywords": "فيلم اللعب القذر مترجم, مشاهدة فيلم اللعب القذر",
  "opinion": "فيلم اللعب القذر، فيلم إثارة رائع، مليء بالحركة والتشويق. لقد قام المخرج "شين بلاك" بإنشاء مغامرة جريئة، مليئة بال suspense والتشويق.",
  "faq": [
    {"q": "ما هو فيلم اللعب القذر؟", "a": "فيلم إثارة رائع، مليء بالحركة والتشويق."},
    {"q": "من إخراج فيلم اللعب القذر؟", "a": "شين بلاك"},
    {"q": "ما هو نوع فيلم اللعب القذر؟", "a": "جريمة, حركة, إثارة"}
  ]
}
JSON Parse error: Expecting ',' delimiter: line 2 column 216 (char 217)
AI failed to return valid JSON. Using fallbacks.
✅ Successfully updated: 941109.json
Refactoring AI Content for: سوتس...
✅ Successfully updated: 37680.json
Refactoring AI Content for: وقت المغامرة...
✅ Successfully updated: 15260.json
Refactoring AI Content for: The Bikeriders...
✅ Successfully updated: 1008409.json
Refactoring AI Content for: سوبرمان ولويس...
✅ Successfully updated: 95057.json
Refactoring AI Content for: قيادة...
✅ Successfully updated: 64690.json
Refactoring AI Content for: بعد التجسد، موضوع تحولي إلى وحل...
✅ Successfully updated: 82684.json
Refactoring AI Content for: 21...
✅ Successfully updated: 8065.json
Refactoring AI Content for: Buffy the Vampire Slayer...
✅ Successfully updated: 95.json
Refactoring AI Content for: الطبيبان المنهكان...
✅ Successfully updated: 222233.json
Refactoring AI Content for: Charmed...
RAW RES: {
  "desc_ar": "في عالم المAGIC، حيث يلعب الأصدقاء دوراً كبيراً في الحياة، تظهر ثلاث شابات يلدات من عائلة معينة، يلدات مكونات من خيال علمي وفانتازيا، يلدات قادرات على إحداث تغييرات في العالم، ولكنهم يواجهون تهديدات من قبل قوى شريرة، في هذه الرحلة، سوف نرى كيف يتعامل الأصدقاء مع هذه التحديات، وسوف نرى كيف يلدات يلدات يلدات يلدات يلدات يلدات يلدات يلدات يلدات يلدات يلدات يلدات يلدات يلدات يلدات يلدات يلدات يلدات يلدات يلدات يلدات يلدات يلدات يلدات يلدات يلدات يلدات يلدات يلدات يلدات يلدات يلدات يلدات يلدات يلدات يلدات يلدات يلدات يلدات يلدات يلدات يلدات يلدات يلدات يلدات يلدات يلدات يلدات يلدات يلدات يلدات يلدات يلدات يلدات يلدات يلدات يلدات يلدات يلدات يلدات يلدات يلدات يلدات يلدات يلدات يلدات يلدات يلدات يلدات يلدات يلدات يلدات يلدات يلدات يلدات يلدات يلدات يلدات يلدات يلدات يلدات يلدات يلدات يلدات يلدات يلدات يلدات يلدات يلدات يلدات يلدات يلدات يلدات يلدات يلدات يلدات يلدات يلدات يلدات يلدات يلدات يلدات يلدات يلدات يلدات يلدات يلدات يلدات يلدات يلدات يلدات يلدات يلدات يلدات يلدات يلدات يلدات يلدات يلدات يلدات يلدات يلدات يلدات يلدات يلدات يلدات يلدات يلدات يلدات يلدات يلدات يلدات يلدات يلدات يلدات يلدات يلدات يلدات يلدات يلدات يلدات يلدات يلدات يلدات يلدات يلدات يلدات يلدات يلدات يلدات يلدات يلدات يلدات يلدات يلدات يلدات يلدات يلدات يلدات يلدات يلدات يلدات يلدات يلدات يلدات يلدات يلدات يلدات يلدات يلدات يلدات يلدات يلدات يلدات يلدات يلدات يلدات يلدات يلدات يلدات يلدات يلدات يلدات يلدات يلدات يلدات يلدات يلدات يلدات يلدات يلدات يلدات يلدات يلدات يلدات يلدات يلدات يلدات يلدات يلدات يلدات يلدات يلدات يلدات يلدات يلدات يلدات يلدات يلدات يلدات يلدات يلدات يلدات يلدات يلدات يلدات يلدات يلدات يلدات يلدات يلدات يلدات يلدات يلدات يلدات يلدات ي
JSON Parse error: Unterminated string starting at: line 2 column 14 (char 15)
AI failed to return valid JSON. Using fallbacks.
✅ Successfully updated: 1981.json
Refactoring AI Content for: المربية...
RAW RES: {
  "desc_ar": "في عالم المربية، نرى كيف المربية فرانكا تتحول من شخص عادي إلى قائد عائلة كاملة، حيث تتعامل مع مشاكل عديدة مثل الزواج، والعمل، والتعليم، والرعاية، والشعور بالذات. المربية فرانكا تظهر لنا كيف يمكن أن تكون المربية أكثر من مجرد شخص يرتدي بدلة، ولكنها أيضاً قائد، ومستشار، ومهندس، ومهندس، ومهندس، ومهندس، ومهندس، ومهندس، ومهندس، ومهندس، ومهندس، ومهندس، ومهندس، ومهندس، ومهندس، ومهندس، ومهندس، ومهندس، ومهندس، ومهندس، ومهندس، ومهندس، ومهندس، ومهندس، ومهندس، ومهندس، ومهندس، ومهندس، ومهندس، ومهندس، ومهندس، ومهندس، ومهندس، ومهندس، ومهندس، ومهندس، ومهندس، ومهندس، ومهندس، ومهندس، ومهندس، ومهندس، ومهندس، ومهندس، ومهندس، ومهندس، ومهندس، ومهندس، ومهندس، ومهندس، ومهندس، ومهندس، ومهندس، ومهندس، ومهندس، ومهندس، ومهندس، ومهندس، ومهندس، ومهندس، ومهندس، ومهندس، ومهندس، ومهندس، ومهندس، ومهندس، ومهندس، ومهندس، ومهندس، ومهندس، ومهندس، ومهندس، ومهندس، ومهندس، ومهندس، ومهندس، ومهندس، ومهندس، ومهندس، ومهندس، ومهندس، ومهندس، ومهندس، ومهندس، ومهندس، ومهندس، ومهندس، ومهندس، ومهندس، ومهندس، ومهندس، ومهندس، ومهندس، ومهندس، ومهندس، ومهندس، ومهندس، ومهندس، ومهندس، ومهندس، ومهندس، ومهندس، ومهندس، ومهندس، ومهندس، ومهندس، ومهندس، ومهندس، ومهندس، ومهندس، ومهندس، ومهندس، ومهندس، ومهندس، ومهندس، ومهندس، ومهندس، ومهندس، ومهندس، ومهندس، ومهندس، ومهندس، ومهندس، ومهندس، ومهندس، ومهندس، ومهندس، ومهندس، ومهندس، ومهندس، ومهندس، ومهندس، ومهندس، ومهندس، ومهندس، ومهندس، ومهندس، ومهندس، ومهندس، ومهندس، ومهندس، ومهندس، ومهندس، ومهندس، ومهندس، ومهندس، ومهندس، ومهندس، ومهندس، ومهندس، ومهندس، ومهندس، ومهندس، ومهندس، ومهندس، ومهندس، ومهندس، ومهندس، ومهندس، ومهندس، ومهندس، ومهندس، ومهندس، ومهندس، ومهندس، ومهندس، ومهندس، ومهندس، ومهندس، ومهندس، ومهندس، ومهندس، ومهندس، ومهندس، ومهندس، ومهندس، ومهندس، ومهندس، ومهندس، ومهندس، ومهندس، ومهندس، ومهندس، ومهندس، ومهندس، ومه
JSON Parse error: Unterminated string starting at: line 2 column 14 (char 15)
AI failed to return valid JSON. Using fallbacks.
✅ Successfully updated: 2352.json
Refactoring AI Content for: الذئب والأسد...
✅ Successfully updated: 780382.json
Refactoring AI Content for: Veep...
✅ Successfully updated: 2947.json
Refactoring AI Content for: MacGyver...
✅ Successfully updated: 67133.json
Refactoring AI Content for: الوجهة النهائية: خطوط الدم...
✅ Successfully updated: 574475.json
Refactoring AI Content for: غاضب 7...
✅ Successfully updated: 168259.json
Refactoring AI Content for: Better Call Saul...
✅ Successfully updated: 60059.json
Refactoring AI Content for: طارد الأرواح الأزرق...
✅ Successfully updated: 38464.json
Refactoring AI Content for: القناص...
✅ Successfully updated: 7485.json
Refactoring AI Content for: The Package...
✅ Successfully updated: 31606.json
Refactoring AI Content for: NCIS: New Orleans...
✅ Successfully updated: 61387.json
Refactoring AI Content for: Tracker...
✅ Successfully updated: 211288.json
Refactoring AI Content for: مدغشقر...
✅ Successfully updated: 953.json
Refactoring AI Content for: -piece-...
✅ Successfully updated: 228663.json
Refactoring AI Content for: عائلة كرود عصر جديد...
✅ Successfully updated: 529203.json
Refactoring AI Content for: تنة ورنة...
RAW RES: {
  "desc_ar": "انطلق في رحلة مبهجة إلى العالم السري حيث تنة ورنة يتحدث لأول مرة على الإطلاق، حيث يتم الكشف أخيرًا عن القصة المذهلة لأشهر جنيات ديزني في فيلم الحركة الجديد كليًا "تنة ورنة". تتعقب تنة ورنة أثرها في عالم السري، حيث تتعرف على أصدقاء جدد وتنضم إلى مغامرة رائعة، ولكن ما الذي ينتظرها في العالم السري؟ اكتشف أحداث الإثارة!",
  "desc_en": "Embark on a thrilling adventure to the secret world where Tinker Bell speaks for the first time ever, as the astonishing story of Disney's most iconic fairies is finally revealed in the new and exciting film "Tinker Bell". Tinker Bell follows her trail in the secret world, where she meets new friends and joins a fantastic adventure, but what awaits her in the secret world? Discover the thrilling events!",
  "meta_desc": "واش غيفلت؟ اكتشف أحداث الإثارة في فيلم رسوم متحركة "تنة ورنة" مترجم اون لاين - توميتو",
  "seo_title_ar": "مشاهدة فيلم تنة ورنة مترجم اون لاين - توميتو",
  "keywords": "فيلم تنة ورنة مترجم, مشاهدة فيلم تنة ورنة",
  "opinion": "هو فيلم رائع يجمع بين المغامرة والفانتازيا، حيث تتعقب تنة ورنة أثرها في عالم السري، ولكن ما الذي ينتظرها في العالم السري؟",
  "faq": [
    {"q": "ما هو فيلم تنة ورنة؟", "a": "هو فيلم رسوم متحركة يليق بالعائليين والمن هو يبحث عن مغامرة رائعة"},
    {"q": "ما هو نوع فيلم تنة ورنة؟", "a": "هو فيلم رسوم متحركة عائلي مغامرة فانتازيا"},
    {"q": "ما هو أفضل ما في فيلم تنة ورنة؟", "a": "هو فيلم رائع يجمع بين المغامرة والفانتازيا، حيث تتعقب تنة ورنة أثرها في عالم السري"}
  ]
}
JSON Parse error: Expecting ',' delimiter: line 2 column 178 (char 179)
AI failed to return valid JSON. Using fallbacks.
✅ Successfully updated: 13179.json
Refactoring AI Content for: الأمير الشاب...
RAW RES: {
  "desc_ar": "يتأقلم الأمير "فيلهلم" على العيش في المدرسة الداخلية الجديدة المرموقة "هيليرسكا"، ولكن يبدو أنّ اتّباعه لهواه أكثر صعوبة من المتوقّع. في هذه المدرسة، سيلتقي الأمير الشاب بالعديد من الأصدقاء والخصوم، الذين سيلعبون دوراً كبيراً في حياته، ويحاول أن يكتشف نفسه في هذه المدرسة الجديدة، التي تملكها ملكية قوية.",
  "desc_en": "Prince Wilhelm adjusts to life in the prestigious new boarding school, Helleborg, but it seems that following his heart is more challenging than expected. In this school, he will meet many friends and foes, who will play a significant role in his life, and he will try to discover himself in this new school, which is owned by a powerful royal family.",
  "meta_desc": "واش غيفلت؟ اكتشف أحداث الدراما الإثارة في الأمير الشاب!",
  "seo_title_ar": "مشاهدة فيلم الأمير الشاب مترجم اون لاين - توميتو",
  "keywords": "فيلم دراما مترجم, مشاهدة فيلم دراما",
  "opinion": "هذه الدراما الإثارة تملك كل ما يلزمها من الدراما والرغبة والتشويق، وتحول الأمير الشاب إلى شخصيتين مختلفتين في كل حلقة!",
  "faq": [
    {"q": "ما هو نوع هذا الفيلم؟", "a": "هو فيلم دراما"},
    {"q": "ما هو المكان الذي يحدث فيه؟", "a": "يحدث في مدرسة داخلية جديدة"},
    {"q": "ما هو النوع من الأحداث؟", "a": "يحوي أحداث دراما إثارة"}
  ]
}
JSON Parse error: Expecting ',' delimiter: line 2 column 30 (char 31)
AI failed to return valid JSON. Using fallbacks.
✅ Successfully updated: 125910.json
Refactoring AI Content for: آل سيمبسون...
✅ Successfully updated: 456.json
Refactoring AI Content for: ثلاثية ايكس...
✅ Successfully updated: 7451.json
Refactoring AI Content for: الهجرة...
✅ Successfully updated: 940551.json
Refactoring AI Content for: Apartment Wife: Agony Afternoon...
✅ Successfully updated: 947905.json
Refactoring AI Content for: الحياة السرية للحيوانات الاليفة 2...
RAW RES: {
  "desc_ar": "يتلقي الكلبان "ديوك" و"ماكس" بطفل بشري جديد ينضمّ للعائلة ويتأكل مع حياة المزرعة، حيث يتعاون مع الحيوانات الأخرى في المزرعة لإنقاذها من الأزمات التي تواجهها في المدينة، مقابل أن يتعلموا من حياتهم البشريّة والتعاون معهم في حل المشكلات، فيما يأخذهم الرحلة إلى أماكن جديدة ومتعة.",
  "desc_en": "The two dogs, Duke and Max, meet a new human child who joins the family and gets entangled in the life of the farm, where they work together with other animals to rescue them from the crises they face in the city, while learning from their human lives and collaborating with them to solve problems, taking them on a new and exciting journey.",
  "meta_desc": "واش غيفلت؟ اكتشف مغامرة الكلاب والحيوانات في المدينة!",
  "seo_title_ar": "مشاهدة فيلم الحياة السرية للحيوانات الاليفة 2 مترجم اون لاين - توميتو",
  "keywords": "فيلم الحياة السرية للحيوانات الاليفة 2 مترجم, مشاهدة فيلم الحياة السرية للحيوانات الاليفة",
  "opinion": "هذه المغامرة الكوميديا الرائعة تمنحنا فرصة للاختراق إلى عالم الحيوانات والتعرف على مشكلاتهم والتعاون معهم في حلها، مما يجعها مغامرة ممتعة لجميع الأعمار.",
  "faq": [
    {"q": "ما هو نوع فيلم الحياة السرية للحيوانات الاليفة 2؟", "a": "هو فيلم رسوم متحركة كوميديا عائلي مغامرة."},
    {"q": "ما هو موضوع فيلم الحياة السرية للحيوانات الاليفة 2؟", "a": "يتناول موضوعاً عن التعاون بين الحيوانات والبشر في حل المشكلات."},
    {"q": "ما هو نوع الوسائط التي يمكن مشاهدتها فيلم الحياة السرية للحيوانات الاليفة 2؟", "a": "يمكن مشاهدتها اون لاين أو تحميلها على جهاز الكمبيوتر أو الهاتف"}
  ]
}
JSON Parse error: Expecting ',' delimiter: line 2 column 30 (char 31)
AI failed to return valid JSON. Using fallbacks.
✅ Successfully updated: 412117.json
Refactoring AI Content for: Gods Pocket...
✅ Successfully updated: 244517.json
Refactoring AI Content for: المهمة الإيطالية...
✅ Successfully updated: 9654.json
Refactoring AI Content for: Low Water...
✅ Successfully updated: 979876.json
Refactoring AI Content for: وداعا ماركو...
✅ Successfully updated: 8962.json
Refactoring AI Content for: هواة الغناء...
✅ Successfully updated: 335797.json
Refactoring AI Content for: Ghost Whisperer...
RAW RES: {
  "desc_ar": "في عالم الرعب والغموض، تظهر شخصية رائعة تتميز عن باقي الأشخاص، فهي قادرة على التواصل مع الأرواح والشعوذة، وتحديداً الفتاة الجميلة والقوية، مmelinda، التي تتميز عن باقي الأشخاص بقدرتها على التواصل مع الأرواح والشعوذة، وتحديداً الفتاة الجميلة والقوية، مmelinda، التي تتميز عن باقي الأشخاص بقدرتها على التواصل مع الأرواح والشعوذة، وتحديداً الفتاة الجميلة والقوية، مmelinda، التي تتميز عن باقي الأشخاص بقدرتها على التواصل مع الأرواح والشعوذة، وتحديداً الفتاة الجميلة والقوية، مmelinda، التي تتميز عن باقي الأشخاص بقدرتها على التواصل مع الأرواح والشعوذة، وتحديداً الفتاة الجميلة والقوية، مmelinda، التي تتميز عن باقي الأشخاص بقدرتها على التواصل مع الأرواح والشعوذة، وتحديداً الفتاة الجميلة والقوية، مmelinda، التي تتميز عن باقي الأشخاص بقدرتها على التواصل مع الأرواح والشعوذة، وتحديداً الفتاة الجميلة والقوية، مmelinda، التي تتميز عن باقي الأشخاص بقدرتها على التواصل مع الأرواح والشعوذة، وتحديداً الفتاة الجميلة والقوية، مmelinda، التي تتميز عن باقي الأشخاص بقدرتها على التواصل مع الأرواح والشعوذة، وتحديداً الفتاة الجميلة والقوية، مmelinda، التي تتميز عن باقي الأشخاص بقدرتها على التواصل مع الأرواح والشعوذة، وتحديداً الفتاة الجميلة والقوية، مmelinda، التي تتميز عن باقي الأشخاص ب قدرتها على التواصل مع الأرواح والشعوذة، وتحديداً الفتاة الجميلة والقوية، مmelinda، التي تتميز عن باقي الأشخاص ب قدرتها على التواصل مع الأرواح والشعوذة، وتحديداً الفتاة الجميلة والقوية، مmelinda، التي تتميز عن باقي الأشخاص ب قدرتها على التواصل مع الأرواح والشعوذة، وتحديداً الفتاة الجميلة والقوية، مmelinda، التي تتميز عن باقي الأشخاص ب قدرتها على التواصل مع الأرواح والشعوذة، وتحديداً الفتاة الجميلة والقوية، مmelinda، التي تتميز عن باقي الأشخاص ب قدرتها على التواصل مع الأرواح والشعوذة، وتحديداً الفتاة الجميلة والقوية، مmelinda، التي تتميز عن باقي الأشخاص ب قدرتها على التواصل مع الأرواح والشعوذة، وتحديداً الفتاة الجميلة والقوية، مmelinda، التي تتميز عن باقي الأشخاص ب قدرتها على التواصل مع الأرواح والشعوذة، وتحديداً الفتاة الجميلة والقوية، مmelinda، التي تتميز عن باقي الأشخاص ب قدرتها على التواصل مع الأرواح والشعوذة، وتحديداً الفتاة الجميلة والقوية، مmelinda، التي تتميز عن باقي الأشخاص ب قدرتها على التواصل مع الأرواح والشعوذة، وتحديداً الفتاة الجميلة والقوية، مmelinda، التي تتميز عن باقي الأشخاص ب قدرتها على التواصل مع الأرواح والشعوذة، وتحديداً الفتاة الجميلة والقوية، مmelinda، التي تتميز عن باقي الأشخاص ب قدرتها على التواصل مع الأرواح والشعوذة، وتحديداً الفتاة الجميلة والقوية، مmelinda، التي تتميز عن باقي الأشخاص ب قدرتها على التواصل مع الأرواح والشعوذة، وتحديداً الفتاة الجميلة والقوية، مmelinda، التي تتميز عن باقي الأشخاص ب قدرتها على التواصل مع الأرواح والشعوذة، وتحديداً ال
JSON Parse error: Unterminated string starting at: line 2 column 14 (char 15)
AI failed to return valid JSON. Using fallbacks.
✅ Successfully updated: 1606.json
Refactoring AI Content for: بعد سقوطنا...
✅ Successfully updated: 744275.json
Refactoring AI Content for: EastEnders...
RAW RES: {
  "desc_ar": "في عالم الدراما والجريمة، يأتي EastEnders ليبعث النار في قلوب مشاهديه. يتبع قصة مجموعة من الأشخاص الذين يعيشون في شارع بريستول في لندن، حيث يتعرضون لجميع أنواع الأزمات والكساد. من الأشخاص الذين يلعبون دوراً في هذه القصة، هناك الأشخاص الذين يلعبون دوراً في هذه القصة، هناك الأشخاص الذين يلعبون دوراً في هذه القصة، هناك الأشخاص الذين يلعبون دوراً في هذه القصة، هناك الأشخاص الذين يلعبون دوراً في هذه القصة، هناك الأشخاص الذين يلعبون دوراً في هذه القصة، هناك الأشخاص الذين يلعبون دوراً في هذه القصة، هناك الأشخاص الذين يلعبون دوراً في هذه القصة، هناك الأشخاص الذين يلعبون دوراً في هذه القصة، هناك الأشخاص الذين يلعبون دوراً في هذه القصة، هناك الأشخاص الذين يلعبون دوراً في هذه القصة، هناك الأشخاص الذين يلعبون دوراً في هذه القصة، هناك الأشخاص الذين يلعبون دوراً في هذه القصة، هناك الأشخاص الذين يلعبون دوراً في هذه القصة، هناك الأشخاص الذين يلعبون دوراً في هذه القصة، هناك الأشخاص الذين يلعبون دوراً في هذه القصة، هناك الأشخاص الذين يلعبون دوراً في هذه القصة، هناك الأشخاص الذين يلعبون دوراً في هذه القصة، هناك الأشخاص الذين يلعبون دوراً في هذه القصة، هناك الأشخاص الذين يلعبون دوراً في هذه القصة، هناك الأشخاص الذين يلعبون دوراً في هذه القصة، هناك الأشخاص الذين يلعبون دوراً في هذه القصة، هناك الأشخاص الذين يلعبون دوراً في هذه القصة، هناك الأشخاص الذين يلعبون دوراً في هذه القصة، هناك الأشخاص الذين يلعبون دوراً في هذه القصة، هناك الأشخاص الذين يلعبون دوراً في هذه القصة، هناك الأشخاص الذين يلعبون دوراً في هذه القصة، هناك الأشخاص الذين يلعبون دوراً في هذه القصة، هناك الأشخاص الذين يلعبون دوراً في هذه القصة، هناك الأشخاص الذين يلعبون دوراً في هذه القصة، هناك الأشخاص الذين يلعبون دوراً في هذه القصة، هناك الأشخاص الذين يلعبون دوراً في هذه القصة، هناك الأشخاص الذين يلعبون دوراً في هذه القصة، هناك الأشخاص الذين يلعبون دوراً في هذه القصة، هناك الأشخاص الذين يلعبون دوراً في هذه القصة، هناك الأشخاص الذين يلعبون دوراً في هذه القصة، هناك الأشخاص الذين يلعبون دوراً في هذه القصة، هناك الأشخاص الذين يلعبون دوراً في هذه القصة، هناك الأشخاص الذين يلعبون دوراً في هذه القصة، هناك الأشخاص الذين يلعبون دوراً في هذه القصة، هناك الأشخاص الذين يلعبون دوراً في هذه القصة، هناك الأشخاص الذين يلعبون دوراً في هذه القصة، هناك الأشخاص الذين يلعبون دوراً في هذه القصة، هناك الأشخاص الذين يلعبون دوراً في هذه القصة، هناك الأشخاص الذين يلعبون دوراً في هذه القصة، هناك الأشخاص الذين يلعبون دوراً في هذه القصة، هناك الأشخاص الذين يلعبون دوراً في هذه القصة، هناك الأشخاص الذين يلعبون دوراً في هذه القصة، هناك الأشخاص الذين يلعبون دوراً في هذه القصة، هناك الأشخاص الذين يلعبون دوراً في هذه القصة، هناك الأشخاص الذين يلعبون دوراً في هذه القصة، هناك الأشخاص الذين يلعبون دوراً في هذه القصة، هناك الأشخاص الذين يلعبون دوراً في هذه القصة، هناك الأشخاص الذين يلعبون دوراً في هذه القصة، هناك الأشخاص الذين يلعبون دوراً في هذه القصة، هناك الأشخاص الذين يلعبون دوراً
JSON Parse error: Unterminated string starting at: line 2 column 14 (char 15)
AI failed to return valid JSON. Using fallbacks.
✅ Successfully updated: 1871.json
Refactoring AI Content for: فارغو...
RAW RES: {
  "desc_ar": "في مدينة مينيسوتا، يتعرض مجموعة من الأشخاص لظروف صعبة بعد أن يتعرضون لجرائم مختلفة، مما يثير سلاسل من الأحداث الدرامية والجريمة، في مسلسل فارغو المستوحى من فيلم الأخوين "كوين"، والذي يحمل الاسم ذاته.",
  "desc_en": "In the city of Minnesota, a group of people face tough circumstances after being exposed to different crimes, leading to a series of dramatic and crime-filled events, in the TV series Fargo, inspired by the Coen brothers' film of the same name.",
  "meta_desc": "واش غيفلت؟ اكتشف أحداث الإثارة في مسلسل فارغو!",
  "seo_title_ar": "مشاهدة مسلسل فارغو مترجم اون لاين - توميتو",
  "keywords": "فيلم كوين مترجم, مشاهدة مسلسل فارغو",
  "opinion": "مسلسل فارغو هو مثال رائع على كيفية تحويل القصص إلى دراما جريمة رائعة، مع أحداث تثير الإثارة والشعور بالرعب.",
  "faq": [
    {"q": "ما هو فارغو؟", "a": "فارغو هو مسلسل تلفزيوني مستوحى من فيلم الأخوين "كوين"، والذي يحمل الاسم ذاته."},
    {"q": "ما هو نوع فارغو؟", "a": "فارغو هو مسلسل جريمة ودراما."},
    {"q": "ما هو أفضل ما في فارغو؟", "a": "أفضل ما في فارغو هو كيفية تحويل القصص إلى دراما جريمة رائعة، مع أحداث تثير الإثارة والشعور بالرعب."}
  ]
}
JSON Parse error: Expecting ',' delimiter: line 2 column 185 (char 186)
AI failed to return valid JSON. Using fallbacks.
✅ Successfully updated: 60622.json
Refactoring AI Content for: Reminders of Him...
RAW RES: {
  "desc_ar": "في عالم مليء بالتخوف والقلق، يجد رجل يتعثر في رحلة البحث عن نفسه، حيث يلتقي بالعديد من الشخصيات الذين يتعثر في رحلة البحث عنهم، ويقومون بالتذكيرات التي تمنعهم من النوم، ويقومون بالتذكيرات التي تمنعهم من النوم، ويقومون بالتذكيرات التي تمنعهم من النوم، ويقومون بالتذكيرات التي تمنعهم من النوم، ويقومون بالتذكيرات التي تمنعهم من النوم، ويقومون بالتذكيرات التي تمنعهم من النوم، ويقومون بالتذكيرات التي تمنعهم من النوم، ويقومون بالتذكيرات التي تمنعهم من النوم، ويقومون بالتذكيرات التي تمنعهم من النوم، ويقومون بالتذكيرات التي تمنعهم من النوم، ويقومون بالتذكيرات التي تمنعهم من النوم، ويقومون بالتذكيرات التي تمنعهم من النوم، ويقومون بالتذكيرات التي تمنعهم من النوم، ويقومون بالتذكيرات التي تمنعهم من النوم، ويقومون بالتذكيرات التي تمنعهم من النوم، ويقومون بالتذكيرات التي تمنعهم من النوم، ويقومون بالتذكيرات التي تمنعهم من النوم، ويقومون بالتذكيرات التي تمنعهم من النوم، ويقومون بالتذكيرات التي تمنعهم من النوم، ويقومون بالتذكيرات التي تمنعهم من النوم، ويقومون بالتذكيرات التي تمنعهم من النوم، ويقومون بالتذكيرات التي تمنعهم من النوم، ويقومون بالتذكيرات التي تمنعهم من النوم، ويقومون بالتذكيرات التي تمنعهم من النوم، ويقومون بالتذكيرات التي تمنعهم من النوم، ويقومون بالتذكيرات التي تمنعهم من النوم، ويقومون بالتذكيرات التي تمنعهم من النوم، ويقومون بالتذكيرات التي تمنعهم من النوم، ويقومون بالتذكيرات التي تمنعهم من النوم، ويقومون بالتذكيرات التي تمنعهم من النوم، ويقومون بالتذكيرات التي تمنعهم من النوم، ويقومون بالتذكيرات التي تمنعهم من النوم، ويقومون بالتذكيرات التي تمنعهم من النوم، ويقومون بالتذكيرات التي تمنعهم من النوم، ويقومون بالتذكيرات التي تمنعهم من النوم، ويقومون بالتذكيرات التي تمنعهم من النوم، ويقومون بالتذكيرات التي تمنعهم من النوم، ويقومون بالتذكيرات التي تمنعهم من النوم، ويقومون بالتذكيرات التي تمنعهم من النوم، ويقومون بالتذكيرات التي تمنعهم من النوم، ويقومون بالتذكيرات التي تمنعهم من النوم، ويقومون بالتذكيرات التي تمنعهم من النوم، ويقومون بالتذكيرات التي تمنعهم من النوم، ويقومون بالتذكيرات التي تمنعهم من النوم، ويقومون بالتذكيرات التي تمنعهم من النوم، ويقومون بالتذكيرات التي تمنعهم من النوم، ويقومون بالتذكيرات التي تمنعهم من النوم، ويقومون بالتذكيرات التي تمنعهم من النوم، ويقومون بالتذكيرات التي تمنعهم من النوم، ويقومون بالتذكيرات التي تمنعهم من النوم، ويقومون بالتذكيرات التي تمنعهم من النوم، وي
JSON Parse error: Unterminated string starting at: line 2 column 14 (char 15)
AI failed to return valid JSON. Using fallbacks.
✅ Successfully updated: 1367642.json
Refactoring AI Content for: A Lonely Place to Die...
✅ Successfully updated: 81390.json
Refactoring AI Content for: حكاية لعبة نسيها الزمن...
✅ Successfully updated: 256835.json
Refactoring AI Content for: Las Vegas...
✅ Successfully updated: 2389.json
Refactoring AI Content for: NYPD Blue...
✅ Successfully updated: 194.json
Refactoring AI Content for: Clerks...
✅ Successfully updated: 2292.json
Refactoring AI Content for: ملكة الثلج...
✅ Successfully updated: 109445.json
Refactoring AI Content for: Elif...
✅ Successfully updated: 49347.json
Refactoring AI Content for: The Shield...
RAW RES: {
  "desc_ar": "في عالم الشرطة اللوس أنجلوس، هناك رجال يخافون من NOTHING، يخافون من أن يتعرضوا للاختراق أو يتعرضوا للاختراق، ويخافون من أن يتعرضوا للاختراق، ويخافون من أن يتعرضوا للاختراق، ويخافون من أن يتعرضوا للاختراق، ويخافون من أن يتعرضوا للاختراق، ويخافون من أن يتعرضوا للاختراق، ويخافون من أن يتعرضوا للاختراق، ويخافون من أن يتعرضوا للاختراق، ويخافون من أن يتعرضوا للاختراق، ويخافون من أن يتعرضوا للاختراق، ويخافون من أن يتعرضوا للاختراق، ويخافون من أن يتعرضوا للاختراق، ويخافون من أن يتعرضوا للاختراق، ويخافون من أن يتعرضوا للاختراق، ويخافون من أن يتعرضوا للاختراق، ويخافون من أن يتعرضوا للاختراق، ويخافون من أن يتعرضوا للاختراق، ويخافون من أن يتعرضوا للاختراق، ويخافون من أن يتعرضوا للاختراق، ويخافون من أن يتعرضوا للاختراك",
  "desc_en": "In the world of the Los Angeles Police Department, there are men who fear NOTHING, who fear being exposed or exposed, who fear being exposed, who fear being exposed, who fear being exposed, who fear being exposed, who fear being exposed, who fear being exposed, who fear being exposed, who fear being exposed, who fear being exposed, who fear being exposed, who fear being exposed, who fear being exposed, who fear being exposed, who fear being exposed, who fear being exposed, who fear being exposed, who fear being exposed, who fear being exposed, who fear being exposed, who fear being exposed, who fear being exposed, who fear being exposed, who fear being exposed, who fear being exposed, who fear being exposed, who fear being exposed, who fear being exposed, who fear being exposed, who fear being exposed, who fear being exposed, who fear being exposed, who fear being exposed, who fear being exposed, who fear being exposed, who fear being exposed, who fear being exposed, who fear being exposed, who fear being exposed, who fear being exposed, who fear being exposed, who fear being exposed, who fear being exposed, who fear being exposed, who fear being exposed, who fear being exposed, who fear being exposed, who fear being exposed, who fear being exposed, who fear being exposed, who fear being exposed, who fear being exposed, who fear being exposed, who fear being exposed, who fear being exposed, who fear being exposed, who fear being exposed, who fear being exposed, who fear being exposed, who fear being exposed, who fear being exposed, who fear being exposed, who fear being exposed, who fear being exposed, who fear being exposed, who fear being exposed, who fear being exposed, who fear being exposed, who fear being exposed, who fear being exposed, who fear being exposed, who fear being exposed, who fear being exposed, who fear being exposed, who fear being exposed, who fear being exposed, who fear being exposed, who fear being exposed, who fear being exposed, who fear being exposed, who fear being exposed, who fear being exposed, who fear being exposed, who fear being exposed, who fear being exposed, who fear being exposed, who fear being exposed, who fear being exposed, who fear being exposed, who fear being exposed, who fear being exposed, who fear being exposed, who fear being exposed, who fear being exposed, who fear being exposed, who fear being exposed, who fear being exposed, who fear being exposed, who fear being exposed, who fear being exposed, who fear being exposed, who fear being exposed, who fear being exposed, who fear being exposed, who fear being exposed, who fear being exposed, who fear being exposed, who fear being exposed, who fear being exposed, who fear being exposed, who fear being exposed, who fear being exposed, who fear being exposed, who fear being exposed, who fear being exposed, who fear being exposed, who fear being exposed, who fear being exposed, who fear being exposed, who fear being exposed, who fear being exposed, who fear being exposed, who fear being exposed, who fear being exposed, who fear being exposed, who fear being exposed, who fear being exposed, who fear being exposed, who fear
JSON Parse error: Unterminated string starting at: line 3 column 14 (char 747)
AI failed to return valid JSON. Using fallbacks.
✅ Successfully updated: 1414.json
Refactoring AI Content for: بظ يطير وقيادة الكوكب...
✅ Successfully updated: 3744.json
Refactoring AI Content for: رجل حر...
✅ Successfully updated: 550988.json
Refactoring AI Content for: Curious George...
✅ Successfully updated: 656.json
Refactoring AI Content for: كان ياما كان في... هوليوود...
✅ Successfully updated: 466272.json
Refactoring AI Content for: هاري بوتر وحجرة الأسرار...
✅ Successfully updated: 672.json
Refactoring AI Content for: كاغويا أميرة الفضاء!...
✅ Successfully updated: 1575337.json
Refactoring AI Content for: El Capo...
RAW RES: {
  "desc_ar": "في عالم المafia، يوجد رجل واحد يملك كل شيء، من المال إلى القوة، لكنه يخاطر بكل شيء عندما يصاب بمرض خطير، ويجب أن يخضع لما يسمى بالعلاج، ويبدأ في الابتعال عن العالم الذي يعرفه، ويبدأ في الابتعال عن نفسه، ويبدأ في البحث عن نفسه، ويبدأ في البحث عن معنى الحياة، ويبدأ في البحث عن ما هو الأفضل لمن هو، ويبدأ في البحث عن ما هو الأفضل لمن هو، ويبدأ في البحث عن ما هو الأفضل لمن هو، ويبدأ في البحث عن ما هو الأفضل لمن هو، ويبدأ في البحث عن ما هو الأفضل لمن هو، ويبدأ في البحث عن ما هو الأفضل لمن هو، ويبدأ في البحث عن ما هو الأفضل لمن هو، ويبدأ في البحث عن ما هو الأفضل لمن هو، ويبدأ في البحث عن ما هو الأفضل لمن هو، ويبدأ في البحث عن ما هو الأفضل لمن هو، ويبدأ في البحث عن ما هو الأفضل لمن هو، ويبدأ في البحث عن ما هو الأفضل لمن هو، ويبدأ في البحث عن ما هو الأفضل لمن هو، ويبدأ في البحث عن ما هو الأفضل لمن هو، ويبدأ في البحث عن ما هو الأفضل لمن هو، ويبدأ في البحث عن ما هو الأفضل لمن هو، ويبدأ في البحث عن ما هو الأفضل لمن هو، ويبدأ في البحث عن ما هو الأفضل لمن هو، ويبدأ في البحث عن ما هو الأفضل لمن هو، ويبدأ في البحث عن ما هو الأفضل لمن هو، ويبدأ في البحث عن ما هو الأفضل لمن هو، ويبدأ في البحث عن ما هو الأفضل لمن هو، ويبدأ في البحث عن ما هو الأفضل لمن هو، ويبدأ في البحث عن ما هو الأفضل لمن هو، ويبدأ في البحث عن ما هو الأفضل لمن هو، ويبدأ في البحث عن ما هو الأفضل لمن هو، ويبدأ في البحث عن ما هو الأفضل لمن هو، ويبدأ في البحث عن ما هو الأفضل لمن هو، ويبدأ في البحث عن ما هو الأفضل لمن هو، ويبدأ في البحث عن ما هو الأفضل لمن هو، ويبدأ في البحث عن ما هو الأفضل لمن هو، ويبدأ في البحث عن ما هو الأفضل لمن هو، ويبدأ في البحث عن ما هو الأفضل لمن هو، ويبدأ في البحث عن ما هو الأفضل لمن هو، ويبدأ في البحث عن ما هو الأفضل لمن هو، ويبدأ في البحث عن ما هو الأفضل لمن هو، ويبدأ في البحث عن ما هو الأفضل لمن هو، ويبدأ في البحث عن ما هو الأفضل لمن هو، ويبدأ في البحث عن ما هو الأفضل لمن هو، ويبدأ في البحث عن ما هو الأفضل لمن هو، ويبدأ في البحث عن ما هو الأفضل لمن هو، ويبدأ في البحث عن ما هو الأفضل لمن هو، ويبدأ في البحث عن ما هو الأفضل لمن هو، ويبدأ في البحث عن ما هو الأفضل لمن هو، ويبدأ في البحث عن ما هو الأفضل لمن هو، ويبدأ في البحث عن ما هو الأفضل لمن هو، ويبدأ في البحث عن ما هو الأفضل لمن هو، ويبدأ في البحث عن ما هو الأفضل لمن هو، ويبدأ في البحث عن ما هو الأفضل لمن هو، ويبدأ في البحث عن ما هو الأفضل لمن هو، ويبدأ في البحث عن ما هو الأفضل لمن هو، ويبدأ في البحث عن ما هو الأفضل لمن هو، ويبدأ في البحث عن ما هو الأفضل لمن هو، ويبدأ في البحث عن ما هو الأفضل لمن هو، ويبدأ في البحث عن ما هو الأفضل لمن هو، ويبدأ في البحث عن ما هو الأفضل لمن هو، ويبدأ في البحث عن ما هو الأفضل لمن هو، ويبدأ في البحث عن ما هو الأفضل لمن هو، ويبدأ في البحث عن ما هو الأفضل لمن هو، ويبدأ في البحث عن ما هو الأفضل لمن هو، ويبدأ في البحث عن ما هو الأفضل لمن هو، ويبدأ في البحث عن ما هو الأفضل لمن هو، ويبدأ في البحث عن ما هو الأفضل لمن هو، ويبدأ في البحث عن ما هو الأفضل لمن هو، ويبدأ في البحث عن ما هو الأفضل لمن هو، ويبدأ في البحث عن ما هو الأفضل لمن هو، ويبدأ في البحث عن ما هو الأفضل لمن هو، ويبدأ في البحث عن ما هو الأفضل لمن هو، ويبدأ في البحث عن ما هو الأفضل لمن هو، ويبدأ في البحث عن ما هو الأفضل لمن هو، ويبدأ في البحث عن ما هو الأفضل ل
JSON Parse error: Unterminated string starting at: line 2 column 14 (char 15)
AI failed to return valid JSON. Using fallbacks.
✅ Successfully updated: 31268.json
Refactoring AI Content for: Stranger Things: حكايات من عام 1985...
✅ Successfully updated: 224263.json
Refactoring AI Content for: Good Omens...
RAW RES: {
  "desc_ar": "يزداد "أزيرافل" و"كرولي"، مندوبا الجنة والجحيم، إعجاباً بكوكب الأرض. لذلك يصابا بالفزع من خبر أن الحياة على الأرض على وشك الانتهاء. تجتمع جيوش الخير والشر، وتستعد "فرسان رؤيا يوحنا الأربعة" إلى الانطلاق. يسير كل شيء وفق المخطط الإلهي ... باستثناء أن شخصًا ما قد أخطأ في وضع "ضد المسيح".",
  "desc_en": "As "Aziraphale" and "Crowley" - the representatives of Heaven and Hell - become fast friends, they are shocked to learn that the world is about to end. The armies of Heaven and Hell unite, and the "Four Horsemen of the Apocalypse" prepare to ride. But everything is going according to plan... except that someone has made a mistake with the "Anti-Christ".",
  "meta_desc": "واش غيفلت؟ اكتشف أحداث الإثارة في فيلم "مشاهدة فيلم غود أومنز مترجم اون لاين"",
  "seo_title_ar": "مشاهدة فيلم غود أومنز مترجم اون لاين - توميتو",
  "keywords": "فيلم كوميديا مترجم, مشاهدة فيلم دراما مترجم, فيلم خيال علمي وفانتازيا مترجم",
  "opinion": "هو فيلم كوميديا رائع يجمع بين الخيال العلمي والدراما، مع نهاية العالم على وشك الانتهاء. لقد لقي نجاحاً كبيراً في إقناعنا بأننا نستطيع أن نرى نهاية العالم من خلال عيون شخصين من أصدقاء الجنة والجحيم.",
  "faq": [
    {"q": "ما هو فيلم غود أومنز؟", "a": "هو فيلم كوميديا رائع يجمع بين الخيال العلمي والدراما."},
    {"q": "ما هو نوع فيلم غود أومنز؟", "a": "هو فيلم تلفزيوني من نوع كوميديا، دراما، خيال علمي وفانتازيا."},
    {"q": "ما هو المخرج من فيلم غود أومنز؟", "a": "لم يذكر المخرج في هذا الفيلم"}
  ]
}
JSON Parse error: Expecting ',' delimiter: line 2 column 22 (char 23)
AI failed to return valid JSON. Using fallbacks.
✅ Successfully updated: 71915.json
Refactoring AI Content for: في جعبتى حكاية...
✅ Successfully updated: 9892.json
Refactoring AI Content for: Ozark...
✅ Successfully updated: 69740.json
Refactoring AI Content for: Lie to Me...
✅ Successfully updated: 8358.json
Refactoring AI Content for: Chiikawa...
✅ Successfully updated: 194916.json
Refactoring AI Content for: DCs Legends of Tomorrow...
✅ Successfully updated: 62643.json
Refactoring AI Content for: The Beverly Hillbillies...
✅ Successfully updated: 1930.json
Refactoring AI Content for: Chappie...
✅ Successfully updated: 198184.json
Refactoring AI Content for: تشارلي ومصنع الشوكولاتة...
✅ Successfully updated: 118.json
Refactoring AI Content for: الفتاة الخارقة...
✅ Successfully updated: 62688.json
Refactoring AI Content for: Medium...
✅ Successfully updated: 36.json
Refactoring AI Content for: The Hustler...
✅ Successfully updated: 990.json
Refactoring AI Content for: علاء الدين...
✅ Successfully updated: 812.json
Refactoring AI Content for: Almanya - Willkommen in Deutschland...
RAW RES: {
  "desc_ar": "في فيلم "ألمانيا"، نرى كيف يتعامل الأشخاص مع تغيرات العالم من خلال قصة رومانسية كوميدياً تتميز باللغة الألمانية. يتبع الفيلم قصة رومانسية بين شخصين من مختلفي الثقافات، مما يثير التساؤم حول ما إذا كان يمكن أن يحدث بين الأشخاص من مختلفي الثقافات. في النهاية، نرى كيف يمكن أن يحدثmeeting بين الأشخاص من مختلفي الثقافات.",
  "desc_en": "In the film "Germany", we see how people deal with changes in the world through a romantic comedy story with German language. The film follows a romantic story between two people from different cultures, raising questions about whether it is possible for people from different cultures to meet. In the end, we see how people from different cultures can meet.",
  "meta_desc": "واش غيفلت؟ اكتشف أحداث الإثارة في فيلم "ألمانيا" مترجم اون لاين!",
  "seo_title_ar": "مشاهدة فيلم ألمانيا - ويلkommen في ألمانيا مترجم اون لاين - توميتو",
  "keywords": "فيلم ألمانيا مترجم, مشاهدة فيلم ألمانيا",
  "opinion": "هو فيلم رومانسي كوميدياً يلقي باللغة الألمانية، مما يجعله فيلماً فريداً في نوعه. يلقي باللغة الألمانية، مما يجعله فيلماً فريداً في نوعه.",
  "faq": [
    {"q": "ما هو فيلم ألمانيا؟", "a": "هو فيلم رومانسي كوميدياً يلقي باللغة الألمانية"},
    {"q": "ما هو نوع فيلم ألمانيا؟", "a": "هو فيلم رومانسي كوميدياً"},
    {"q": "هل فيلم ألمانيا مترجم؟", "a": "نعم، فيلم ألمانيا مترجم اون لاين"}
  ]
}
JSON Parse error: Expecting ',' delimiter: line 2 column 24 (char 25)
AI failed to return valid JSON. Using fallbacks.
✅ Successfully updated: 63849.json
Refactoring AI Content for: Win or Lose...
✅ Successfully updated: 114500.json
Refactoring AI Content for: The Witcher...
RAW RES: {
  "desc_ar": "في عالم مظلم حيث يخوض الويتشر "جيرالت"، صائد الوحوش المأجور والمتحوّل، رحلةً مصيريةً في عالم مضطرب، يُثبت فيه البشر غالبًا أنهم أكثر شرًّا من الوحوش. مع الويتشر، ستحتاج إلى قوة وذكاء لتصليح العالم من الشر والظلم.",
  "desc_en": "In a dark world, the Witcher, Geralt, a monster hunter, embarks on a perilous journey in a troubled world, where humans often prove to be more sinister than monsters. With the Witcher, you'll need strength and intelligence to redeem the world from evil and injustice.",
  "meta_desc": "واش غيفلت؟ اكتشف أحداث الإثارة في عالم الويتشر!",
  "seo_title_ar": "مشاهدة فيلم الويتشر مترجم اون لاين - توميتو",
  "keywords": "فيلم الويتشر مترجم, مشاهدة فيلم الويتشر",
  "opinion": "الويتشر سلسلة دراما رائعة تجمع بين الحركة والمغامرة والدراما، مع قصة رائعة وتصوير رائع، ستجعلك تريد المزيد!",
  "faq": [
    {"q": "ما هو الويتشر؟", "a": "الويتشر هو صائد الوحوش المأجور والمتحوّل، يخوض رحلةً مصيريةً في عالم مضطرب."},
    {"q": "ما هو نوع الويتشر؟", "a": "الويتشر هو سلسلة دراما رائعة، تجمع بين الحركة والمغامرة والدراما."},
    {"q": "ما هو أفضل شيء في الويتشر؟", "a": "أفضل شيء في الويتشر هو قصة رائعة وتصوير رائع، ستجعلك تريد المزيد!"}
  ]
}
JSON Parse error: Expecting ',' delimiter: line 2 column 46 (char 47)
AI failed to return valid JSON. Using fallbacks.
✅ Successfully updated: 71912.json
Refactoring AI Content for: السلاح الأمثل...
✅ Successfully updated: 744.json
Refactoring AI Content for: مغامرات الأصدقاء الأربعة...
✅ Successfully updated: 2009.json
Refactoring AI Content for: The Unit...
✅ Successfully updated: 2321.json
Refactoring AI Content for: اختلال ضال...
RAW RES: {
  "desc_ar": "في عالم التعليم، يكتشف مدرس كيمياء في مدرسة ثانوية أن حياته على وشك الانتهاء بسبب السرطان، ويقرر أن يلزم طالب سابق في صناعة وبيع عقار "الميث" لتأمين مستقبل أسرته، ويقوم بتعليم الطالب كيفية إنتاج هذا العقار الخطير، ويقوم الطالب بدور كبير في هذه العملية، ويقوم ببيع العقار في السوق السوداء، ويقوم المدرس بمراقبة الطالب من خلال كاميرا سريعة، ويقوم بمراقبة ما يحدث في هذه العملية، ويقوم بمراقبة ما يحدث في هذه العملية، ويقوم بمراقبة ما يحدث في هذه العملية.",
  "desc_en": "In the world of education, a high school chemistry teacher discovers that his life is about to end due to cancer, and decides to partner with a former student to produce and sell a dangerous drug, "meth", to secure his family's future, and teaches the student how to produce this dangerous substance, and the student plays a major role in this process, and the teacher monitors the student through a hidden camera, and monitors what is happening in this process, and monitors what is happening in this process, and monitors what is happening in this process.",
  "meta_desc": "واش غيفلت؟ اكتشف أحداث الإثارة في اختلال ضال",
  "seo_title_ar": "مشاهدة فيلم اختلال ضال مترجم اون لاين - توميتو",
  "keywords": "فيلم اختلال ضال مترجم, مشاهدة فيلم اختلال ضال",
  "opinion": "هو فيلم دراما جريمة رائع يلقي الضوء على مشكل السرطان والتعليم والجريمة، ويحوي أحداثاً مثيرة ومرعبة، ويحوي شخصيات قوية، ويحوي رسالة قوية",
  "faq": [
    {"q": "ما هو اختلال ضال؟", "a": "هو فيلم دراما جريمة رائع يلقي الضوء على مشكل السرطان والتعليم والجريمة"},
    {"q": "ما هو هدف اختلال ضال؟", "a": "هدف الفيلم هو عرض مشكل السرطان والتعليم والجريمة، و عرض كيفية إنتاج العقار الخطير"},
    {"q": "ما هو ما يحدث في اختلال ضال؟", "a": "في الفيلم، يكتشف مدرس كيمياء في مدرسة ثانوية أن حياته على وشك الانتهاء بسبب السرطان، ويقرر أن يلزم طالب سابق في صناعة وبيع عقار "الميث" لتأمين مستقبل أسرته"}
  ]
}
JSON Parse error: Expecting ',' delimiter: line 2 column 150 (char 151)
AI failed to return valid JSON. Using fallbacks.
✅ Successfully updated: 1396.json
Refactoring AI Content for: بيبي درايفر...
✅ Successfully updated: 339403.json
Refactoring AI Content for: 20...
✅ Successfully updated: 206122.json
Refactoring AI Content for: Rocky Aur Rani Kii Prem Kahaani...
✅ Successfully updated: 848116.json
Refactoring AI Content for: Imperfect Women...
✅ Successfully updated: 108181.json
Refactoring AI Content for: ميرسي...
✅ Successfully updated: 1236153.json
Refactoring AI Content for: Falling Skies...
✅ Successfully updated: 34967.json
Refactoring AI Content for: الملك في فخ الحب...
✅ Successfully updated: 233205.json
Refactoring AI Content for: فينتشنزو...
✅ Successfully updated: 117376.json
Refactoring AI Content for: مارفيل: عملاء شيلد...
✅ Successfully updated: 1403.json
Refactoring AI Content for: Great Performances...
✅ Successfully updated: 10029.json
Refactoring AI Content for: Red Oaks...
✅ Successfully updated: 63130.json
Refactoring AI Content for: الملوك 2 : الدائرة الذهبية...
✅ Successfully updated: 343668.json
Refactoring AI Content for: ناروتو شيبودن...
✅ Successfully updated: 31910.json
Refactoring AI Content for: Monarch of the Glen...
✅ Successfully updated: 2215.json
Refactoring AI Content for: مع قبلاتي، كيتي...
✅ Successfully updated: 195670.json
Refactoring AI Content for: فارس وفادي...
✅ Successfully updated: 1877.json
Refactoring AI Content for: قاتل مأجور...
✅ Successfully updated: 974635.json
Refactoring AI Content for: النوع الجريء...
RAW RES: {
  "desc_ar": "في مجلّة نسائية في "نيويورك"، تحاول ثلاث فتيات من جيل الألفيّة اكتشاف أنفسهنّ والموازنة ما بين العمل والحبّ والصداقة والحياة في هذه المدينة. من خلال مغامراتهنّ والصعوبات التي تواجههنّ، نرى كيف يمكن أن تؤثر الحياة في هذه المدينة على حياتهنّ الشخصية، وتعلمنّ ما هو الأهم في الحياة.",
  "desc_en": "In a women's magazine in New York, three young women from the 21st century try to find themselves and balance work, love, friendship, and life in this city. Through their adventures and the challenges they face, we see how life in this city can affect their personal lives, and they learn what is most important in life.",
  "meta_desc": "واش غيفلت؟ اكتشف أحداث الإثارة في النوع الجريء - دراما، كوميديا - توميتو",
  "seo_title_ar": "مشاهدة فيلم النوع الجريء مترجم اون لاين - توميتو",
  "keywords": "فيلم النوع الجريء مترجم, مشاهدة فيلم النوع الجريء",
  "opinion": "هذه المجموعة من الأحداث هي ما يجعل النوع الجريء مختلفاً عن باقي البرامج التلفزيونية. فهي تجمع بين الدراما والكوميديا في أفضل الطرق، مما يجعلها ممتعة للنظرة.",
  "faq": [
    {"q": "ما هو النوع الجريء؟", "a": "هو برنامج تلفزيوني درامي كوميدي يروي قصة ثلاث فتيات من جيل الألفيّة في مدينة نيويورك."},
    {"q": "ما هو هدف البرنامج؟", "a": "هدف البرنامج هو اكتشاف أنفسهنّ والموازنة ما بين العمل والحبّ والصداقة والحياة في هذه المدينة."},
    {"q": "ما هو ما يجعله النوع الجريء مختلفاً؟", "a": "ما يجعله مختلفاً هو أنّه يجمع بين الدراما والكوميديا في أفضل الطرق، مما يجعلها ممتعة للنظرة."}
  ]
}
JSON Parse error: Expecting ',' delimiter: line 2 column 35 (char 36)
AI failed to return valid JSON. Using fallbacks.
✅ Successfully updated: 69630.json
Refactoring AI Content for: Jay and Silent Bob Reboot...
✅ Successfully updated: 440762.json
Refactoring AI Content for: ذنب لا يغتفر...
RAW RES: {
  "desc_ar": "بعد أن أُدينت امرأة بارتكاب جريمة قتل عن شقيقتها الصغيرة التي أُجبرت على التخلّي عنها، تُطلق سراحها من السجن وتواجه مجتمعاً يرفض مسامحتها. في هذه الرحلة، ستكتشف امرأة قوية ومتحضرة كيف يمكن أن تُحول دون أن تُحول دون أن تُحول دون أن تُحول دون أن تُحول دون أن تُحول دون أن تُحول دون أن تُحول دون أن تُحول دون أن تُحول دون أن تُحول دون أن تُحول دون أن تُحول دون أن تُحول دون أن تُحول دون أن تُحول دون أن تُحول دون أن تُحول دون أن تُحول دون أن تُحول دون أن تُحول دون أن تُحول دون أن تُحول دون أن تُحول دون أن تُحول دون أن تُحول دون أن تُحول دون أن تُحول دون أن تُحول دون أن تُحول دون أن تُحول دون أن تُحول دون أن تُحول دون أن تُحول دون أن تُحول دون أن تُحول دون أن تُحول دون أن تُحول دون أن تُحول دون أن تُحول دون أن تُحول دون أن تُحول دون أن تُحول دون أن تُحول دون أن تُحول دون أن تُحول دون أن تُحول دون أن تُحول دون أن تُحول دون أن تُحول دون أن تُحول دون أن تُحول دون أن تُحول دون أن تُحول دون أن تُحول دون أن تُحول دون أن تُحول دون أن تُحول دون أن تُحول دون أن تُحول دون أن تُحول دون أن تُحول دون أن تُحول دون أن تُحول دون أن تُحول دون أن تُحول دون أن تُحول دون أن تُحول دون أن تُحول دون أن تُحول دون أن تُحول دون أن تُحول دون أن تُحول دون أن تُحول دون أن تُحول دون أن تُحول دون أن تُحول دون أن تُحول دون أن تُحول دون أن تُحول دون أن تُحول دون أن تُحول دون أن تُحول دون أن تُحول دون أن تُحول دون أن تُحول دون أن تُحول دون أن تُحول دون أن تُحول دون أن تُحول دون أن تُحول دون أن تُحول دون أن تُحول دون أن تُحول دون أن تُحول دون أن تُحول دون أن تُحول دون أن تُحول دون أن تُحول دون أن تُحول دون أن تُحول دون أن تُحول دون أن تُحول دون أن تُحول دون أن تُحول دون أن تُحول دون أن تُحول دون أن تُحول دون أن تُحول دون أن تُحول دون أن تُحول دون أن تُحول دون أن تُحول دون أن تُحول دون أن تُحول دون أن تُحول دون أن تُحول دون أن تُحول دون أن تُحول دون أن تُحول دون أن تُحول دون أن تُحول دون أن تُحول دون أن تُحول دون أن تُحول دون أن تُحول دون أن تُحول دون أن تُحول دون أن تُحول دون أن تُحول دون أن تُحول دون أن تُحول دون أن تُحول دون أن تُحول دون أن تُحول دون أن تُحول دون أن تُحول دون أن تُحول دون أن تُحول دون أن تُحول دون أن تُحول دون أن تُحول دون أن تُحول دون أن تُحول دون أن تُحول دون أن تُحول دون أن تُحول دون أن تُحول دون أن تُحول دون أن تُحول دون أن تُحول دون أن تُحول دون أن تُحول دون أن تُحول دون أن تُحول دون أن تُحول دون أن
JSON Parse error: Unterminated string starting at: line 2 column 14 (char 15)
AI failed to return valid JSON. Using fallbacks.
✅ Successfully updated: 645886.json
Refactoring AI Content for: مارفيل: ديرديفل...
RAW RES: {
  "desc_ar": "في عالم النينجا، يُقاتل "مات موردوك" الظلم في حي "هيلز كيتشن" في نيويورك، حيث يُحارب الظلم كمحام نهارًا وكبطل عظيم ليلًا، تحت اسم "ديرديفيل". مع قوته الفائقة والشعور بالمسئية، يُقاتل "مات موردوك" من أجل العدالة في مدينة نيويورك، فيขณะที่ يُحاول أن يخدع الظلم والقتل والفساد في街 "هيلز كيتشن".",
  "desc_en": "In the world of ninjas, Matt Murdock fights injustice in the Hell's Kitchen neighborhood of New York City, where he battles injustice as a day lawyer and a great hero at night, under the name 'Daredevil'. With his exceptional power and sense of responsibility, Matt Murdock fights for justice in New York City, while trying to deceive injustice, death, and corruption in the streets of Hell's Kitchen.",
  "meta_desc": "واش غيفلت؟ اكتشف أحداث الإثارة في مارفيل: ديرديفل",
  "seo_title_ar": "مشاهدة فيلم مارفيل: ديرديفيل مترجم اون لاين - توميتو",
  "keywords": "فيلم مارفيل: ديرديفيل مترجم, مشاهدة فيلم مارفيل: ديرديفيل",
  "opinion": "مارفيل: ديرديفيل، سلسلة تلفزيونية رائعة تُقدم لنا قصة رائعة عن بطل عظيم يُقاتل الظلم في مدينة نيويورك، مع قوة فائقة و شعور بالمسئية.",
  "faq": [
    {"q": "ما هو مارفيل: ديرديفيل؟", "a": "مارفيل: ديرديفيل سلسلة تلفزيونية رائعة تُقدم لنا قصة رائعة عن بطل عظيم يُقاتل الظلم في مدينة نيويورك."},
    {"q": "ما هو نوع مارفيل: ديرديفيل؟", "a": "مارفيل: ديرديفيل نوع جريمة ودراما وحركة ومغامرة."},
    {"q": "ما هو أفضل جزء في مارفيل: ديرديفيل؟", "a": "أفضل جزء في مارفيل: ديرديفيل هو قصة رائعة عن بطل عظيم يُقاتل الظلم في مدينة نيويورك، مع قوة فائقة و شعور بالمسئية."}
  ]
}
JSON Parse error: Expecting ',' delimiter: line 2 column 40 (char 41)
AI failed to return valid JSON. Using fallbacks.
✅ Successfully updated: 61889.json
Refactoring AI Content for: Sydney to the Max...
✅ Successfully updated: 84915.json
Refactoring AI Content for: Sniper: No Nation...
✅ Successfully updated: 1641319.json
Refactoring AI Content for: مشكلة كومي...
✅ Successfully updated: 123876.json
Refactoring AI Content for: Life...
✅ Successfully updated: 3797.json
Refactoring AI Content for: كيف قابلت امك...
✅ Successfully updated: 1100.json
Refactoring AI Content for: تقييم الملوك...
✅ Successfully updated: 112613.json
Refactoring AI Content for: C.I.D....
✅ Successfully updated: 15226.json
Refactoring AI Content for: وودي بيكر...
✅ Successfully updated: 111489.json
Refactoring AI Content for: Family Matters...
✅ Successfully updated: 2685.json
Refactoring AI Content for: Superbad...
✅ Successfully updated: 8363.json
Refactoring AI Content for: Mean Girls...
✅ Successfully updated: 10625.json
Refactoring AI Content for: Pitch Perfect...
✅ Successfully updated: 114150.json
Refactoring AI Content for: Hunters...
✅ Successfully updated: 79622.json
Refactoring AI Content for: Moonwalker...
✅ Successfully updated: 13192.json
Refactoring AI Content for: يوميات مصاص الدماء...
✅ Successfully updated: 18165.json
Refactoring AI Content for: شيلدن اليافع...
✅ Successfully updated: 71728.json
Refactoring AI Content for: Pulang Araw...
✅ Successfully updated: 242931.json
Refactoring AI Content for: Marvel Studios Assembled: The Making of Doctor Strange in the Multiverse of Madness...
RAW RES: {
  "desc_ar": "في هذا الفيلم الوثائقي، نرى كيف أصبحت سحرية دكتور سترينج في متاهة الاضطراب، حيث تسلط الضوء على الخلفية والتصوير والتصميم والتصميم والتصميم والتصميم والتصميم والتصميم والتصميم والتصميم والتصميم والتصميم والتصميم والتصميم والتصميم والتصميم والتصميم والتصميم والتصميم والتصميم والتصميم والتصميم والتصميم والتصميم والتصميم والتصميم والتصميم والتصميم والتصميم والتصميم والتصميم والتصميم والتصميم والتصميم والتصميم والتصميم والتصميم والتصميم والتصميم والتصميم والتصميم والتصميم والتصميم والتصميم والتصميم والتصميم والتصميم والتصميم والتصميم والتصميم والتصميم والتصميم والتصميم والتصميم والتصميم والتصميم والتصميم والتصميم والتصميم والتصميم والتصميم والتصميم والتصميم والتصميم والتصميم والتصميم والتصميم والتصميم والتصميم والتصميم والتصميم والتصميم والتصميم والتصميم والتصميم والتصميم والتصميم والتصميم والتصميم والتصميم والتصميم والتصميم والتصميم والتصميم والتصميم والتصميم والتصميم والتصميم والتصميم والتصميم والتصميم والتصميم والتصميم والتصميم والتصميم والتصميم والتصميم والتصميم والتصميم والتصميم والتصميم والتصميم والتصميم والتصميم والتصميم والتصميم والتصميم والتصميم والتصميم والتصميم والتصميم والتصميم والتصميم والتصميم والتصميم والتصميم والتصميم والتصميم والتصميم والتصميم والتصميم والتصميم والتصميم والتصميم والتصميم والتصميم والتصميم والتصميم والتصميم والتصميم والتصميم والتصميم والتصميم والتصميم والتصميم والتصميم والتصميم والتصميم والتصميم والتصميم والتصميم والتصميم والتصميم والتصميم والتصميم والتصميم والتصميم والتصميم والتصميم والتصميم والتصميم والتصميم والتصميم والتصميم والتصميم والتصميم والتصميم والتصميم والتصميم والتصميم والتصميم والتصميم والتصميم والتصميم والتصميم والتصميم والتصميم والتصميم والتصميم والتصميم والتصميم والتصميم والتصميم والتصميم والتصميم والتصميم والتصميم والتصميم والتصميم والتصميم والتصميم والتصميم والتصميم والتصميم والتصميم والتصميم والتصميم والتصميم والتصميم والتصميم والتصميم والتصميم والتصميم والتصميم والتصميم والتصميم والتصميم والتصميم والتصميم والتصميم والتصميم والتصميم والتصميم والتصميم والتصميم والتصميم والتصميم والتصميم والتصميم والتصميم والتصميم والتصميم والتصميم والتصميم والتصميم والتصميم والتصميم والتصميم والتصميم والتصميم والتصميم والتصميم والتصميم والتصميم والتصميم والتصميم والتصميم والتصميم والتصميم والتصميم والتصميم والتصميم والتصميم والتصميم والتصميم والتصميم والتصميم والتصميم والتصميم والتصميم والتصميم والتصميم والتصميم والتصميم والتصميم والتصميم والتصميم والتصميم والتصميم والتصميم والتصميم والتصميم والتصميم والتصميم والتصميم والتصميم والتصميم والتصميم والتصميم والتصميم والتصميم والتصميم والتصميم والتصميم والتصميم والتصميم والتصميم والتصميم والتصميم والتصميم والتصميم والتصميم والتصميم والتصميم والتصميم والتصميم والتصميم والتصميم والتصميم والتصميم والتصميم والتصميم والتصميم والتصميم والتصميم والتصميم والتصميم والتصميم والتصميم والتصميم والتصميم والتصميم والتصميم والتصميم والتصميم والتصميم والتصميم والتصميم والتصميم والتصميم والتصميم والتصميم والتصميم والتصميم والتصميم والتصميم والتصميم والتصميم والتصميم والتصميم والتصميم والتصميم والتصميم والتصميم والتصميم والتصميم والتصميم والتصميم والتصميم والتصميم والتصميم والتصميم والتصميم والتصميم والتصميم وال
JSON Parse error: Unterminated string starting at: line 2 column 14 (char 15)
AI failed to return valid JSON. Using fallbacks.
✅ Successfully updated: 980017.json
Refactoring AI Content for: Cardcaptor Sakura...
✅ Successfully updated: 35790.json
Refactoring AI Content for: Battle of the Network Stars...
✅ Successfully updated: 11884.json
Refactoring AI Content for: العصر الجليدي 3 ظهور الديناصورات...
✅ Successfully updated: 8355.json
Refactoring AI Content for: The Mummy...
✅ Successfully updated: 564.json
Refactoring AI Content for: جانغو الحر...
✅ Successfully updated: 68718.json
Refactoring AI Content for: مشروع إصطياد الذئب...
✅ Successfully updated: 799379.json
Refactoring AI Content for: Wz...
✅ Successfully updated: 83099.json
Refactoring AI Content for: المجالد...
✅ Successfully updated: 98.json
Refactoring AI Content for: ديدبول وولفرين...
✅ Successfully updated: 533535.json
Refactoring AI Content for: الحارس الشجاع...
✅ Successfully updated: 13781.json
Refactoring AI Content for: فضائي: رومولوس...
✅ Successfully updated: 945961.json
Refactoring AI Content for: Rizzoli Isles...
✅ Successfully updated: 32895.json
Refactoring AI Content for: Flash Gordon...
✅ Successfully updated: 3604.json
Refactoring AI Content for: The Avengers...
✅ Successfully updated: 2473.json
Refactoring AI Content for: حبيبة للإيجار...
✅ Successfully updated: 96316.json
Refactoring AI Content for: جودزيلا وكونج: الإمبراطورية الجديدة...
✅ Successfully updated: 823464.json
Refactoring AI Content for: Disneys Magic English...
✅ Successfully updated: 57624.json
Refactoring AI Content for: العربيه...
✅ Successfully updated: 81774.json
Refactoring AI Content for: في الظل...
✅ Successfully updated: 309328.json
Refactoring AI Content for: رقص رقص راقص...
✅ Successfully updated: 122826.json
Refactoring AI Content for: Saint Seiya: The Hades Chapter...
RAW RES: {
  "desc_ar": "في عالم يغلب عليه الظلام، يصارع مجموعة من الأبطال الذين يحملون القوة والشجاعة لإنقاذ العالم من أهدياد هادس، الذي يهدف إلى إبادة كل ما هو صالح في العالم. معاناة الأبطال من خلال العديد من التحديات والقتال، لكنهم يكتشفون أن هناك أكثر من قوة يمكن أن يصمدوا ضدها. في هذه الرحلة، سوف نرى كيف يصارع الأبطال من أجل النجاة والسلام في العالم.",
  "desc_en": "In a world dominated by darkness, a group of heroes who possess power and courage fight to save the world from the abyss of Hades, who aims to eradicate all that is good in the world. The heroes suffer through many challenges and battles, but they discover that there is more than one power that can withstand them. In this journey, we will see how the heroes fight for survival and peace in the world.",
  "meta_desc": "واش غيفلت؟ اكتشف أحداث الإثارة في سانت سيا: القسم هادس",
  "seo_title_ar": "مشاهدة فيلم سانت سيا: القسم هادس مترجم اون لاين - توميتو",
  "keywords": "فيلم سانت سيا مترجم, مشاهدة فيلم سانت سيا",
  "opinion": "هذه السلسلة التلفزيونية هي واحدة من أفضل ما يمكن أن يشاهدها أي شخص، مع قصة رائعة وتصوير رائع، سوف تتمكن من أن تتمكن من أن تتمكن من أن تتمكن من أن تتمكن من أن تتمكن من أن تتمكن من أن تتمكن من أن تتمكن من أن تتمكن من أن تتمكن من أن تتمكن من أن تتمكن من أن تتمكن من أن تتمكن من أن تتمكن من أن تتمكن من أن تتمكن من أن تتمكن من أن تتمكن من أن تتمكن من أن تتمكن من أن تتمكن من أن تتمكن من أن تتمكن من أن تتمكن من أن تتمكن من أن تتمكن من أن تتمكن من أن تتمكن من أن تتمكن من أن تتمكن من أن تتمكن من أن تتمكن من أن تتمكن من أن تتمكن من أن تتمكن من أن تتمكن من أن تتمكن من أن تتمكن من أن تتمكن من أن تتمكن من أن تتمكن من أن تتمكن من أن تتمكن من أن تتمكن من أن تتمكن من أن تتمكن من أن تتمكن من أن تتمكن من أن تتمكن من أن تتمكن من أن تتمكن من أن تتمكن من أن تتمكن من أن تتمكن من أن تتمكن من أن تتمكن من أن تتمكن من أن تتمكن من أن تتمكن من أن تتمكن من أن تتمكن من أن تتمكن من أن تتمكن من أن تتمكن من أن تتمكن من أن تتمكن من أن تتمكن من أن تتمكن من أن تتمكن من أن تتمكن من أن تتمكن من أن تتمكن من أن تتمكن من أن تتمكن من أن تتمكن من أن تتمكن من أن تتمكن من أن تتمكن من أن تتمكن من أن تتمكن من أن تتمكن من أن تتمكن من أن تتمكن من أن تتمكن من أن تتمكن من أن تتمكن من أن تتمكن من أن تتمكن من أن تتمكن من أن تتمكن من أن تتمكن من أن تتمكن من أن تتمكن من أن تتمكن من أن تتمكن من أن تتمكن من أن تتمكن من أن تتمكن من أن تتمكن من أن تتمكن من أن تتمكن من أن تتمكن من أن تتمكن من أن تتمكن من أن تتمكن من أن تتمكن من أن تتمكن من أن تتمكن من أن تتمكن من أن تتمكن من أن تتمكن من أن تتمكن من أن تتمكن من أن تتمكن من أن تتمكن من أن تتمكن من أن تتمكن من أن تتمكن من أن تتمكن من أن تتمكن من أن تتمكن من أن تتمكن من أن تتمكن من أن تتمكن من أن تتمكن من أن تتمكن من أن تتمكن من أن تتمكن من أن تتمكن من أن تتمكن من أن تتمكن من أن تتمكن من أن تتمكن من أن تتمكن من أن
JSON Parse error: Unterminated string starting at: line 7 column 14 (char 993)
AI failed to return valid JSON. Using fallbacks.
✅ Successfully updated: 67199.json
Refactoring AI Content for: Dear Killer Nannies: Criado por sicarios...
✅ Successfully updated: 313721.json
Refactoring AI Content for: CSI: Miami...
✅ Successfully updated: 1620.json
Refactoring AI Content for: A Personal Journey with Martin Scorsese Through American Movies...
✅ Successfully updated: 153293.json
Refactoring AI Content for: Star Trek: Enterprise...
✅ Successfully updated: 314.json
Refactoring AI Content for: رانجو...
✅ Successfully updated: 44896.json
Refactoring AI Content for: البحث عن نيمو...
RAW RES: {
  "desc_ar": "في عالم المحيط الهادئ، تتعايش سمكتين، مرهف والأنثى مرجانة، معًا في رحلة مليئة بالمرح والخوف. بعد أن تهاجم الأنثى من قبل سمكة البينارا، تموت ويرعى الأب "مرهف" البيضة الوحيدة المتبقية ويسميها "نيمو" بناء لرغبة الأم. يتحول مرهف إلى أب مهاجم يريد حماية ابنه من الخطر، في حين يمر نيمو بالعديد من المغامرات والخوفات في رحلة البحث عن والده.",
  "desc_en": "In the world of the Pacific Ocean, two fish, Marlin and his wife Coral, live together in a journey full of joy and fear. After Coral is attacked by a barracuda, she dies and Marlin, the father, takes care of the only remaining egg and names it Nemo, in honor of his wife's wish. Marlin becomes a protective father who wants to protect his son from danger, while Nemo goes through many adventures and fears in his search for his father.",
  "meta_desc": "واش غيفلت؟ اكتشف أحداث الإثارة في البحث عن نيمو!",
  "seo_title_ar": "مشاهدة فيلم البحث عن نيمو مترجم اون لاين - توميتو",
  "keywords": "فيلم كذا مترجم, مشاهدة فيلم كذا, رسوم متحركة, عائلي, مغامرة",
  "opinion": "هو فيلم رائع مليء بالمرح والخوف، والرسوم المتحركة الرائعة تظهر العالم تحت الماء في أفضل حالاته. نيمو هو فيلم عائلي رائع يلفت انتباهك من بداية إلى نهاية.",
  "faq": [
    {"q": "ما هو نوع فيلم البحث عن نيمو؟", "a": "فيلم رسوم متحركة عائلي مغامرة"},
    {"q": "ما هو موضوع فيلم البحث عن نيمو؟", "a": "ابن سمكة يذهب إلى أستراليا في رحلة بحث عن والده"},
    {"q": "ما هو أفضل ما في فيلم البحث عن نيمو؟", "a": "الرسوم المتحركة الرائعة والقصة المليئة بالمرح والخوف"}
  ]
}
JSON Parse error: Expecting ',' delimiter: line 2 column 167 (char 168)
AI failed to return valid JSON. Using fallbacks.
✅ Successfully updated: 12.json
Refactoring AI Content for: كود غياس...
✅ Successfully updated: 31724.json
Refactoring AI Content for: 2...
✅ Successfully updated: 1144107.json
Refactoring AI Content for: Gnei Beklerken...
RAW RES: {
  "desc_ar": "في عالم مليء بالمشاعر واللوعة، يأخذنا مسلسل الدراما "مشاهدة فيلم غني بكلركن" على رحلة عبر الأعمار، حيث نرى كيف يأخذنا الوقت إلى أماكن مختلفة، ويجعلنا نرى الأشياء من زوايا مختلفة، ويجعلنا نرى أنفسنا من زوايا مختلفة.",
  "desc_en": "In a world filled with emotions and longing, the drama series "Waiting for the Sun" takes us on a journey through the ages, showing us how time takes us to different places, makes us see things from different angles, and makes us see ourselves from different angles.",
  "meta_desc": "واش غيفلت؟ اكتشف أحداث الدراما العائلي "مشاهدة فيلم غني بكلركن" مترجم اون لاين - توميتو",
  "seo_title_ar": "مشاهدة فيلم غني بكلركن مترجم اون لاين - توميتو",
  "keywords": "فيلم دراما عائلي مترجم, مشاهدة فيلم دراما عائلي",
  "opinion": "هو فيلم دراما عائلي رائع، حيث نرى كيف يأخذنا الوقت إلى أماكن مختلفة، ويجعلنا نرى الأشياء من زوايا مختلفة، ويجعلنا نرى أنفسنا من زوايا مختلفة.",
  "faq": [
    {"q": "ما هو فيلم غني بكلركن؟", "a": "هو فيلم دراما عائلي رائع، حيث نرى كيف يأخذنا الوقت إلى أماكن مختلفة، ويجعلنا نرى الأشياء من زوايا مختلفة، ويجعلنا نرى أنفسنا من زوايا مختلفة."},
    {"q": "ما هو نوع فيلم غني بكلركن؟", "a": "هو فيلم دراما عائلي"},
    {"q": "ما هو أفضل شيء في فيلم غني بكلركن؟", "a": "هو أننا نرى كيف يأخذنا الوقت إلى أماكن مختلفة، ويجعلنا نرى الأشياء من زوايا مختلفة، ويجعلنا نرى أنفسنا من زوايا مختلفة"}
  ]
}
JSON Parse error: Expecting ',' delimiter: line 2 column 68 (char 69)
AI failed to return valid JSON. Using fallbacks.
✅ Successfully updated: 61963.json
Refactoring AI Content for: سيد الخواتم: خواتم السلطة...
✅ Successfully updated: 84773.json
Refactoring AI Content for: دخيلة...
✅ Successfully updated: 56570.json
Refactoring AI Content for: اللوتس الأبيض...
✅ Successfully updated: 111803.json
Refactoring AI Content for: موعد رايلي الأول؟...
✅ Successfully updated: 355338.json
Refactoring AI Content for: Spartacus...
✅ Successfully updated: 967.json
Refactoring AI Content for: The Umbrella Academy...
✅ Successfully updated: 75006.json
Refactoring AI Content for: الرجل المائي...
✅ Successfully updated: 297802.json
Refactoring AI Content for: Il peccato di Lola...
✅ Successfully updated: 329505.json
Refactoring AI Content for: Wallander...
✅ Successfully updated: 31766.json
Refactoring AI Content for: كوبرا كاي...
✅ Successfully updated: 77169.json
Refactoring AI Content for: ماليفسنت: عشيقة الشر...
✅ Successfully updated: 420809.json
Refactoring AI Content for: القانون والنظام: وحدة الضحايا الخاصة...
✅ Successfully updated: 2734.json
Refactoring AI Content for: Murder, She Wrote...
✅ Successfully updated: 484.json
Refactoring AI Content for: Borderline...
RAW RES: {
  "desc_ar": "في عالم المخدرات، حيث يمرر المخدرات من يدا إلى يدا، تظهر امرأة قوية وذكية تتميز عن باقي النساء، فهي تتميز عن باقي النساء بذكائها وبراعتها، فهي تتميز عن باقي النساء بقوة وبرعاية، فهي تتميز عن باقي النساء بكل ما هو قوي، فهي تتميز عن باقي النساء بكل ما هو قوي، فهي تتميز عن باقي النساء بكل ما هو قوي، فهي تتميز عن باقي النساء بكل ما هو قوي، فهي تتميز عن باقي النساء بكل ما هو قوي، فهي تتميز عن باقي النساء بكل ما هو قوي، فهي تتميز عن باقي النساء بكل ما هو قوي، فهي تتميز عن باقي النساء بكل ما هو قوي، فهي تتميز عن باقي النساء بكل ما هو قوي، فهي تتميز عن باقي النساء بكل ما هو قوي، فهي تتميز عن باقي النساء بكل ما هو قوي، فهي تتميز عن باقي النساء بكل ما هو قوي، فهي تتميز عن باقي النساء بكل ما هو قوي، فهي تتميز عن باقي النساء بكل ما هو قوي، فهي تتميز عن باقي النساء بكل ما هو قوي، فهي تتميز عن باقي النساء بكل ما هو قوي، فهي تتميز عن باقي النساء بكل ما هو قوي، فهي تتميز عن باقي النساء بكل ما هو قوي، فهي تتميز عن باقي النساء بكل ما هو قوي، فهي تتميز عن باقي النساء بكل ما هو قوي، فهي تتميز عن باقي النساء بكل ما هو قوي، فهي تتميز عن باقي النساء بكل ما هو قوي، فهي تتميز عن باقي النساء بكل ما هو قوي، فهي تتميز عن باقي النساء بكل ما هو قوي، فهي تتميز عن باقي النساء بكل ما هو قوي، فهي تتميز عن باقي النساء بكل ما هو قوي، فهي تتميز عن باقي النساء بكل ما هو قوي، فهي تتميز عن باقي النساء بكل ما هو قوي، فهي تتميز عن باقي النساء بكل ما هو قوي، فهي تتميز عن باقي النساء بكل ما هو قوي، فهي تتميز عن باقي النساء بكل ما هو قوي، فهي تتميز عن باقي النساء بكل ما هو قوي، فهي تتميز عن باقي النساء بكل ما هو قوي، فهي تتميز عن باقي النساء بكل ما هو قوي، فهي تتميز عن باقي النساء بكل ما هو قوي، فهي تتميز عن باقي النساء بكل ما هو قوي، فهي تتميز عن باقي النساء بكل ما هو قوي، فهي تتميز عن باقي النساء بكل ما هو قوي، فهي تتميز عن باقي النساء بكل ما هو قوي، فهي تتميز عن باقي النساء بكل ما هو قوي، فهي تتميز عن باقي النساء بكل ما هو قوي، فهي تتميز عن باقي النساء بكل ما هو قوي، فهي تتميز عن باقي النساء بكل ما هو قوي، فهي تتميز عن باقي النساء بكل ما هو قوي، فهي تتميز عن باقي النساء بكل ما هو قوي، فهي تتميز عن باقي النساء بكل ما هو قوي، فهي تتميز عن باقي النساء بكل ما هو قوي، فهي تتميز عن باقي النساء بكل ما هو قوي، فهي تتميز عن باقي النساء بكل ما هو قوي، فهي تتميز عن باقي النساء بكل ما هو قوي، فهي تتميز عن باقي النساء بكل ما هو قوي، فهي تتميز عن باقي النساء بكل ما هو قوي، فهي تتميز عن باقي النساء بكل ما هو قوي، فهي تتميز عن باقي النساء بكل ما هو قوي، فهي تتميز عن باقي النساء بكل ما هو قوي، فهي تتميز
JSON Parse error: Unterminated string starting at: line 2 column 14 (char 15)
AI failed to return valid JSON. Using fallbacks.
✅ Successfully updated: 265228.json
Refactoring AI Content for: A Discovery of Witches...
✅ Successfully updated: 77236.json
Refactoring AI Content for: Lost You Forever...
✅ Successfully updated: 210524.json
Refactoring AI Content for: Hey Duggee...
✅ Successfully updated: 74280.json
Refactoring AI Content for: القضاء...
✅ Successfully updated: 133490.json
Refactoring AI Content for: Now You See Me 2...
✅ Successfully updated: 291805.json
Refactoring AI Content for: The Bodyguard...
✅ Successfully updated: 20256.json
Refactoring AI Content for: Chained Soldier...
✅ Successfully updated: 139060.json
Refactoring AI Content for: Knuckles...
✅ Successfully updated: 158300.json
Refactoring AI Content for: جريم...
✅ Successfully updated: 39351.json
Refactoring AI Content for: The Carol Burnett Show...
✅ Successfully updated: 1027.json
Refactoring AI Content for: 21 Jump Street...
✅ Successfully updated: 1486.json
Refactoring AI Content for: الرجل الحديدي 3...
✅ Successfully updated: 68721.json
Refactoring AI Content for: Bound by Honor...
✅ Successfully updated: 9702.json
Refactoring AI Content for: مختل أمريكي...
✅ Successfully updated: 1359.json
Refactoring AI Content for: حياة حشرة...
RAW RES: {
  "desc_ar": "في عالم النمل، تسيطر عصابة من الجراد الشرير على مستعمرة النمل، وتفرض عليها جمع الحبوب لصالحها. إلا أن "فليك" النملة الذكية يقرر الرحيل عن المستعمرة والذهاب إلى مدينة مجاورة للاستعانة بحشرات مقاتلين لمعاونة قومه على نبذ سيطرة الجراد عليهم.",
  "desc_en": "In a world of ants, a ruthless gang of grasshoppers takes over an ant colony, forcing them to collect food for their benefit. However, 'Flik' the intelligent ant decides to leave the colony and head to a nearby city to seek the help of warrior insects to help his colony defeat the grasshoppers.",
  "meta_desc": "واش غيفلت؟ اكتشف أحداث الإثارة في فيلم مغامرة رسوم متحركة كوميديا عائلي حياة حشرة!",
  "seo_title_ar": "مشاهدة فيلم حياة حشرة مترجم اون لاين - توميتو",
  "keywords": "فيلم كوميديا مترجم, مشاهدة فيلم رسوم متحركة",
  "opinion": "فيلم حياة حشرة هو فيلم مغامرة رائعة يجمع بين المغامرة والكوميديا والرسوم المتحركة. يحتوي على أحداث إثارة وملذقة، ويقدم رسالة مهمة عن الصمود وال teamwork.",
  "faq": [
    {"q": "ما هو فيلم حياة حشرة؟", "a": "فيلم حياة حشرة هو فيلم رسوم متحركة مغامرة كوميديا يحتوي على أحداث إثارة وملذقة."},
    {"q": "ما هو هدف فيلم حياة حشرة؟", "a": "هدف فيلم حياة حشرة هو إظهار الصمود وال teamwork والقوة الإنسانية."},
    {"q": "ما هو نوع فيلم حياة حشرة؟", "a": "فيلم حياة حشرة هو فيلم رسوم متحركة مغامرة كوميديا عائلي"}
  ]
}
JSON Parse error: Expecting ',' delimiter: line 2 column 118 (char 119)
AI failed to return valid JSON. Using fallbacks.
✅ Successfully updated: 9487.json
Refactoring AI Content for: باد بويز: رايد اور داي...
RAW RES: {
  "desc_ar": "في عالم المافيا، يلتقي قائد المافيا السابق النقيب الراحل "كونراد هاورد" مع "مايك لاوري" و"ماركوس بورنيت"، الذين يحاولون تبرئة اسمه من التهمات الموجهة إليه، لكنهم يجدون أنفسهم في معركة حية ضد المافيا، حيث يتعين عليهم أن يفعلوا كل ما في وسعهم للهروب من الموت والكارثة.",
  "desc_en": "In the world of mafia, the former police chief, Conrad Howard, meets Mike Laury and Marcus Burnett, who try to clear his name from the charges against him, but they find themselves in a living battle against the mafia, where they must do everything in their power to escape death and disaster.",
  "meta_desc": "واش غيفلت؟ اكتشف أحداث الإثارة في باد بويز: رايد أو داي! حركة، كوميديا، جريمة!",
  "seo_title_ar": "مشاهدة فيلم باد بويز: رايد أو داي مترجم اون لاين - توميتو",
  "keywords": "فيلم باد بويز مترجم, مشاهدة فيلم باد بويز",
  "opinion": "هذه المرة، باد بويز يأتي مع أصداء جديدة، حيث يتعامل قائد المافيا السابق النقيب الراحل "كونراد هاورد" مع المافيا في معركة حية، لكنه يجد أنفسهم في معركة حية ضد المافيا، حيث يتعين عليهم أن يفعلوا كل ما في وسعهم للهروب من الموت والكارثة.",
  "faq": [
    {"q": "ما هو باد بويز: رايد أو داي؟", "a": "هو فيلم حركة كوميديا جريمة يتبع قائد المافيا السابق النقيب الراحل "كونراد هاورد" في معركة حية ضد المافيا."},
    {"q": "ما هو نوع باد بويز: رايد أو داي؟", "a": "هو فيلم حركة كوميديا جريمة"},
    {"q": "ما هو المكان الذي يحدث فيه باد بويز: رايد أو داي؟", "a": "يحدث في عالم المافيا"}
  ]
}
JSON Parse error: Expecting ',' delimiter: line 2 column 73 (char 74)
AI failed to return valid JSON. Using fallbacks.
✅ Successfully updated: 573435.json
Refactoring AI Content for: ذا مينتليست...
RAW RES: {
  "desc_ar": "يستخدم باتريك جين، وهو وسيط نفسي سابق للمشاهير، مهاراته الحادة في الملاحظة والخبرة في "قراءة" الناس لحل الجرائم الخطيرة مع مكتب التحقيقات في كاليفورنيا. من خلال مهاراته في علم النفس، يتعرف باتريك على الأشخاص الذين يرتكبون الجرائم، ويحاول حلها مع فريق مكتب التحقيقات. في هذه الرحلة، سوف نرى كيف يتعامل باتريك مع الأشخاص الذين يرتكبون الجرائم، وما هو المنهج الذي يتبعه في حل الجرائم.",
  "desc_en": "Patrick Jane, a former psychic detective, uses his sharp observation skills and experience in 'reading' people to solve high-stakes crimes with the California Bureau of Investigation. Through his knowledge of psychology, Patrick becomes aware of the individuals who commit crimes, and he tries to solve them with his CBI team. In this journey, we will see how Patrick deals with the people who commit crimes, and what method he follows in solving crimes.",
  "meta_desc": "واش غيفلت؟ اكتشف أحداث الإثارة مع باتريك جين، الوسيط النفسي السابق في ذا مينتليست!",
  "seo_title_ar": "مشاهدة فيلم ذا مينتليست مترجم اون لاين - توميتو",
  "keywords": "فيلم ذا مينتليست مترجم, مشاهدة فيلم ذا مينتليست",
  "opinion": "ذا مينتليست هو سلسلة دراما جريمة رائعة، حيث يتعامل باتريك جين مع الأشخاص الذين يرتكبون الجرائم، ويحاول حلها مع فريق مكتب التحقيقات. من خلال هذا المسلسل، نرى كيف يتعامل باتريك مع الأشخاص الذين يرتكبون الجرائم، وما هو المنهج الذي يتبعه في حل الجرائم.",
  "faq": [
    {"q": "ما هو هدف باتريك جين في حل الجرائم؟", "a": "يحاول باتريك جين حل الجرائم مع فريق مكتب التحقيقات، ويستخدم مهاراته في علم النفس لتعرف على الأشخاص الذين يرتكبون الجرائم."},
    {"q": "ما هو المنهج الذي يتبعه باتريك جين في حل الجرائم؟", "a": "يتبع باتريك جين المنهج العلمي في حل الجرائم، ويستخدم مهاراته في علم النفس لتعرف على الأشخاص الذين يرتكبون الجرائم."},
    {"q": "ما هو دور مكتب التحقيقات في حل الجرائم؟", "a": "يشارك مكتب التحقيقات في حل الجرائم مع باتريك جين، ويستخدمون خبراتهم في التحقيق والتحليل ل حل الجرائم"}
  ]
}
JSON Parse error: Expecting ',' delimiter: line 2 column 102 (char 103)
AI failed to return valid JSON. Using fallbacks.
✅ Successfully updated: 5920.json
Refactoring AI Content for: Ten Little Indians...
✅ Successfully updated: 4879.json
Refactoring AI Content for: بداية باتمان...
✅ Successfully updated: 272.json
Refactoring AI Content for: Srpski film...
✅ Successfully updated: 73861.json
Refactoring AI Content for: جاك ريتشر...
✅ Successfully updated: 75780.json
Refactoring AI Content for: وكر اللصوص...
✅ Successfully updated: 449443.json
Refactoring AI Content for: كونغ فو باندا: أساطير الروعة...
✅ Successfully updated: 39898.json
Refactoring AI Content for: Edge of Darkness...
✅ Successfully updated: 12201.json
Refactoring AI Content for: الكابادي المشتعلة...
✅ Successfully updated: 105721.json
Refactoring AI Content for: الامتداد...
✅ Successfully updated: 63639.json
Refactoring AI Content for: SSSS.GRIDMAN...
✅ Successfully updated: 82895.json
Refactoring AI Content for: الأطباء...
✅ Successfully updated: 66329.json
Refactoring AI Content for: Redo of Healer...
✅ Successfully updated: 99071.json
Refactoring AI Content for: زوتروبوليس...
✅ Successfully updated: 269149.json
Refactoring AI Content for: قطار فائق السرعة...
✅ Successfully updated: 718930.json
Refactoring AI Content for: فارس من الممالك السبع...
✅ Successfully updated: 224372.json
Refactoring AI Content for: The Closer...
✅ Successfully updated: 1450.json
Refactoring AI Content for: Mario Puzos The Godfather: The Complete Novel for Television...
✅ Successfully updated: 39651.json
Refactoring AI Content for: Bosch: Legacy...
✅ Successfully updated: 153657.json
Refactoring AI Content for: Vera...
✅ Successfully updated: 39185.json
Refactoring AI Content for: الدببة الثلاثة...
✅ Successfully updated: 63401.json
Refactoring AI Content for: Fast Forever...
RAW RES: {
  "desc_ar": "في عالم السرقة والجريمة، يوجد نوع من الأشخاص الذين يملكون القوة والشجاعة ليكونوا الأبطال، لكن ما إذا كانوا سيفوزون أم لا، هو ما يثير الإثارة والقلق. في فيلم "Fast Forever"، نرى كيف يتصارع الأبطال ليكونوا الأفضل في عالم السرقة والجريمة، ولكن ما إذا كانوا سيفوزون أم لا، هو ما يثير الإثارة والقلق.",
  "desc_en": "In a world of thievery and crime, there are people who possess the power and courage to be heroes. But will they win or lose, that's what's thrilling and worrying. In the movie "Fast Forever", we see how the heroes struggle to be the best in the world of thievery and crime, but will they win or lose, that's what's thrilling and worrying.",
  "meta_desc": "واش غيفلت؟ اكتشف أحداث الإثارة في فيلم "Fast Forever" - حركة، جريمة، إثارة!",
  "seo_title_ar": "مشاهدة فيلم Fast Forever مترجم اون لاين - توميتو",
  "keywords": "فيلم حركة مترجم, مشاهدة فيلم جريمة, فيلم إثارة مترجم",
  "opinion": "فيلم "Fast Forever" هو فيلم رائع يملك القوة والشجاعة ليكون بطلاً في عالم السرقة والجريمة. الأبطال في هذا الفيلم يتصارعون ليكونوا الأفضل، ولكن ما إذا كانوا سيفوزون أم لا، هو ما يثير الإثارة والقلق.",
  "faq": [
    {"q": "ما هو فيلم "Fast Forever"؟", "a": "فيلم "Fast Forever" هو فيلم حركة، جريمة، إثارة يملك القوة والشجاعة ليكون بطلاً في عالم السرقة والجريمة."},
    {"q": "ما هو نوع فيلم "Fast Forever"؟", "a": "فيلم "Fast Forever" هو فيلم حركة، جريمة، إثارة."},
    {"q": "ما هو أفضل ما في فيلم "Fast Forever"؟", "a": "أفضل ما في فيلم "Fast Forever" هو قوة الأبطال والشجاعة ليكونوا الأفضل في عالم السرقة والجريمة."}
  ]
}
JSON Parse error: Expecting ',' delimiter: line 2 column 173 (char 174)
AI failed to return valid JSON. Using fallbacks.
✅ Successfully updated: 755679.json
Refactoring AI Content for: الخلاص من شاوشانك...
✅ Successfully updated: 278.json
Refactoring AI Content for: Kraken...
✅ Successfully updated: 1110034.json
Refactoring AI Content for: لوبين الثالث...
✅ Successfully updated: 31572.json
Refactoring AI Content for: Midsomer Murders...
✅ Successfully updated: 764.json
Refactoring AI Content for: Eight Below...
✅ Successfully updated: 9036.json
Refactoring AI Content for: النار والماء: خلف كواليس أفلام (أفاتار)...
✅ Successfully updated: 303109.json
Refactoring AI Content for: متعدد المهارات بلا فريق...
✅ Successfully updated: 285166.json
Refactoring AI Content for: هوية بورن...
✅ Successfully updated: 2501.json
Refactoring AI Content for: The Gorge...
✅ Successfully updated: 950396.json
Refactoring AI Content for: حرب النجوم : رؤى...
RAW RES: {
  "desc_ar": "تستكشف هذه المختارات من أفلام الرسوم المتحركة القصيرة من مختلف أنحاء العالم بأساطير "حرب النجوم"، حيث تتعامل مع مختلف الشخصيات والشعارات والكتابات والشعارات والشعارات والشعارات والشعارات والشعارات والشعارات والشعارات والشعارات والشعارات والشعارات والشعارات والشعارات والشعارات والشعارات والشعارات والشعارات والشعارات والشعارات والشعارات والشعارات والشعارات والشعارات والشعارات والشعارات والشعارات والشعارات والشعارات والشعارات والشعارات والشعارات والشعارات والشعارات والشعارات والشعارات والشعارات والشعارات والشعارات والشعارات والشعارات والشعارات والشعارات والشعارات والشعارات والشعارات والشعارات والشعارات والشعارات والشعارات والشعارات والشعارات والشعارات والشعارات والشعارات والشعارات والشعارات والشعارات والشعارات والشعارات والشعارات والشعارات والشعارات والشعارات والشعارات والشعارات والشعارات والشعارات والشعارات والشعارات والشعارات والشعارات والشعارات والشعارات والشعارات والشعارات والشعارات والشعارات والشعارات والشعارات والشعارات والشعارات والشعارات والشعارات والشعارات والشعارات والشعارات والشعارات والشعارات والشعارات والشعارات والشعارات والشعارات والشعارات والشعارات والشعارات والشعارات والشعارات والشعارات والشعارات والشعارات والشعارات والشعارات والشعارات والشعارات والشعارات والشعارات والشعارات والشعارات والشعارات والشعارات والشعارات والشعارات والشعارات والشعارات والشعارات والشعارات والشعارات والشعارات والشعارات والشعارات والشعارات والشعارات والشعارات والشعارات والشعارات والشعارات والشعارات والشعارات والشعارات والشعارات والشعارات والشعارات والشعارات والشعارات والشعارات والشعارات والشعارات والشعارات والشعارات والشعارات والشعارات والشعارات والشعارات والشعارات والشعارات والشعارات والشعارات والشعارات والشعارات والشعارات والشعارات والشعارات والشعارات والشعارات والشعارات والشعارات والشعارات والشعارات والشعارات والشعارات والشعارات والشعارات والشعارات والشعارات والشعارات والشعارات والشعارات والشعارات والشعارات والشعارات والشعارات والشعارات والشعارات والشعارات والشعارات والشعارات والشعارات والشعارات والشعارات والشعارات والشعارات والشعارات والشعارات والشعارات والشعارات والشعارات والشعارات والشعارات والشعارات والشعارات والشعارات والشعارات والشعارات والشعارات والشعارات والشعارات والشعارات والشعارات والشعارات والشعارات والشعارات والشعارات والشعارات والشعارات والشعارات والشعارات والشعارات والشعارات والشعارات والشعارات والشعارات والشعارات والشعارات والشعارات والشعارات والشعارات والشعارات والشعارات والشعارات والشعارات والشعارات والشعارات والشعارات والشعارات والشعارات والشعارات والشعارات والشعارات والشعارات والشعارات والشعارات والشعارات والشعارات والشعارات والشعارات والشعارات والشعارات والشعارات والشعارات والشعارات والشعارات والشعارات
JSON Parse error: Expecting ',' delimiter: line 2 column 100 (char 101)
AI failed to return valid JSON. Using fallbacks.
✅ Successfully updated: 114478.json
Refactoring AI Content for: العراب...
✅ Successfully updated: 238.json
Refactoring AI Content for: قائمة شندلر...
✅ Successfully updated: 424.json
Refactoring AI Content for: Mad King Granzrt...
✅ Successfully updated: 34766.json
Refactoring AI Content for: جون ويك: الفصل ٣ - الاستعداد للحرب...
RAW RES: {
  "desc_ar": "بعد أن قتل جون ويك عضو في جماعة القتله الدولية الغامضة "هاي تايبل"، يصعد إلى مستوى جديد من العنف والقتل. يعود القاتل الخارق جون ويك باربعة عشر مليون دولار على رأسه وجيش من القتلة الذين يصطادون المكافآت على دربه. في هذه المرة، جون ويك هو طارد، لكن أكثر الرجال والنساء ضرباً في العالم ينتظرونه بكل منعطف.",
  "desc_en": "After killing a member of the international crime syndicate 'High Table', John Wick takes his violence and killing to a new level. The legendary hitman John Wick returns with a $14 million price tag on his head and a legion of assassins hunting him down. This time, John Wick is the hunter, but the world's most skilled men and women are waiting for him with every twist.",
  "meta_desc": "واش غيفلت؟ اكتشف أحداث الإثارة في جون ويك: الفصل ٣ - الاستعداد للحرب!",
  "seo_title_ar": "مشاهدة فيلم جون ويك: الفصل ٣ - الاستعداد للحرب مترجم اون لاين - توميتو",
  "keywords": "فيلم جون ويك مترجم, مشاهدة فيلم جون ويك: الفصل ٣",
  "opinion": "فيلم جون ويك: الفصل ٣ - الاستعداد للحرب هو فيلم إثارة يملأه العنف والقتل. لكنه أيضاً فيلم يملأه الإثارة والتنشق. جون ويك هو فيلم يملأه كل ما هو جيد في عالم الحركة والإثارة.",
  "faq": [
    {"q": "ما هو فيلم جون ويك: الفصل ٣؟", "a": "فيلم جون ويك: الفصل ٣ - الاستعداد للحرب هو فيلم حركة وإثارة يملأه العنف والقتل."},
    {"q": "ما هو جون ويك؟", "a": "جون ويك هو قاتل خارق يملأه العنف والقتل."},
    {"q": "ما هو الفصل ٣؟", "a": "الفصل ٣ هو الجزء الثالث في سلسلة أفلام جون ويك"}
  ]
}
JSON Parse error: Expecting ',' delimiter: line 2 column 71 (char 72)
AI failed to return valid JSON. Using fallbacks.
✅ Successfully updated: 458156.json
Refactoring AI Content for: المؤسس عثمان...
✅ Successfully updated: 95603.json
Refactoring AI Content for: The Greatest Event in Television History...
✅ Successfully updated: 120516.json
Refactoring AI Content for: Absentia...
RAW RES: {
  "desc_ar": "في عالم من الغموض والرعب، يتعرض المحامي جيمس ويلر لمسألة قتلت فيها زوجته، مما يجعله يبحث عن الحقيقة وراء الموت، فيขณะททتتتتتتتتتتتتتتتتتتتتتتتتتتتتتتتتتتتتتتتتتتتتتتتتتتتتتتتتتتتتتتتتتتتتتتتتتتتتتتتتتتتتتتتتتتتتتتتتتتتتتتتتتتتتتتتتتتتتتتتتتتتتتتتتتتتتتتتتتتتتتتتتتتتتتتتتتتتتتتتتتتتتتتتتتتتتتتتتتتتتتتتتتتتتتتتتتتتتتتتتتتتتتتتتتتتتتتتتتتتتتتتتتتتتتتتتتتتتتتتتتتتتتتتتتتتتتتتتتتتتتتتتتتتتتتتتتتتتتتتتتتتتتتتتتتتتتتتتتتتتتتتتتتتتتتتتتتتتتتتتتتتتتتتتتتتتتتتتتتتتتتتتتt
  "desc_en": "In a world of mystery and terror, lawyer James Wheeler is faced with the case of his wife's murder, which leads him to search for the truth behind the death, as he delves into the dark and twisted world of crime and justice."
  "meta_desc": "واش غيفلت؟ اكتشف أحداث الإثارة في مسلسل جريمة Absentia",
  "seo_title_ar": "مشاهدة مسلسل Absentia مترجم اون لاين - توميتو",
  "keywords": "فيلم جريمة مترجم, مشاهدة مسلسل جريمة",
  "opinion": "من المؤكد أن Absentia هو واحد من أفضل المسلسلات الجريمة التي شاهدناها، مع قصة ممتازة وتصوير رائع، سوف تتمكن من الحصول على أكثر من نوم واحد من هذا المسلسل",
  "faq": [
    {"q": "ما هو Absentia؟", "a": " Absentia هو مسلسل جريمة دراما غموض يتعرض المحامي جيمس ويلر لمسألة قتلت فيها زوجته"},
    {"q": "ما هو نوع Absentia؟", "a": " Absentia هو مسلسل تلفزيوني"},
    {"q": "ما هو أفضل ما في Absentia؟", "a": " أفضل ما في Absentia هو قصة ممتازة وتصوير رائع"}
  ]
}
JSON Parse error: Invalid control character at: line 2 column 480 (char 481)
AI failed to return valid JSON. Using fallbacks.
✅ Successfully updated: 72755.json
Refactoring AI Content for: The Hangover...
✅ Successfully updated: 18785.json
Refactoring AI Content for: لعبة العروش...
✅ Successfully updated: 1399.json
Refactoring AI Content for: مرايا خادعة...
✅ Successfully updated: 81355.json
Refactoring AI Content for: La Rafle...
✅ Successfully updated: 41411.json
Refactoring AI Content for: Curral de Mulheres...
✅ Successfully updated: 80785.json
Refactoring AI Content for: Nina the Starry Bride...
✅ Successfully updated: 240641.json
Refactoring AI Content for: Tom Clancys Jack Ryan...
✅ Successfully updated: 73375.json
Refactoring AI Content for: Chicago Hope...
✅ Successfully updated: 6467.json
Refactoring AI Content for: Quiz Show...
✅ Successfully updated: 11450.json
Refactoring AI Content for: كرانك...
✅ Successfully updated: 1948.json
Refactoring AI Content for: الطبيب الطيب...
✅ Successfully updated: 71712.json
Refactoring AI Content for: The Hunger Games: Sunrise on the Reaping...
✅ Successfully updated: 1300968.json
Refactoring AI Content for: Le Petit Garon de lascenseur...
✅ Successfully updated: 346810.json
Refactoring AI Content for: تشريح السقوط...
✅ Successfully updated: 915935.json
Refactoring AI Content for: Detective Investigation Files...
RAW RES: {
  "desc_ar": "في عالم detectives، النضال من أجل العدالة هو كل ما يهم. في سلسلة غموض ودراما "مصيدقات التحقيق"، نرى كيف يلتقي detectives مع الألغاز والقضايا في محاولة لاكتشاف الحقيقة. من خلال التحقيقات والتحليلات، يتعاون detectives مع nhau لاكتشاف الألغاز والقضايا، فيขณะที่ يتعاملون مع الأخطاء والخداع. في النهاية، يكتشفون أن الحقيقة ليست كما كانت، ولكنها كانت مخفية منذ البداية.",
  "desc_en": "In the world of detectives, the struggle for justice is all that matters. In the thrilling drama series "Detective Investigation Files", we see how detectives come together to solve puzzles and cases in an attempt to uncover the truth. Through investigations and analyses, detectives work together to uncover the puzzles and cases, while dealing with mistakes and deception. In the end, they discover that the truth is not as it seems, but has been hidden from the beginning.",
  "meta_desc": "واش غيفلت؟ اكتشف أحداث الإثارة في سلسلة غموض ودراما "مصيدقات التحقيق"!",
  "seo_title_ar": "مشاهدة فيلم مصيدقات التحقيق مترجم اون لاين - توميتو",
  "keywords": "فيلم غموض مترجم, مشاهدة فيلم جريمة",
  "opinion": "سلسلة "مصيدقات التحقيق" هي واحدة من أفضل السلاسل الغموسية والجريمة التي شاهدناها في recent years. مع قصة ممتعة وCharacters رائعين، هذه السلسلة ستجعلك تريد المزيد.",
  "faq": [
    {"q": "ما هو غرض السلسلة؟", "a": "السلسلة تهدف إلى عرض قصة غموض ودراما تثير الإثارة."},
    {"q": "ما هو نوع السلسلة؟", "a": "السلسلة نوع غموض ودراما."},
    {"q": "هل السلسلة تتميز عن غيرها؟", "a": "نعم، السلسلة تتميز عن غيرها بقصة ممتعة وCharacters رائعين"}
  ]
}
JSON Parse error: Expecting ',' delimiter: line 2 column 93 (char 94)
AI failed to return valid JSON. Using fallbacks.
✅ Successfully updated: 71971.json
Refactoring AI Content for: The Cider House Rules...
✅ Successfully updated: 1715.json
Refactoring AI Content for: كثيب: القسم الثاني...
✅ Successfully updated: 693134.json
Refactoring AI Content for: صاحبة اللغز: بداية جديدة...
RAW RES: {
  "desc_ar": "في عالم جديد، تتنكر الفتاة الغامضة "نانو" كطالبة منقولة، فتُسقط قناع القسوة وتقلب موازين السُّلطة والشعور بالذنب والرغبة في وجه مَن يؤذون الآخرين باستغلالهم. من هنا تبدأ رحلة نانو لاكتشاف هويةها ومرحلة جديدة في الحياة.",
  "desc_en": "In a new world, the enigmatic girl "Nano" is rebranded as a high school student, shedding her mask of innocence and turning the tables on those who exploit others. From here, Nano's journey begins to discover her identity and start a new chapter in life.",
  "meta_desc": "واش غيفلت؟ اكتشف أحداث الإثارة في مسلسل " صاحبة اللغز: بداية جديدة"!",
  "seo_title_ar": "مشاهدة مسلسل " صاحبة اللغز: بداية جديدة" مترجم اون لاين - توميتو",
  "keywords": "فيلم دراما غموض مترجم, مشاهدة مسلسل دراما غموض",
  "opinion": "هو مسلسل دراما غموض رائع، يلقي الضوء على ظروف الحياة والرغبة في وجه مَن يؤذون الآخرين. نانو شخصية رائعة، تمنحنا فرصة لاكتشاف هويةها والمرحلة الجديدة في الحياة.",
  "faq": [
    {"q": "ما هو مسلسل " صاحبة اللغز: بداية جديدة"؟", "a": "هو مسلسل دراما غموض رائع، يلقي الضوء على ظروف الحياة والرغبة في وجه مَن يؤذون الآخرين."},
    {"q": "ما هو دور نانو في المسلسل؟", "a": "نانو الشخصية الرئيسية في المسلسل، تمنحنا فرصة لاكتشاف هويةها والمرحلة الجديدة في الحياة."},
    {"q": "ما هو نوع المسلسل؟", "a": "هو مسلسل دراما غموض، يلقي الضوء على ظروف الحياة والرغبة في وجه مَن يؤذون الآخرين."}
  ]
}
JSON Parse error: Expecting ',' delimiter: line 2 column 51 (char 52)
AI failed to return valid JSON. Using fallbacks.
✅ Successfully updated: 310935.json
Refactoring AI Content for: Workaholics...
✅ Successfully updated: 36994.json
Refactoring AI Content for: ناروتو شيبودن الفيلم: Bonds...
✅ Successfully updated: 17581.json
Refactoring AI Content for: سقوط الصقر الأسود...
✅ Successfully updated: 855.json
Refactoring AI Content for: أخطاء فادحة...
✅ Successfully updated: 291506.json
Refactoring AI Content for: The Family Plan 2...
RAW RES: {
  "desc_ar": "بعد أن أقلع "دان" عن مهنة المغتال، لا يريد في الكريسماس إلا قضاء وقت دافئ مع أولاده. لكنه حين يكتشف أن لابنته خططاً مختلفة، يحجز رحلة عائلية إلى "لندن"، ما يضعهم جميعاً نصب عين عدوّ غير متوقع. في هذه الرحلة، سيتعرف دان على أسرار عائلته، وسيرى نفسه في مواجهة مع عدو غير متوقع.",
  "desc_en": "After quitting his job as a stuntman, Dan wants to spend a warm Christmas with his family. However, when he discovers his daughter's different plans, he books a family trip to London, which puts them all in the eyes of an unexpected enemy. In this trip, Dan will learn the secrets of his family and face an unexpected enemy.",
  "meta_desc": "واش غيفلت؟ اكتشف أحداث الإثارة في فيلم "المخطط" مترجم اون لاين",
  "seo_title_ar": "مشاهدة فيلم "المخطط" مترجم اون لاين - توميتو",
  "keywords": "فيلم المخطط مترجم, مشاهدة فيلم المخطط",
  "opinion": "فيلم "المخطط" هو فيلم كوميدياً رائع، يمتلأ بالحب والمرح، ولكن مع ذلك، يحتوي على عناصر الإثارة والتشويق، مما يجعله فيلماً رائعاً للعائلات",
  "faq": [
    {"q": "ما هو نوع فيلم "المخطط"؟", "a": "هو فيلم حركة كوميديا"},
    {"q": "ما هو موضوع فيلم "المخطط"؟", "a": "يحكي قصة عائلة رائعة والتعرف على أسرارها"},
    {"q": "ما هو ما يجعله فيلم "المخطط" رائعاً؟", "a": "يحتوي على عناصر الإثارة والتشويق، مما يجعله فيلماً رائعاً للعائلات"}
  ]
}
JSON Parse error: Expecting ',' delimiter: line 2 column 28 (char 29)
AI failed to return valid JSON. Using fallbacks.
✅ Successfully updated: 1363123.json
Refactoring AI Content for: The Monkees...
✅ Successfully updated: 7626.json
Refactoring AI Content for: The Ninth Gate...
✅ Successfully updated: 622.json
Refactoring AI Content for: هاري بوتر وحجر الفيلسوف...
✅ Successfully updated: 671.json
Refactoring AI Content for: Walker, Texas Ranger...
✅ Successfully updated: 3772.json
Refactoring AI Content for: Marvel Studios Assembled: The Making of Hawkeye...
✅ Successfully updated: 936643.json
Refactoring AI Content for: Carnival Row...
✅ Successfully updated: 90027.json
Refactoring AI Content for: One Mysterious Night...
✅ Successfully updated: 69700.json
Refactoring AI Content for: Law Order: Criminal Intent...
✅ Successfully updated: 4601.json
Refactoring AI Content for: ثور الحب والرعد...
✅ Successfully updated: 616037.json
Refactoring AI Content for: The Adventures of Peter Pan...
✅ Successfully updated: 14578.json
Refactoring AI Content for: السلك...
✅ Successfully updated: 1438.json
Refactoring AI Content for: دكتور سترينج في عالم الجنون المتعدد...
✅ Successfully updated: 453395.json
Refactoring AI Content for: شانغ تشي وأسطورة الحلقات العشر...
✅ Successfully updated: 566525.json
Refactoring AI Content for: حكاية لعبة...
✅ Successfully updated: 862.json
Refactoring AI Content for: Spidey and His Amazing Friends...
✅ Successfully updated: 127635.json
Refactoring AI Content for: الجريمة 101...
✅ Successfully updated: 1171145.json
Refactoring AI Content for: باهار...
✅ Successfully updated: 245914.json
Refactoring AI Content for: 21 شارع جامب...
✅ Successfully updated: 64688.json
Refactoring AI Content for: Justified...
✅ Successfully updated: 1436.json
Refactoring AI Content for: سينفيلد...
✅ Successfully updated: 1400.json
Refactoring AI Content for: محامي اللينكولن...
RAW RES: {
  "desc_ar": "يتجاوز محامي الدفاع الناجح "ميكي هولر" من "لوس أنجلوس" كل الحدود للفوز بقضاياه أثناء عمله في منظومة العدالة الجنائية من المقعد الخلفي في سيارته الـ"لينكولن" الفارهة. مع قوة الرياح والشعور بالحرية، يتحول محامي الدفاع إلى قاضي في سيدته، ويحكم من خلال سيارته الـ"لينكولن" الفارهة. في هذه الرحلة، سوف نرى كيف يتصارع محامي الدفاع مع نفسه و مع المجتمع، في سباق ضد الوقت لتحقيق العدالة.",
  "desc_en": "The successful defense lawyer "Mickey Haller" from "Los Angeles" breaks all boundaries to win his cases while working in the criminal justice system from the backseat of his "Lincoln" luxury car. With the power of the wind and the feeling of freedom, the defense lawyer transforms into a judge in his own mind, judging from the backseat of his "Lincoln" luxury car. In this journey, we will see how the defense lawyer struggles with himself and the community, in a race against time to achieve justice.",
  "meta_desc": "واش غيفلت؟ اكتشف أحداث الإثارة في محامي اللينكولن - دراما جريمة",
  "seo_title_ar": "مشاهدة فيلم محامي اللينكولن مترجم اون لاين - توميتو",
  "keywords": "فيلم محامي اللينكولن مترجم, مشاهدة فيلم محامي اللينكولن",
  "opinion": "هو فيلم دراما جريمة رائع، يلقي بظلاله على القضايا الاجتماعية والسياسية، ويحولنا إلى عالم من الإثارة والتشويق.",
  "faq": [
    {"q": "ما هو فيلم محامي اللينكولن؟", "a": "هو فيلم دراما جريمة رائع يلقي بظلاله على القضايا الاجتماعية والسياسية."},
    {"q": "ما هو نوع فيلم محامي اللينكولن؟", "a": "هو فيلم دراما جريمة"},
    {"q": "ما هو أفضل جزء في فيلم محامي اللينكولن؟", "a": "هو الجزء الذي يلقي بظلاله على القضايا الاجتماعية والسياسية"}
  ]
}
JSON Parse error: Expecting ',' delimiter: line 2 column 43 (char 44)
AI failed to return valid JSON. Using fallbacks.
✅ Successfully updated: 116799.json
Refactoring AI Content for: الطالب غير المؤهل في أكاديمية ملك الشياطين...
✅ Successfully updated: 97617.json
Refactoring AI Content for: الصقر وجندي الشتاء...
✅ Successfully updated: 88396.json
Refactoring AI Content for: الرجل العنكبوت: يوم جديد...
✅ Successfully updated: 969681.json
Refactoring AI Content for: رالف المدمر...
✅ Successfully updated: 82690.json
Refactoring AI Content for: Rurouni Kenshin...
✅ Successfully updated: 210879.json
Refactoring AI Content for: أوراق الموت...
RAW RES: {
  "desc_ar": "في عالم ألعاب فيديو، يجد لاعب ألعاب بلا هدف وصديقاه أنفسهم في "طوكيو" الموازية، حيث يُضطرّون إلى التنافس في سلسلة من الألعاب السادية لأجل النجاة بحياتهم. سوف يتعرضون لخطر الموت في كل لحظة، ولكنهم سوف يكتشفون أن هناك أكثر من ما يبدو على السطح.",
  "desc_en": "In a world of video games, a player finds himself and his friends in "Tokyo" parallel, where they are forced to compete in a series of sadistic games to survive their lives. They will be exposed to the risk of death at every moment, but they will discover that there is more to what appears on the surface.",
  "meta_desc": "(واش غيفلت؟ اكتشف أحداث الإثارة في أوراق الموت)",
  "seo_title_ar": "مشاهدة فيلم أوراق الموت مترجم اون لاين - توميتو",
  "keywords": "فيلم أوراق الموت مترجم, مشاهدة فيلم أوراق الموت",
  "opinion": "هذا الفيلم هو أكثر من مجرد سلسلة من الألعاب السادية، فهو أيضاً عن التعاون والصداقة في أوقات الحرجة.",
  "faq": [
    {"q": "ما هو أوراق الموت؟", "a": "هو سلسلة من الألعاب السادية التي يلعبها لاعب ألعاب فيديو"},
    {"q": "ما هو هدف أوراق الموت؟", "a": "ليحفظ لاعب ألعاب فيديو حياته"},
    {"q": "ما هو نوع أوراق الموت؟", "a": "هو نوع من ألعاب فيديو غموض ودراما وحركة ومغامرة"}
  ]
}
JSON Parse error: Expecting ',' delimiter: line 2 column 78 (char 79)
AI failed to return valid JSON. Using fallbacks.
✅ Successfully updated: 110316.json
Refactoring AI Content for: Joyeux Nol...
✅ Successfully updated: 11661.json
Refactoring AI Content for: الحورية الصغيرة...
✅ Successfully updated: 447277.json
Refactoring AI Content for: الاستلام...
✅ Successfully updated: 1106289.json
Refactoring AI Content for: الحقير أنا 4...
✅ Successfully updated: 519182.json
Refactoring AI Content for: Highway to Heaven...
✅ Successfully updated: 2440.json
Refactoring AI Content for: Margos Got Money Troubles...
RAW RES: {
  "desc_ar": "في عالم الدراما والكوميديا، تكتشف الكاتبة الصاعدة "مارغو ميليت" أن herself في أزمة مالية بعدما تحمل بجنين، ما يجبرها على ترك الدراسة الجامعية. لكن حين يعاود والدها الغائب المصارع السابق الظهور في حياتها، تجد "مارغو" وسيلة جديدة لاستغلال موهبتها مادياً في كتابة القصص.",
  "desc_en": "In a world of drama and comedy, the rising writer "Margos Got Money Troubles" discovers herself in a financial crisis after becoming pregnant, forcing her to drop out of university. However, when her absent father, a former athlete, reappears in her life, Margos finds a new way to monetize her talent by writing stories.",
  "meta_desc": "واش غيفلت؟ اكتشف أحداث الإثارة في "مارغو ميليت"!",
  "seo_title_ar": "مشاهدة فيلم مارغو ميليت مترجم اون لاين - توميتو",
  "keywords": "فيلم دراما كوميديا مترجم, مشاهدة فيلم كوميديا دراما",
  "opinion": "هذه المجموعة من الأحداث هي من أفضل ما يمكن أن يحدث في عالم الدراما والكوميديا. مارغو ميليت تتميز بكونها قصة حقيقية، تتميز بكونها قصة حقيقية، تتميز بكونها قصة حقيقية.",
  "faq": [
    {"q": "ما هو قصة مارغو ميليت؟", "a": "هي قصة حقيقية عن الكاتبة الصاعدة مارغو ميليت، التي تكتشف أن herself في أزمة مالية بعدما تحمل بجنين."},
    {"q": "ما هو نوع مارغو ميليت؟", "a": "مارغو ميليت هو نوع دراما كوميديا"},
    {"q": "ما هو المخرج مارغو ميليت؟", "a": "لم يذكر المخرج"}
  ]
}
JSON Parse error: Expecting ',' delimiter: line 2 column 66 (char 67)
AI failed to return valid JSON. Using fallbacks.
✅ Successfully updated: 245318.json
Refactoring AI Content for: Foyles War...
✅ Successfully updated: 3163.json
Refactoring AI Content for: العالم السري للإيموجي...
RAW RES: {
  "desc_ar": "في عالم من الرموز التعبيرية، يُظهر كل رمز عاطفة واحدة فقط، ولكن تبرز مشكلة حين يُظهر "جين" تعبيرات متعدّدة! في هذه الرحلة، نرى كيف يتعامل "جين" مع مشكلة هذه، ويحاول أن يصبح "طبيعيًّا"، ولكن ما الذي ينتظر؟",
  "desc_en": "In a world of emoticons, each symbol shows only one emotion, but a problem arises when "Gene" shows multiple expressions! In this journey, we see how "Gene" deals with this problem and tries to become "natural", but what awaits?",
  "meta_desc": "(واش غيفلت؟ اكتشف أحداث الإثارة في فيلم الرسوم المتحركة "العالم السري للإيموجي" على توميتو)",
  "seo_title_ar": "مشاهدة فيلم العالم السري للإيموجي مترجم اون لاين - توميتو",
  "keywords": "فيلم رسوم متحركة, مشاهدة فيلم عائلي, فيلم كوميديا مترجم",
  "opinion": "فيلم ممتاز، مليء بالمرح والفكاهة، ولكن ما يثير الدهشة هو كيف يتعامل "جين" مع مشكلة الرموز التعبيرية!",
  "faq": [
    {"q": "ما هو فيلم العالم السري للإيموجي؟", "a": "فيلم رسوم متحركة عائلي كوميديا يُحكى قصة "جين" الذي يتعامل مع مشكلة الرموز التعبيرية"},
    {"q": "ما هو هدف فيلم العالم السري للإيموجي؟", "a": "هدف الفيلم هو أن يُصوّر كيف يتعامل "جين" مع مشكلة الرموز التعبيرية والبحث عن الحل"},
    {"q": "ما هو نوع فيلم العالم السري للإيموجي؟", "a": "فيلم رسوم متحركة عائلي كوميديا"}
  ]
}
JSON Parse error: Expecting ',' delimiter: line 2 column 101 (char 102)
AI failed to return valid JSON. Using fallbacks.
✅ Successfully updated: 378236.json
Refactoring AI Content for: العراب : الجزء الثاني...
✅ Successfully updated: 240.json
Refactoring AI Content for: The Red Line...
RAW RES: {
  "desc_ar": "في عالم القتال، هناك خطأ красный يفصل بين النجاح والفشل. يلقي المدير المخوف لويس "الرئيس" مورغان في هذا العالم المخيف، حيث يلقي القتال في街 المديرين، ويحاول أن يفسر ما هو الخطأ الذي يفصل بين النجاح والفشل، ويحاول أن يفسر ما هو الخطأ الذي يفصل بين النجاح والفشل.",
  "desc_en": "In the world of combat, there is a red line that separates success from failure. Director Louis "The President" Morgan throws himself into this treacherous world, where he fights for the directors' streets, and tries to explain what is the mistake that separates success from failure, and tries to explain what is the mistake that separates success from failure.",
  "meta_desc": "واش غيفلت؟ اكتشف أحداث الإثارة في فيلم المدير المخوف لويس "الرئيس" مورغان",
  "seo_title_ar": "مشاهدة فيلم الخط الأحمر مترجم اون لاين - توميتو",
  "keywords": "فيلم الخط الأحمر مترجم, مشاهدة فيلم الخط الأحمر",
  "opinion": "هو فيلم إثارة يلقي القتال في街 المديرين، ويحاول أن يفسر ما هو الخطأ الذي يفصل بين النجاح والفشل، ويحاول أن يفسر ما هو الخطأ الذي يفصل بين النجاح والفشل.",
  "faq": [
    {"q": "ما هو فيلم الخط الأحمر؟", "a": "فيلم إثارة يلقي القتال في街 المديرين، ويحاول أن يفسر ما هو الخطأ الذي يفصل بين النجاح والفشل"},
    {"q": "ما هو نوع فيلم الخط الأحمر؟", "a": "فيلم إثارة، جريمة، دراما"},
    {"q": "ما هو أفضل شيء في فيلم الخط الأحمر؟", "a": "هو فيلم إثارة يلقي القتال في街 المديرين، ويحاول أن يفسر ما هو الخطأ الذي يفصل بين النجاح والفشل"}
  ]
}
JSON Parse error: Expecting ',' delimiter: line 2 column 97 (char 98)
AI failed to return valid JSON. Using fallbacks.
✅ Successfully updated: 1630433.json
Refactoring AI Content for: كيل لا كيل kill la kill...
✅ Successfully updated: 60728.json
Refactoring AI Content for: حرب النجوم: الدفعة السيئة...
✅ Successfully updated: 105971.json
Refactoring AI Content for: دراغون بول زد...
✅ Successfully updated: 12971.json
Refactoring AI Content for: ديدبول 2...
✅ Successfully updated: 383498.json
Refactoring AI Content for: :...
✅ Successfully updated: 256040.json
Refactoring AI Content for: Dragnet...
✅ Successfully updated: 3716.json
Refactoring AI Content for: شارلوك هولمز...
✅ Successfully updated: 10528.json
Refactoring AI Content for: نشوة...
✅ Successfully updated: 85552.json
Refactoring AI Content for: شركة المرعبين المحدودة...
✅ Successfully updated: 585.json
Refactoring AI Content for: The Cosby Show...
✅ Successfully updated: 1759.json
Refactoring AI Content for: Tiger Mom...
✅ Successfully updated: 63190.json
Refactoring AI Content for: Slow Horses...
RAW RES: {
  "desc_ar": "في عالم الجاسوسية، تتشابك الأحداث عندما يخوض فريق عملاء المخابرات، بقيادة المدير البغيض جاكسون لامب، خدع وألاعيب لإنقاذ "إنكلترا" من قوى الشر. معقلاً من الخدع واللعب، سوف تتعرف على أبرز الأحداث في هذه الدراما الجاسوسية، التي ستقودك إلى عالم من الخدع واللعب.",
  "desc_en": "In the world of espionage, the events unfold as a team of intelligence agents, led by the notorious director Jackson Lamb, engage in a game of cat and mouse to save 'England' from the forces of evil. With twists and turns, you'll be taken on a thrilling ride through this spy drama, which will lead you into a world of deception and intrigue.",
  "meta_desc": "واش غيفلت؟ اكتشف أحداث الإثارة في مسلسل الدراما الجاسوسي \"الخيل البطيء\"!",
  "seo_title_ar": "مشاهدة مسلسل الدراما الجاسوسي \"الخيل البطيء\" مترجم اون لاين - توميتو",
  "keywords": "فيلم جريمة مترجم, مشاهدة مسلسل دراما كوميديا",
  "opinion": "هو فيلم ممتاز، حيث يجمع بين الدراما والكوميديا والجريمة في قالب واحد، مما يجعله فيلماً ممتعاً لجميع المتابعين.",
  "faq": [
    {"q": "ما هو نوع مسلسل الدراما الجاسوسي \"الخيل البطيء\"؟", "a": "هو مسلسل دراما جاسوسي"},
    {"q": "ما هو نوع الميديا لمسلسل الدراما الجاسوسي \"الخيل البطيء\"؟", "a": "هو مسلسل تلفزيوني"},
    {"q": "ما هو نوع النوعات في مسلسل الدراما الجاسوسي \"الخيل البطيء\"؟", "a": "هو جريمة, دراما, كوميديا"}
  ]
}
JSON Parse error: Expecting ',' delimiter: line 2 column 136 (char 137)
AI failed to return valid JSON. Using fallbacks.
✅ Successfully updated: 95480.json
Refactoring AI Content for: John Doe...
✅ Successfully updated: 689.json
Refactoring AI Content for: فتيان اشقياء 2...
✅ Successfully updated: 8961.json
Refactoring AI Content for: Doc Nelle tue mani...
✅ Successfully updated: 101048.json
Refactoring AI Content for: Weeds...
✅ Successfully updated: 186.json
Refactoring AI Content for: My Three Sons...
✅ Successfully updated: 1530.json
Refactoring AI Content for: غرينلاند...
✅ Successfully updated: 524047.json
Refactoring AI Content for: السادة الأفاضل...
✅ Successfully updated: 522627.json
Refactoring AI Content for: The Tudors...
RAW RES: {
  "desc_ar": "في عالم الملكية الإنجليزية، يأخذنا المسلسل التاريخي "التويدورز" إلى فترة زمنية غريبة، حيث يلعب الملك هنري الثامن دوراً رئيسياً في تاريخ إنجلترا. نرى كيف يلعب الملك دوراً في الحرب الأهلية، ويحكم البلاد، ويحول دون الزواج من ابنة فرانسيسكو، ويقضي على أعدائه، ويحكم ابنه إدوارد السادس. في هذه الرحلة التاريخية، نرى كيف يلعب الملك دوراً في التاريخ الإنجليزي، ويحكم البلاد، ويحول دون الزواج من ابنة فرانسكو، ويقضي على أعدائه، ويحكم ابنه إدوارد السادس.",
  "desc_en": "In the English royal world, the historical series "The Tudors" takes us to a strange era, where King Henry VIII plays a major role in English history. We see how the king plays a role in the English Civil War, rules the country, prevents marrying the daughter of Francis, kills his enemies, and rules his son Edward VI. In this historical journey, we see how the king plays a role in English history, rules the country, prevents marrying the daughter of Francis, kills his enemies, and rules his son Edward VI.",
  "meta_desc": "واش غيفلت؟ اكتشف أحداث الإثارة في مسلسل دراما رومنسية "التويدورز"",
  "seo_title_ar": "مشاهدة مسلسل دراما رومنسية "التويدورز" مترجم اون لاين - توميتو",
  "keywords": "فيلم دراما رومنسية, مشاهدة مسلسل دراما رومنسية, مسلسل دراما رومنسية مترجم",
  "opinion": "هو فيلم تاريخي رائع، يلقي الضوء على فترة زمنية غريبة في التاريخ الإنجليزي، ويحولنا إلى عالم الملكية الإنجليزية، ويحولنا إلى عالم الملكية الإنجليزية.",
  "faq": [
    {"q": "ما هو مسلسل دراما رومنسية؟", "a": "هو مسلسل دراما رومنسية يلقي الضوء على فترة زمنية غريبة في التاريخ الإنجليزي."},
    {"q": "ما هو دور الملك هنري الثامن في مسلسل دراما رومنسية؟", "a": "يلعب الملك دوراً رئيسياً في مسلسل دراما رومنسية."},
    {"q": "ما هو أهم الأحداث في مسلسل دراما رومنسية؟", "a": "نرى كيف يلعب الملك دوراً في الحرب الأهلية، ويحكم البلاد، ويحول دون الزواج من ابنة فرانسكو، ويقضي على أعدائه، ويحكم ابنه إدوارد السادس."}
  ]
}
JSON Parse error: Expecting ',' delimiter: line 2 column 68 (char 69)
AI failed to return valid JSON. Using fallbacks.
✅ Successfully updated: 2942.json
Refactoring AI Content for: غضب الرجل...
✅ Successfully updated: 637649.json
Refactoring AI Content for: The Phoenician Scheme...
RAW RES: {
  "desc_ar": "في عالم المخادعين واللصوص، يتعاون اثنان من الأشخاص المخادعين في مهمة سرية لسرقة كنز قيم، ولكنهم يكتشفون أن هناك خطة أكبر من ما يبدو، ويقومون بالتجسس واللعب على الأوراق لخلاص أنفسهم من الموت.",
  "desc_en": "In a world of con artists and thieves, two people join forces for a secret mission to steal a valuable treasure, but they discover that there's a larger plan at play, and they must use their skills to outsmart and outmaneuver their enemies to save themselves from death.",
  "meta_desc": "واش غيفلت؟ اكتشف أحداث الإثارة في فيلم المخادعين واللصوص!",
  "seo_title_ar": "مشاهدة فيلم المخطط الفينيقي مترجم اون لاين - توميتو",
  "keywords": "فيلم المخطط الفينيقي مترجم, مشاهدة فيلم المخطط الفينيقي",
  "opinion": "هذا الفيلم هو مثال رائع على كيفية صنع فيلم كوميديا جيد، مع أحداث مثيرة وpersonajes رائعين، سوف تتمكن من أن تتمكن من أن تتمكن من أن تتمكن من أن تتمكن من أن تتمكن من أن تتمكن من أن تتمكن من أن تتمكن من أن تتمكن من أن تتمكن من أن تتمكن من أن تتمكن من أن تتمكن من أن تتمكن من أن تتمكن من أن تتمكن من أن تتمكن من أن تتمكن من أن تتمكن من أن تتمكن من أن تتمكن من أن تتمكن من أن تتمكن من أن تتمكن من أن تتمكن من أن تتمكن من أن تتمكن من أن تتمكن من أن تتمكن من أن تتمكن من أن تتمكن من أن تتمكن من أن تتمكن من أن تتمكن من أن تتمكن من أن تتمكن من أن تتمكن من أن تتمكن من أن تتمكن من أن تتمكن من أن تتمكن من أن تتمكن من أن تتمكن من أن تتمكن من أن تتمكن من أن تتمكن من أن تتمكن من أن تتمكن من أن تتمكن من أن تتمكن من أن تتمكن من أن تتمكن من أن تتمكن من أن تتمكن من أن تتمكن من أن تتمكن من أن تتمكن من أن تتمكن من أن تتمكن من أن تتمكن من أن تتمكن من أن تتمكن من أن تتمكن من أن تتمكن من أن تتمكن من أن تتمكن من أن تتمكن من أن تتمكن من أن تتمكن من أن تتمكن من أن تتمكن من أن تتمكن من أن تتمكن من أن تتمكن من أن تتمكن من أن تتمكن من أن تتمكن من أن تتمكن من أن تتمكن من أن تتمكن من أن تتمكن من أن تتمكن من أن تتمكن من أن تتمكن من أن تتمكن من أن تتمكن من أن تتمكن من أن تتمكن من أن تتمكن من أن تتمكن من أن تتمكن من أن تتمكن من أن تتمكن من أن تتمكن من أن تتمكن من أن تتمكن من أن تتمكن من أن تتمكن من أن تتمكن من أن تتمكن من أن تتمكن من أن تتمكن من أن تتمكن من أن تتمكن من أن تتمكن من أن تتمكن من أن تتمكن من أن تتمكن من أن تتمكن من أن تتمكن من أن تتمكن من أن تتمكن من أن تتمكن من أن تتمكن من أن تتمكن من أن تتمكن من أن تتمكن من أن تتمكن من أن تتمكن من أن تتمكن من أن تتمكن من أن تتمكن من أن تتمكن من أن تتمكن من أن تتمكن من أن تتمكن من أن تتمكن من أن تتمكن من أن تتمكن من أن تتمكن من أن تتمكن من أن تتمكن من أن تتمكن من أن تتمكن من أن تتمكن من أن تتمكن من أن تتمكن من أن تتمكن من أن تتمكن من أن تتمكن من أن تتمكن من أن تتمكن من أن تتمكن من أن تتمكن من أن تتمكن من أن تتمكن من أن تتمكن من أن تتمكن من أن تتم
JSON Parse error: Unterminated string starting at: line 7 column 14 (char 731)
AI failed to return valid JSON. Using fallbacks.
✅ Successfully updated: 1137350.json
Refactoring AI Content for: Man in the Mirror: The Michael Jackson Story...
✅ Successfully updated: 73353.json
Refactoring AI Content for: البط السري...
✅ Successfully updated: 3319.json
Refactoring AI Content for: Remember the Titans...
✅ Successfully updated: 10637.json
Refactoring AI Content for: Ultraseven...
✅ Successfully updated: 77396.json
Refactoring AI Content for: فارغو...
✅ Successfully updated: 275.json
Refactoring AI Content for: Taken 2...
✅ Successfully updated: 82675.json
Refactoring AI Content for: Mar Salgado...
✅ Successfully updated: 157564.json
Refactoring AI Content for: Vanaveera...
✅ Successfully updated: 1634301.json
Refactoring AI Content for: Spare Me, Great Lord!...
✅ Successfully updated: 146339.json
Refactoring AI Content for: رجل المنشار: فصل ريزي...
✅ Successfully updated: 1218925.json
Refactoring AI Content for: You...
✅ Successfully updated: 78191.json
Refactoring AI Content for: روزلين...
✅ Successfully updated: 826769.json
Refactoring AI Content for: Orange Is the New Black...
✅ Successfully updated: 1424.json
Refactoring AI Content for: وادي الذئاب...
✅ Successfully updated: 34587.json
Refactoring AI Content for: العرض العادي...
✅ Successfully updated: 31132.json
Refactoring AI Content for: كورلا...
✅ Successfully updated: 337404.json
Refactoring AI Content for: Trespassing...
✅ Successfully updated: 110075.json
Refactoring AI Content for: ساوث بارك...
✅ Successfully updated: 2190.json
Refactoring AI Content for: Jenseits der Stille...
✅ Successfully updated: 312.json
Refactoring AI Content for: مهرتي الصغيرة...
✅ Successfully updated: 33765.json
Refactoring AI Content for: مخلوقات مشرقة بشكل مبهر...
✅ Successfully updated: 1330021.json
Refactoring AI Content for: Born with Luck...
✅ Successfully updated: 272432.json
Refactoring AI Content for: أكوداما درايف...
RAW RES: {
  "desc_ar": "في عالم مُقسَّم، حيث الدولة القوية كانتو تسيطر على الدولة الضعيفة كانسي، ظهرت مجموعة من المجرمين الشهيرة المعروفين باسم “أكوداما”، الذين يسيطرون على streets ويتفشيون الجريمة في أنحاء البلاد. لكن، مع وصولهم إلى القمة، يصابون بالذعر من قوة الدولة، ويقررون أن يلعبوا دوراً في الحرب ضد كانتو.",
  "desc_en": "In a world where the powerful state of Kantou dominates the weak state of Kansai, a group of notorious criminals known as the "Akudama" emerged, controlling the streets and spreading crime throughout the land. However, as they reach the top, they become terrified of the state's power and decide to play a role in the war against Kantou.",
  "meta_desc": "واش غيفلت؟ اكتشف أحداث الإثارة في أكوداما درايف!",
  "seo_title_ar": "مشاهدة أكوداما درايف مترجم اون لاين - توميتو",
  "keywords": "فيلم أكوداما درايف مترجم, مشاهدة فيلم أكوداما درايف",
  "opinion": "أكوداما درايف هو أنمي رائع يجمع بين الغموض والحركة والمغامرة، مع قصة مُثير للفكر والشعور بالرعب من قوة الدولة.",
  "faq": [
    {"q": "ما هو أكوداما درايف؟", "a": "أكوداما درايف هو أنمي رسوم متحركة غامض يتبع قصة مجموعة من المجرمين الشهيرة."},
    {"q": "ما هو نوع أكوداما درايف؟", "a": "أكوداما درايف هو أنمي رسوم متحركة غامض يتبع قصة مجموعة من المجرمين الشهيرة."},
    {"q": "ما هو أفضل مكان لชม أكوداما درايف؟", "a": "يمكنك تشم أكوداما درايف على توميتو، الموقع الأكثر شعبية لชม أنميات رسوم متحركة"}
  ]
}
JSON Parse error: Expecting ',' delimiter: line 3 column 142 (char 448)
AI failed to return valid JSON. Using fallbacks.
✅ Successfully updated: 100436.json
Refactoring AI Content for: Irrversible...
✅ Successfully updated: 979.json
Refactoring AI Content for: فلينستون...
✅ Successfully updated: 1996.json
Refactoring AI Content for: أرسل المساعدة...
✅ Successfully updated: 1198994.json
Refactoring AI Content for: LEGO Ninjago: Dragons Rising...
✅ Successfully updated: 212989.json
Refactoring AI Content for: حرب لأجل كوكب القردة...
✅ Successfully updated: 281338.json
Refactoring AI Content for: وحيد في المنزل 2: ضائع في نيويورك...
✅ Successfully updated: 772.json
Refactoring AI Content for: Hamnet...
✅ Successfully updated: 858024.json
Refactoring AI Content for: آل سوبرانو...
✅ Successfully updated: 1398.json
Refactoring AI Content for: Z-Cars...
✅ Successfully updated: 2379.json
Refactoring AI Content for: الخيميائي الفولاذي : الأخوة...
✅ Successfully updated: 31911.json
Refactoring AI Content for: Relic Hunter...
✅ Successfully updated: 2855.json
Refactoring AI Content for: سكاي فول...
✅ Successfully updated: 37724.json
Refactoring AI Content for: موب سايكو ١٠٠...
✅ Successfully updated: 67075.json
Refactoring AI Content for: Agatha Christies Marple...
✅ Successfully updated: 6127.json
Refactoring AI Content for: السيد روبوت...
✅ Successfully updated: 62560.json
Refactoring AI Content for: The Kitchen...
✅ Successfully updated: 62128.json
🏁 Finished! Refactored 1213 pages.
