2026-05-26 01:48:18,627 [INFO] Found 1936 unique pages in sitemaps — starting rebuild
2026-05-26 01:48:22,085 [WARNING] ⚠️ Rate limit hit on key index 0. Switching to next key...
2026-05-26 01:48:22,169 [WARNING] ⚠️ Rate limit hit on key index 1. Switching to next key...
2026-05-26 01:48:22,382 [WARNING] ⚠️ Rate limit hit on key index 2. Switching to next key...
2026-05-26 01:48:22,410 [WARNING] ⚠️ Rate limit hit on key index 3. Switching to next key...
2026-05-26 01:48:22,598 [WARNING] ⚠️ Rate limit hit on key index 4. Switching to next key...
2026-05-26 01:48:33,423 [INFO] ✅ JSON store updated: /home/tomito/tomito seo (copy 1)/data/content/1003596.json
2026-05-26 01:48:33,423 [INFO] ✅ movie 1003596
2026-05-26 01:48:33,751 [INFO] ✅ JSON store updated: /home/tomito/tomito seo (copy 1)/data/content/1007757.json
2026-05-26 01:48:33,751 [INFO] ✅ movie 1007757
2026-05-26 01:48:34,519 [INFO] ✅ JSON store updated: /home/tomito/tomito seo (copy 1)/data/content/1007734.json
2026-05-26 01:48:34,519 [INFO] ✅ movie 1007734
2026-05-26 01:48:45,500 [INFO] ✅ JSON store updated: /home/tomito/tomito seo (copy 1)/data/content/101.json
2026-05-26 01:48:45,500 [INFO] ✅ movie 101
2026-05-26 01:48:46,912 [INFO] ✅ JSON store updated: /home/tomito/tomito seo (copy 1)/data/content/1010581.json
2026-05-26 01:48:46,912 [INFO] ✅ movie 1010581
2026-05-26 01:48:49,385 [INFO] ✅ JSON store updated: /home/tomito/tomito seo (copy 1)/data/content/1010755.json
2026-05-26 01:48:49,385 [INFO] ✅ movie 1010755
2026-05-26 01:48:57,847 [INFO] ✅ JSON store updated: /home/tomito/tomito seo (copy 1)/data/content/1010756.json
2026-05-26 01:48:57,847 [INFO] ✅ movie 1010756
2026-05-26 01:48:59,649 [INFO] ✅ JSON store updated: /home/tomito/tomito seo (copy 1)/data/content/1010818.json
2026-05-26 01:48:59,649 [INFO] ✅ movie 1010818
2026-05-26 01:49:08,946 [INFO] ✅ JSON store updated: /home/tomito/tomito seo (copy 1)/data/content/1010820.json
2026-05-26 01:49:08,946 [INFO] ✅ movie 1010820
2026-05-26 01:49:12,828 [INFO] ✅ JSON store updated: /home/tomito/tomito seo (copy 1)/data/content/1010821.json
2026-05-26 01:49:12,828 [INFO] ✅ movie 1010821
2026-05-26 01:49:15,689 [WARNING] ⚠️ Rate limit hit on key index 5. Switching to next key...
2026-05-26 01:49:18,175 [WARNING] ⚠️ Rate limit hit on key index 0. Switching to next key...
2026-05-26 01:49:20,600 [WARNING] ⚠️ Error (401) hit on key index 1. Switching to next key...
2026-05-26 01:49:20,673 [INFO] ✅ JSON store updated: /home/tomito/tomito seo (copy 1)/data/content/1011477.json
2026-05-26 01:49:20,673 [INFO] ✅ movie 1011477
2026-05-26 01:49:21,143 [WARNING] ⚠️ Rate limit hit on key index 2. Switching to next key...
2026-05-26 01:49:23,115 [ERROR] Cohere API Error: HTTPSConnectionPool(host='api.cohere.com', port=443): Read timed out. (read timeout=60)
2026-05-26 01:49:23,115 [ERROR] ❌ Cohere returned an empty response. Verify API Key limits or safety filters.
2026-05-26 01:49:23,117 [INFO] ✅ JSON store updated: /home/tomito/tomito seo (copy 1)/data/content/1008409.json
2026-05-26 01:49:23,117 [INFO] ✅ movie 1008409
2026-05-26 01:49:24,365 [ERROR] Cohere API Error: HTTPSConnectionPool(host='api.cohere.com', port=443): Read timed out. (read timeout=60)
2026-05-26 01:49:24,365 [ERROR] ❌ Cohere returned an empty response. Verify API Key limits or safety filters.
2026-05-26 01:49:24,367 [INFO] ✅ JSON store updated: /home/tomito/tomito seo (copy 1)/data/content/10020.json
2026-05-26 01:49:24,367 [INFO] ✅ movie 10020
2026-05-26 01:49:24,783 [ERROR] Cohere API Error: HTTPSConnectionPool(host='api.cohere.com', port=443): Read timed out. (read timeout=60)
2026-05-26 01:49:24,783 [ERROR] ❌ Cohere returned an empty response. Verify API Key limits or safety filters.
2026-05-26 01:49:24,784 [INFO] ✅ JSON store updated: /home/tomito/tomito seo (copy 1)/data/content/100402.json
2026-05-26 01:49:24,785 [INFO] ✅ movie 100402
2026-05-26 01:49:32,514 [INFO] ✅ JSON store updated: /home/tomito/tomito seo (copy 1)/data/content/1011985.json
2026-05-26 01:49:32,514 [INFO] ✅ movie 1011985
2026-05-26 01:49:50,832 [INFO] ✅ JSON store updated: /home/tomito/tomito seo (copy 1)/data/content/1010819.json
2026-05-26 01:49:50,833 [INFO] ✅ movie 1010819
2026-05-26 01:49:56,480 [INFO] ✅ JSON store updated: /home/tomito/tomito seo (copy 1)/data/content/1014590.json
2026-05-26 01:49:56,480 [INFO] ✅ movie 1014590
2026-05-26 01:50:02,549 [INFO] ✅ JSON store updated: /home/tomito/tomito seo (copy 1)/data/content/101299.json
2026-05-26 01:50:02,550 [INFO] ✅ movie 101299
2026-05-26 01:50:05,675 [INFO] ✅ JSON store updated: /home/tomito/tomito seo (copy 1)/data/content/1015606.json
2026-05-26 01:50:05,675 [INFO] ✅ movie 1015606
2026-05-26 01:50:07,090 [INFO] ✅ JSON store updated: /home/tomito/tomito seo (copy 1)/data/content/10138.json
2026-05-26 01:50:07,091 [INFO] ✅ movie 10138
2026-05-26 01:50:07,097 [INFO] 💾 Index saved — 20 / 1936 done
2026-05-26 01:50:08,486 [INFO] ✅ JSON store updated: /home/tomito/tomito seo (copy 1)/data/content/10191.json
2026-05-26 01:50:08,487 [INFO] ✅ movie 10191
2026-05-26 01:50:11,996 [INFO] ✅ JSON store updated: /home/tomito/tomito seo (copy 1)/data/content/10192.json
2026-05-26 01:50:11,997 [INFO] ✅ movie 10192
2026-05-26 01:50:17,706 [INFO] ✅ JSON store updated: /home/tomito/tomito seo (copy 1)/data/content/10195.json
2026-05-26 01:50:17,707 [INFO] ✅ movie 10195
2026-05-26 01:50:18,856 [INFO] ✅ JSON store updated: /home/tomito/tomito seo (copy 1)/data/content/10193.json
2026-05-26 01:50:18,857 [INFO] ✅ movie 10193
2026-05-26 01:50:21,252 [INFO] ✅ JSON store updated: /home/tomito/tomito seo (copy 1)/data/content/10220.json
2026-05-26 01:50:21,254 [INFO] ✅ movie 10220
2026-05-26 01:50:26,530 [INFO] ✅ JSON store updated: /home/tomito/tomito seo (copy 1)/data/content/1022787.json
2026-05-26 01:50:26,531 [INFO] ✅ movie 1022787
2026-05-26 01:50:30,213 [INFO] ✅ JSON store updated: /home/tomito/tomito seo (copy 1)/data/content/1022789.json
2026-05-26 01:50:30,213 [INFO] ✅ movie 1022789
2026-05-26 01:50:34,755 [INFO] ✅ JSON store updated: /home/tomito/tomito seo (copy 1)/data/content/102651.json
2026-05-26 01:50:34,755 [INFO] ✅ movie 102651
2026-05-26 01:50:35,027 [INFO] ✅ JSON store updated: /home/tomito/tomito seo (copy 1)/data/content/1020969.json
2026-05-26 01:50:35,027 [INFO] ✅ movie 1020969
2026-05-26 01:50:38,439 [INFO] ✅ JSON store updated: /home/tomito/tomito seo (copy 1)/data/content/103.json
2026-05-26 01:50:38,439 [INFO] ✅ movie 103
2026-05-26 01:50:44,547 [INFO] ✅ JSON store updated: /home/tomito/tomito seo (copy 1)/data/content/102382.json
2026-05-26 01:50:44,548 [INFO] ✅ movie 102382
2026-05-26 01:50:48,807 [INFO] ✅ JSON store updated: /home/tomito/tomito seo (copy 1)/data/content/102899.json
2026-05-26 01:50:48,807 [INFO] ✅ movie 102899
2026-05-26 01:50:51,132 [INFO] ✅ JSON store updated: /home/tomito/tomito seo (copy 1)/data/content/1035259.json
2026-05-26 01:50:51,133 [INFO] ✅ movie 1035259
2026-05-26 01:50:51,425 [INFO] ✅ JSON store updated: /home/tomito/tomito seo (copy 1)/data/content/10320.json
2026-05-26 01:50:51,426 [INFO] ✅ movie 10320
2026-05-26 01:50:52,591 [INFO] ✅ JSON store updated: /home/tomito/tomito seo (copy 1)/data/content/1032823.json
2026-05-26 01:50:52,593 [INFO] ✅ movie 1032823
2026-05-26 01:50:55,220 [INFO] ✅ JSON store updated: /home/tomito/tomito seo (copy 1)/data/content/1037603.json
2026-05-26 01:50:55,221 [INFO] ✅ movie 1037603
2026-05-26 01:50:57,549 [WARNING] ⚠️ Rate limit hit on key index 3. Switching to next key...
2026-05-26 01:51:05,645 [INFO] ✅ JSON store updated: /home/tomito/tomito seo (copy 1)/data/content/10431.json
2026-05-26 01:51:05,646 [INFO] ✅ movie 10431
2026-05-26 01:51:07,151 [INFO] ✅ JSON store updated: /home/tomito/tomito seo (copy 1)/data/content/10404.json
2026-05-26 01:51:07,152 [INFO] ✅ movie 10404
2026-05-26 01:51:08,310 [INFO] ✅ JSON store updated: /home/tomito/tomito seo (copy 1)/data/content/10379.json
2026-05-26 01:51:08,315 [INFO] ✅ movie 10379
2026-05-26 01:51:11,126 [INFO] ✅ JSON store updated: /home/tomito/tomito seo (copy 1)/data/content/1040148.json
2026-05-26 01:51:11,127 [INFO] ✅ movie 1040148
2026-05-26 01:51:11,134 [INFO] 💾 Index saved — 40 / 1936 done
2026-05-26 01:51:13,022 [INFO] ✅ JSON store updated: /home/tomito/tomito seo (copy 1)/data/content/1038392.json
2026-05-26 01:51:13,023 [INFO] ✅ movie 1038392
2026-05-26 01:51:17,091 [INFO] ✅ JSON store updated: /home/tomito/tomito seo (copy 1)/data/content/1043197.json
2026-05-26 01:51:17,091 [INFO] ✅ movie 1043197
2026-05-26 01:51:21,893 [INFO] ✅ JSON store updated: /home/tomito/tomito seo (copy 1)/data/content/10474.json
2026-05-26 01:51:21,894 [INFO] ✅ movie 10474
2026-05-26 01:51:23,605 [INFO] ✅ JSON store updated: /home/tomito/tomito seo (copy 1)/data/content/1049471.json
2026-05-26 01:51:23,606 [INFO] ✅ movie 1049471
2026-05-26 01:51:23,752 [INFO] ✅ JSON store updated: /home/tomito/tomito seo (copy 1)/data/content/10437.json
2026-05-26 01:51:23,752 [INFO] ✅ movie 10437
2026-05-26 01:51:24,153 [INFO] ✅ JSON store updated: /home/tomito/tomito seo (copy 1)/data/content/1047041.json
2026-05-26 01:51:24,154 [INFO] ✅ movie 1047041
2026-05-26 01:51:26,085 [INFO] ✅ JSON store updated: /home/tomito/tomito seo (copy 1)/data/content/10439.json
2026-05-26 01:51:26,085 [INFO] ✅ movie 10439
2026-05-26 01:51:27,265 [WARNING] ⚠️ Rate limit hit on key index 4. Switching to next key...
2026-05-26 01:51:29,865 [WARNING] ⚠️ Rate limit hit on key index 5. Switching to next key...
2026-05-26 01:51:32,311 [WARNING] ⚠️ Rate limit hit on key index 0. Switching to next key...
2026-05-26 01:51:33,712 [INFO] ✅ JSON store updated: /home/tomito/tomito seo (copy 1)/data/content/105.json
2026-05-26 01:51:33,712 [INFO] ✅ movie 105
2026-05-26 01:51:34,869 [WARNING] ⚠️ Error (401) hit on key index 1. Switching to next key...
2026-05-26 01:51:35,329 [WARNING] ⚠️ Rate limit hit on key index 2. Switching to next key...
2026-05-26 01:51:36,189 [WARNING] ⚠️ Rate limit hit on key index 3. Switching to next key...
2026-05-26 01:51:38,919 [INFO] ✅ JSON store updated: /home/tomito/tomito seo (copy 1)/data/content/105001.json
2026-05-26 01:51:38,919 [INFO] ✅ movie 105001
2026-05-26 01:51:41,543 [INFO] ✅ JSON store updated: /home/tomito/tomito seo (copy 1)/data/content/1051.json
2026-05-26 01:51:41,544 [INFO] ✅ movie 1051
2026-05-26 01:51:44,186 [WARNING] ⚠️ Rate limit hit on key index 4. Switching to next key...
2026-05-26 01:51:45,465 [INFO] ✅ JSON store updated: /home/tomito/tomito seo (copy 1)/data/content/10501.json
2026-05-26 01:51:45,465 [INFO] ✅ movie 10501
2026-05-26 01:51:46,179 [INFO] ✅ JSON store updated: /home/tomito/tomito seo (copy 1)/data/content/10518.json
2026-05-26 01:51:46,179 [INFO] ✅ movie 10518
2026-05-26 01:51:46,916 [WARNING] ⚠️ Rate limit hit on key index 5. Switching to next key...
2026-05-26 01:51:48,390 [WARNING] ⚠️ Rate limit hit on key index 0. Switching to next key...
2026-05-26 01:51:48,938 [WARNING] ⚠️ Error (401) hit on key index 1. Switching to next key...
2026-05-26 01:51:49,384 [WARNING] ⚠️ Error (401) hit on key index 2. Switching to next key...
2026-05-26 01:51:49,443 [WARNING] ⚠️ Rate limit hit on key index 3. Switching to next key...
2026-05-26 01:51:49,805 [WARNING] ⚠️ Rate limit hit on key index 4. Switching to next key...
2026-05-26 01:51:50,881 [WARNING] ⚠️ Rate limit hit on key index 5. Switching to next key...
2026-05-26 01:51:52,257 [WARNING] ⚠️ Rate limit hit on key index 0. Switching to next key...
2026-05-26 01:51:52,550 [WARNING] ⚠️ Rate limit hit on key index 1. Switching to next key...
2026-05-26 01:51:53,306 [INFO] ✅ JSON store updated: /home/tomito/tomito seo (copy 1)/data/content/10530.json
2026-05-26 01:51:53,306 [INFO] ✅ movie 10530
2026-05-26 01:51:54,715 [WARNING] ⚠️ Rate limit hit on key index 2. Switching to next key...
2026-05-26 01:51:54,993 [WARNING] ⚠️ Rate limit hit on key index 3. Switching to next key...
2026-05-26 01:51:55,698 [INFO] ✅ JSON store updated: /home/tomito/tomito seo (copy 1)/data/content/105117.json
2026-05-26 01:51:55,698 [INFO] ✅ movie 105117
2026-05-26 01:51:56,994 [ERROR] ❌ All Cohere API keys exhausted or rate limited.
2026-05-26 01:51:56,995 [ERROR] ❌ Cohere returned an empty response. Verify API Key limits or safety filters.
2026-05-26 01:51:56,996 [INFO] ✅ JSON store updated: /home/tomito/tomito seo (copy 1)/data/content/10545.json
2026-05-26 01:51:56,996 [INFO] ✅ movie 10545
2026-05-26 01:51:57,250 [WARNING] ⚠️ Rate limit hit on key index 4. Switching to next key...
2026-05-26 01:51:59,757 [WARNING] ⚠️ Rate limit hit on key index 5. Switching to next key...
2026-05-26 01:52:00,853 [WARNING] ⚠️ Rate limit hit on key index 0. Switching to next key...
2026-05-26 01:52:01,290 [WARNING] ⚠️ Rate limit hit on key index 1. Switching to next key...
2026-05-26 01:52:01,758 [ERROR] ❌ All Cohere API keys exhausted or rate limited.
2026-05-26 01:52:01,759 [ERROR] ❌ Cohere returned an empty response. Verify API Key limits or safety filters.
2026-05-26 01:52:01,761 [INFO] ✅ JSON store updated: /home/tomito/tomito seo (copy 1)/data/content/105864.json
2026-05-26 01:52:01,761 [INFO] ✅ movie 105864
2026-05-26 01:52:04,002 [WARNING] ⚠️ Rate limit hit on key index 2. Switching to next key...
2026-05-26 01:52:04,807 [WARNING] ⚠️ Rate limit hit on key index 3. Switching to next key...
2026-05-26 01:52:05,330 [WARNING] ⚠️ Rate limit hit on key index 4. Switching to next key...
2026-05-26 01:52:06,412 [WARNING] ⚠️ Rate limit hit on key index 5. Switching to next key...
2026-05-26 01:52:07,237 [WARNING] ⚠️ Rate limit hit on key index 0. Switching to next key...
2026-05-26 01:52:07,779 [WARNING] ⚠️ Error (401) hit on key index 1. Switching to next key...
2026-05-26 01:52:08,196 [WARNING] ⚠️ Rate limit hit on key index 2. Switching to next key...
2026-05-26 01:52:08,850 [WARNING] ⚠️ Rate limit hit on key index 3. Switching to next key...
2026-05-26 01:52:10,016 [WARNING] ⚠️ Rate limit hit on key index 4. Switching to next key...
2026-05-26 01:52:10,646 [WARNING] ⚠️ Rate limit hit on key index 5. Switching to next key...
2026-05-26 01:52:10,996 [INFO] ✅ JSON store updated: /home/tomito/tomito seo (copy 1)/data/content/1054867.json
2026-05-26 01:52:10,997 [INFO] ✅ movie 1054867
2026-05-26 01:52:11,271 [WARNING] ⚠️ Rate limit hit on key index 0. Switching to next key...
2026-05-26 01:52:12,815 [WARNING] ⚠️ Error (401) hit on key index 1. Switching to next key...
2026-05-26 01:52:13,199 [WARNING] ⚠️ Error (401) hit on key index 2. Switching to next key...
2026-05-26 01:52:13,391 [WARNING] ⚠️ Rate limit hit on key index 3. Switching to next key...
2026-05-26 01:52:13,492 [WARNING] ⚠️ Rate limit hit on key index 4. Switching to next key...
2026-05-26 01:52:13,704 [WARNING] ⚠️ Rate limit hit on key index 5. Switching to next key...
2026-05-26 01:52:13,750 [WARNING] ⚠️ Rate limit hit on key index 0. Switching to next key...
2026-05-26 01:52:15,394 [ERROR] ❌ All Cohere API keys exhausted or rate limited.
2026-05-26 01:52:15,395 [ERROR] ❌ Cohere returned an empty response. Verify API Key limits or safety filters.
2026-05-26 01:52:15,396 [INFO] ✅ JSON store updated: /home/tomito/tomito seo (copy 1)/data/content/10625.json
2026-05-26 01:52:15,396 [INFO] ✅ movie 10625
2026-05-26 01:52:15,706 [ERROR] ❌ All Cohere API keys exhausted or rate limited.
2026-05-26 01:52:15,707 [ERROR] ❌ Cohere returned an empty response. Verify API Key limits or safety filters.
2026-05-26 01:52:15,708 [INFO] ✅ JSON store updated: /home/tomito/tomito seo (copy 1)/data/content/1062722.json
2026-05-26 01:52:15,709 [INFO] ✅ movie 1062722
2026-05-26 01:52:15,753 [ERROR] ❌ All Cohere API keys exhausted or rate limited.
2026-05-26 01:52:15,753 [ERROR] ❌ Cohere returned an empty response. Verify API Key limits or safety filters.
2026-05-26 01:52:15,755 [INFO] ✅ JSON store updated: /home/tomito/tomito seo (copy 1)/data/content/1061474.json
2026-05-26 01:52:15,755 [INFO] ✅ movie 1061474
2026-05-26 01:52:15,765 [INFO] 💾 Index saved — 60 / 1936 done
2026-05-26 01:52:15,965 [WARNING] ⚠️ Error (401) hit on key index 1. Switching to next key...
2026-05-26 01:52:18,025 [WARNING] ⚠️ Rate limit hit on key index 2. Switching to next key...
2026-05-26 01:52:18,643 [WARNING] ⚠️ Rate limit hit on key index 3. Switching to next key...
2026-05-26 01:52:21,206 [WARNING] ⚠️ Rate limit hit on key index 4. Switching to next key...
2026-05-26 01:52:23,741 [WARNING] ⚠️ Rate limit hit on key index 5. Switching to next key...
2026-05-26 01:52:26,176 [WARNING] ⚠️ Rate limit hit on key index 0. Switching to next key...
2026-05-26 01:52:26,230 [INFO] ✅ JSON store updated: /home/tomito/tomito seo (copy 1)/data/content/1064028.json
2026-05-26 01:52:26,231 [INFO] ✅ movie 1064028
2026-05-26 01:52:28,764 [WARNING] ⚠️ Error (401) hit on key index 1. Switching to next key...
2026-05-26 01:52:31,420 [INFO] ✅ JSON store updated: /home/tomito/tomito seo (copy 1)/data/content/10674.json
2026-05-26 01:52:31,420 [INFO] ✅ movie 10674
2026-05-26 01:52:38,471 [ERROR] Cohere API Error: HTTPSConnectionPool(host='api.cohere.com', port=443): Read timed out. (read timeout=60)
2026-05-26 01:52:38,471 [ERROR] ❌ Cohere returned an empty response. Verify API Key limits or safety filters.
2026-05-26 01:52:38,473 [INFO] ✅ JSON store updated: /home/tomito/tomito seo (copy 1)/data/content/10528.json
2026-05-26 01:52:38,473 [INFO] ✅ movie 10528
2026-05-26 01:52:39,096 [INFO] ✅ JSON store updated: /home/tomito/tomito seo (copy 1)/data/content/106646.json
2026-05-26 01:52:39,096 [INFO] ✅ movie 106646
2026-05-26 01:52:43,093 [INFO] ✅ JSON store updated: /home/tomito/tomito seo (copy 1)/data/content/10680.json
2026-05-26 01:52:43,093 [INFO] ✅ movie 10680
2026-05-26 01:52:45,336 [INFO] ✅ JSON store updated: /home/tomito/tomito seo (copy 1)/data/content/10681.json
2026-05-26 01:52:45,337 [INFO] ✅ movie 10681
2026-05-26 01:52:51,825 [INFO] ✅ JSON store updated: /home/tomito/tomito seo (copy 1)/data/content/1071585.json
2026-05-26 01:52:51,825 [INFO] ✅ movie 1071585
2026-05-26 01:52:52,629 [INFO] ✅ JSON store updated: /home/tomito/tomito seo (copy 1)/data/content/107.json
2026-05-26 01:52:52,630 [INFO] ✅ movie 107
2026-05-26 01:52:56,271 [ERROR] Cohere API Error: HTTPSConnectionPool(host='api.cohere.com', port=443): Read timed out. (read timeout=60)
2026-05-26 01:52:56,271 [ERROR] ❌ Cohere returned an empty response. Verify API Key limits or safety filters.
2026-05-26 01:52:56,273 [INFO] ✅ JSON store updated: /home/tomito/tomito seo (copy 1)/data/content/10607.json
2026-05-26 01:52:56,273 [INFO] ✅ movie 10607
2026-05-26 01:53:06,067 [INFO] ✅ JSON store updated: /home/tomito/tomito seo (copy 1)/data/content/1078023.json
2026-05-26 01:53:06,067 [INFO] ✅ movie 1078023
2026-05-26 01:53:07,409 [INFO] ✅ JSON store updated: /home/tomito/tomito seo (copy 1)/data/content/1078605.json
2026-05-26 01:53:07,409 [INFO] ✅ movie 1078605
2026-05-26 01:53:16,307 [ERROR] Cohere API Error: HTTPSConnectionPool(host='api.cohere.com', port=443): Read timed out. (read timeout=60)
2026-05-26 01:53:16,307 [ERROR] ❌ Cohere returned an empty response. Verify API Key limits or safety filters.
2026-05-26 01:53:16,309 [INFO] ✅ JSON store updated: /home/tomito/tomito seo (copy 1)/data/content/10637.json
2026-05-26 01:53:16,309 [INFO] ✅ movie 10637
2026-05-26 01:53:28,001 [INFO] ✅ JSON store updated: /home/tomito/tomito seo (copy 1)/data/content/10830.json
2026-05-26 01:53:28,001 [INFO] ✅ movie 10830
2026-05-26 01:53:46,323 [ERROR] Cohere API Error: HTTPSConnectionPool(host='api.cohere.com', port=443): Read timed out. (read timeout=60)
2026-05-26 01:53:46,323 [ERROR] ❌ Cohere returned an empty response. Verify API Key limits or safety filters.
2026-05-26 01:53:46,325 [INFO] ✅ JSON store updated: /home/tomito/tomito seo (copy 1)/data/content/1072699.json
2026-05-26 01:53:46,325 [INFO] ✅ movie 1072699
2026-05-26 01:53:48,135 [ERROR] Cohere API Error: HTTPSConnectionPool(host='api.cohere.com', port=443): Read timed out. (read timeout=60)
2026-05-26 01:53:48,135 [ERROR] ❌ Cohere returned an empty response. Verify API Key limits or safety filters.
2026-05-26 01:53:48,137 [INFO] ✅ JSON store updated: /home/tomito/tomito seo (copy 1)/data/content/1076364.json
2026-05-26 01:53:48,137 [INFO] ✅ movie 1076364
2026-05-26 01:53:53,991 [ERROR] Cohere API Error: HTTPSConnectionPool(host='api.cohere.com', port=443): Read timed out. (read timeout=60)
2026-05-26 01:53:53,991 [ERROR] ❌ Cohere returned an empty response. Verify API Key limits or safety filters.
2026-05-26 01:53:53,993 [INFO] ✅ JSON store updated: /home/tomito/tomito seo (copy 1)/data/content/10775.json
2026-05-26 01:53:53,993 [INFO] ✅ movie 10775
2026-05-26 01:54:04,156 [INFO] ✅ JSON store updated: /home/tomito/tomito seo (copy 1)/data/content/1081422.json
2026-05-26 01:54:04,156 [INFO] ✅ movie 1081422
2026-05-26 01:54:08,335 [ERROR] Cohere API Error: HTTPSConnectionPool(host='api.cohere.com', port=443): Read timed out. (read timeout=60)
2026-05-26 01:54:08,335 [ERROR] ❌ Cohere returned an empty response. Verify API Key limits or safety filters.
2026-05-26 01:54:08,337 [INFO] ✅ JSON store updated: /home/tomito/tomito seo (copy 1)/data/content/1079057.json
2026-05-26 01:54:08,337 [INFO] ✅ movie 1079057
2026-05-26 01:54:10,846 [INFO] ✅ JSON store updated: /home/tomito/tomito seo (copy 1)/data/content/1084199.json
2026-05-26 01:54:10,846 [INFO] ✅ movie 1084199
2026-05-26 01:54:22,226 [INFO] ✅ JSON store updated: /home/tomito/tomito seo (copy 1)/data/content/1084244.json
2026-05-26 01:54:22,226 [INFO] ✅ movie 1084244
2026-05-26 01:54:22,238 [INFO] 💾 Index saved — 80 / 1936 done
2026-05-26 01:54:25,750 [INFO] ✅ JSON store updated: /home/tomito/tomito seo (copy 1)/data/content/1084242.json
2026-05-26 01:54:25,751 [INFO] ✅ movie 1084242
2026-05-26 01:54:30,659 [ERROR] Cohere API Error: HTTPSConnectionPool(host='api.cohere.com', port=443): Read timed out. (read timeout=60)
2026-05-26 01:54:30,659 [ERROR] ❌ Cohere returned an empty response. Verify API Key limits or safety filters.
2026-05-26 01:54:30,661 [INFO] ✅ JSON store updated: /home/tomito/tomito seo (copy 1)/data/content/10835.json
2026-05-26 01:54:30,661 [INFO] ✅ movie 10835
2026-05-26 01:54:34,392 [INFO] ✅ JSON store updated: /home/tomito/tomito seo (copy 1)/data/content/10865.json
2026-05-26 01:54:34,392 [INFO] ✅ movie 10865
2026-05-26 01:54:36,724 [INFO] ✅ JSON store updated: /home/tomito/tomito seo (copy 1)/data/content/10853.json
2026-05-26 01:54:36,724 [INFO] ✅ movie 10853
2026-05-26 01:54:48,127 [ERROR] Cohere API Error: HTTPSConnectionPool(host='api.cohere.com', port=443): Read timed out. (read timeout=60)
2026-05-26 01:54:48,127 [ERROR] ❌ Cohere returned an empty response. Verify API Key limits or safety filters.
2026-05-26 01:54:48,129 [INFO] ✅ JSON store updated: /home/tomito/tomito seo (copy 1)/data/content/1084187.json
2026-05-26 01:54:48,129 [INFO] ✅ movie 1084187
2026-05-26 01:54:56,860 [INFO] ✅ JSON store updated: /home/tomito/tomito seo (copy 1)/data/content/1087891.json
2026-05-26 01:54:56,861 [INFO] ✅ movie 1087891
2026-05-26 01:55:01,065 [INFO] ✅ JSON store updated: /home/tomito/tomito seo (copy 1)/data/content/1087192.json
2026-05-26 01:55:01,066 [INFO] ✅ movie 1087192
2026-05-26 01:55:04,170 [INFO] ✅ JSON store updated: /home/tomito/tomito seo (copy 1)/data/content/1088434.json
2026-05-26 01:55:04,170 [INFO] ✅ movie 1088434
2026-05-26 01:55:15,258 [ERROR] Cohere API Error: HTTPSConnectionPool(host='api.cohere.com', port=443): Read timed out. (read timeout=60)
2026-05-26 01:55:15,258 [ERROR] ❌ Cohere returned an empty response. Verify API Key limits or safety filters.
2026-05-26 01:55:15,260 [INFO] ✅ JSON store updated: /home/tomito/tomito seo (copy 1)/data/content/1084577.json
2026-05-26 01:55:15,260 [INFO] ✅ movie 1084577
2026-05-26 01:55:17,695 [INFO] ✅ JSON store updated: /home/tomito/tomito seo (copy 1)/data/content/1089.json
2026-05-26 01:55:17,696 [INFO] ✅ movie 1089
2026-05-26 01:55:29,683 [ERROR] Cohere API Error: HTTPSConnectionPool(host='api.cohere.com', port=443): Read timed out. (read timeout=60)
2026-05-26 01:55:29,683 [ERROR] ❌ Cohere returned an empty response. Verify API Key limits or safety filters.
2026-05-26 01:55:29,685 [INFO] ✅ JSON store updated: /home/tomito/tomito seo (copy 1)/data/content/10867.json
2026-05-26 01:55:29,685 [INFO] ✅ movie 10867
2026-05-26 01:55:31,099 [INFO] ✅ JSON store updated: /home/tomito/tomito seo (copy 1)/data/content/109526.json
2026-05-26 01:55:31,100 [INFO] ✅ movie 109526
2026-05-26 01:55:34,596 [ERROR] Cohere API Error: HTTPSConnectionPool(host='api.cohere.com', port=443): Read timed out. (read timeout=60)
2026-05-26 01:55:34,596 [ERROR] ❌ Cohere returned an empty response. Verify API Key limits or safety filters.
2026-05-26 01:55:34,597 [INFO] ✅ JSON store updated: /home/tomito/tomito seo (copy 1)/data/content/1087040.json
2026-05-26 01:55:34,597 [INFO] ✅ movie 1087040
2026-05-26 01:55:39,205 [INFO] ✅ JSON store updated: /home/tomito/tomito seo (copy 1)/data/content/1089625.json
2026-05-26 01:55:39,205 [INFO] ✅ movie 1089625
2026-05-26 01:55:49,896 [INFO] ✅ JSON store updated: /home/tomito/tomito seo (copy 1)/data/content/1097549.json
2026-05-26 01:55:49,896 [INFO] ✅ movie 1097549
2026-05-26 01:55:50,430 [INFO] ✅ JSON store updated: /home/tomito/tomito seo (copy 1)/data/content/1091.json
2026-05-26 01:55:50,430 [INFO] ✅ movie 1091
2026-05-26 01:55:51,326 [INFO] ✅ JSON store updated: /home/tomito/tomito seo (copy 1)/data/content/11.json
2026-05-26 01:55:51,326 [INFO] ✅ movie 11
2026-05-26 01:56:05,439 [INFO] ✅ JSON store updated: /home/tomito/tomito seo (copy 1)/data/content/1107166.json
2026-05-26 01:56:05,440 [INFO] ✅ movie 1107166
2026-05-26 01:56:05,529 [INFO] ✅ JSON store updated: /home/tomito/tomito seo (copy 1)/data/content/11036.json
2026-05-26 01:56:05,530 [INFO] ✅ movie 11036
2026-05-26 01:56:17,623 [ERROR] Cohere API Error: HTTPSConnectionPool(host='api.cohere.com', port=443): Read timed out. (read timeout=60)
2026-05-26 01:56:17,623 [ERROR] ❌ Cohere returned an empty response. Verify API Key limits or safety filters.
2026-05-26 01:56:17,625 [INFO] ✅ JSON store updated: /home/tomito/tomito seo (copy 1)/data/content/109445.json
2026-05-26 01:56:17,625 [INFO] ✅ movie 109445
2026-05-26 01:56:17,635 [INFO] 💾 Index saved — 100 / 1936 done
2026-05-26 01:56:28,191 [INFO] ✅ JSON store updated: /home/tomito/tomito seo (copy 1)/data/content/11074.json
2026-05-26 01:56:28,192 [INFO] ✅ movie 11074
2026-05-26 01:56:38,359 [ERROR] Cohere API Error: HTTPSConnectionPool(host='api.cohere.com', port=443): Read timed out. (read timeout=60)
2026-05-26 01:56:38,359 [ERROR] ❌ Cohere returned an empty response. Verify API Key limits or safety filters.
2026-05-26 01:56:38,360 [INFO] ✅ JSON store updated: /home/tomito/tomito seo (copy 1)/data/content/1100988.json
2026-05-26 01:56:38,360 [INFO] ✅ movie 1100988
2026-05-26 01:56:41,796 [ERROR] Cohere API Error: HTTPSConnectionPool(host='api.cohere.com', port=443): Read timed out. (read timeout=60)
2026-05-26 01:56:41,796 [ERROR] ❌ Cohere returned an empty response. Verify API Key limits or safety filters.
2026-05-26 01:56:41,797 [INFO] ✅ JSON store updated: /home/tomito/tomito seo (copy 1)/data/content/1102883.json
2026-05-26 01:56:41,797 [INFO] ✅ movie 1102883
2026-05-26 01:56:54,267 [ERROR] Cohere API Error: HTTPSConnectionPool(host='api.cohere.com', port=443): Read timed out. (read timeout=60)
2026-05-26 01:56:54,267 [ERROR] ❌ Cohere returned an empty response. Verify API Key limits or safety filters.
2026-05-26 01:56:54,269 [INFO] ✅ JSON store updated: /home/tomito/tomito seo (copy 1)/data/content/1106289.json
2026-05-26 01:56:54,269 [INFO] ✅ movie 1106289
2026-05-26 01:57:08,359 [INFO] ✅ JSON store updated: /home/tomito/tomito seo (copy 1)/data/content/1115544.json
2026-05-26 01:57:08,359 [INFO] ✅ movie 1115544
2026-05-26 01:57:08,691 [ERROR] Cohere API Error: HTTPSConnectionPool(host='api.cohere.com', port=443): Read timed out. (read timeout=60)
2026-05-26 01:57:08,691 [ERROR] ❌ Cohere returned an empty response. Verify API Key limits or safety filters.
2026-05-26 01:57:08,692 [INFO] ✅ JSON store updated: /home/tomito/tomito seo (copy 1)/data/content/1107216.json
2026-05-26 01:57:08,692 [INFO] ✅ movie 1107216
2026-05-26 01:57:21,735 [ERROR] Cohere API Error: HTTPSConnectionPool(host='api.cohere.com', port=443): Read timed out. (read timeout=60)
2026-05-26 01:57:21,735 [ERROR] ❌ Cohere returned an empty response. Verify API Key limits or safety filters.
2026-05-26 01:57:21,736 [INFO] ✅ JSON store updated: /home/tomito/tomito seo (copy 1)/data/content/1108427.json
2026-05-26 01:57:21,737 [INFO] ✅ movie 1108427
2026-05-26 01:57:30,793 [WARNING] ⚠️ Error (502) hit on key index 2. Switching to next key...
2026-05-26 01:57:30,973 [ERROR] Cohere API Error: HTTPSConnectionPool(host='api.cohere.com', port=443): Read timed out. (read timeout=60)
2026-05-26 01:57:30,973 [ERROR] ❌ Cohere returned an empty response. Verify API Key limits or safety filters.
2026-05-26 01:57:30,975 [INFO] ✅ JSON store updated: /home/tomito/tomito seo (copy 1)/data/content/111.json
2026-05-26 01:57:30,975 [INFO] ✅ movie 111
2026-05-26 01:57:38,736 [INFO] ✅ JSON store updated: /home/tomito/tomito seo (copy 1)/data/content/11220.json
2026-05-26 01:57:38,736 [INFO] ✅ movie 11220
2026-05-26 01:57:41,203 [ERROR] Cohere API Error: HTTPSConnectionPool(host='api.cohere.com', port=443): Read timed out. (read timeout=60)
2026-05-26 01:57:41,203 [ERROR] ❌ Cohere returned an empty response. Verify API Key limits or safety filters.
2026-05-26 01:57:41,204 [INFO] ✅ JSON store updated: /home/tomito/tomito seo (copy 1)/data/content/1110034.json
2026-05-26 01:57:41,205 [INFO] ✅ movie 1110034
2026-05-26 01:57:45,867 [ERROR] Cohere API Error: HTTPSConnectionPool(host='api.cohere.com', port=443): Read timed out. (read timeout=60)
2026-05-26 01:57:45,867 [ERROR] ❌ Cohere returned an empty response. Verify API Key limits or safety filters.
2026-05-26 01:57:45,868 [INFO] ✅ JSON store updated: /home/tomito/tomito seo (copy 1)/data/content/11130.json
2026-05-26 01:57:45,869 [INFO] ✅ movie 11130
2026-05-26 01:58:11,515 [ERROR] Cohere API Error: HTTPSConnectionPool(host='api.cohere.com', port=443): Read timed out. (read timeout=60)
2026-05-26 01:58:11,515 [ERROR] ❌ Cohere returned an empty response. Verify API Key limits or safety filters.
2026-05-26 01:58:11,516 [INFO] ✅ JSON store updated: /home/tomito/tomito seo (copy 1)/data/content/1117857.json
2026-05-26 01:58:11,517 [INFO] ✅ movie 1117857
2026-05-26 01:58:16,592 [INFO] ✅ JSON store updated: /home/tomito/tomito seo (copy 1)/data/content/1125257.json
2026-05-26 01:58:16,592 [INFO] ✅ movie 1125257
2026-05-26 01:58:23,852 [INFO] ✅ JSON store updated: /home/tomito/tomito seo (copy 1)/data/content/11324.json
2026-05-26 01:58:23,853 [INFO] ✅ movie 11324
2026-05-26 01:58:33,103 [ERROR] Cohere API Error: HTTPSConnectionPool(host='api.cohere.com', port=443): Read timed out. (read timeout=60)
2026-05-26 01:58:33,103 [ERROR] ❌ Cohere returned an empty response. Verify API Key limits or safety filters.
2026-05-26 01:58:33,105 [INFO] ✅ JSON store updated: /home/tomito/tomito seo (copy 1)/data/content/1119449.json
2026-05-26 01:58:33,105 [INFO] ✅ movie 1119449
2026-05-26 01:58:34,217 [ERROR] Cohere API Error: HTTPSConnectionPool(host='api.cohere.com', port=443): Read timed out. (read timeout=60)
2026-05-26 01:58:34,217 [ERROR] ❌ Cohere returned an empty response. Verify API Key limits or safety filters.
2026-05-26 01:58:34,219 [INFO] ✅ JSON store updated: /home/tomito/tomito seo (copy 1)/data/content/11224.json
2026-05-26 01:58:34,220 [INFO] ✅ movie 11224
2026-05-26 01:58:44,603 [ERROR] Cohere API Error: HTTPSConnectionPool(host='api.cohere.com', port=443): Read timed out. (read timeout=60)
2026-05-26 01:58:44,603 [ERROR] ❌ Cohere returned an empty response. Verify API Key limits or safety filters.
2026-05-26 01:58:44,605 [INFO] ✅ JSON store updated: /home/tomito/tomito seo (copy 1)/data/content/1127110.json
2026-05-26 01:58:44,605 [INFO] ✅ movie 1127110
2026-05-26 01:58:48,495 [ERROR] Cohere API Error: HTTPSConnectionPool(host='api.cohere.com', port=443): Read timed out. (read timeout=60)
2026-05-26 01:58:48,495 [ERROR] ❌ Cohere returned an empty response. Verify API Key limits or safety filters.
2026-05-26 01:58:48,497 [INFO] ✅ JSON store updated: /home/tomito/tomito seo (copy 1)/data/content/1128650.json
2026-05-26 01:58:48,497 [INFO] ✅ movie 1128650
2026-05-26 01:59:20,083 [ERROR] Cohere API Error: HTTPSConnectionPool(host='api.cohere.com', port=443): Read timed out. (read timeout=60)
2026-05-26 01:59:20,083 [ERROR] ❌ Cohere returned an empty response. Verify API Key limits or safety filters.
2026-05-26 01:59:20,085 [INFO] ✅ JSON store updated: /home/tomito/tomito seo (copy 1)/data/content/11362.json
2026-05-26 01:59:20,085 [INFO] ✅ movie 11362
2026-05-26 01:59:26,931 [ERROR] Cohere API Error: HTTPSConnectionPool(host='api.cohere.com', port=443): Read timed out. (read timeout=60)
2026-05-26 01:59:26,931 [ERROR] ❌ Cohere returned an empty response. Verify API Key limits or safety filters.
2026-05-26 01:59:26,933 [INFO] ✅ JSON store updated: /home/tomito/tomito seo (copy 1)/data/content/1137350.json
2026-05-26 01:59:26,933 [INFO] ✅ movie 1137350
2026-05-26 01:59:26,943 [INFO] 💾 Index saved — 120 / 1936 done
2026-05-26 01:59:36,719 [ERROR] Cohere API Error: HTTPSConnectionPool(host='api.cohere.com', port=443): Read timed out. (read timeout=60)
2026-05-26 01:59:36,719 [ERROR] ❌ Cohere returned an empty response. Verify API Key limits or safety filters.
2026-05-26 01:59:36,720 [INFO] ✅ JSON store updated: /home/tomito/tomito seo (copy 1)/data/content/1139087.json
2026-05-26 01:59:36,720 [INFO] ✅ movie 1139087
2026-05-26 01:59:37,039 [ERROR] Cohere API Error: HTTPSConnectionPool(host='api.cohere.com', port=443): Read timed out. (read timeout=60)
2026-05-26 01:59:37,039 [ERROR] ❌ Cohere returned an empty response. Verify API Key limits or safety filters.
2026-05-26 01:59:37,041 [INFO] ✅ JSON store updated: /home/tomito/tomito seo (copy 1)/data/content/114150.json
2026-05-26 01:59:37,041 [INFO] ✅ movie 114150
2026-05-26 01:59:38,973 [INFO] ✅ JSON store updated: /home/tomito/tomito seo (copy 1)/data/content/1146302.json
2026-05-26 01:59:38,974 [INFO] ✅ movie 1146302
2026-05-26 01:59:48,353 [ERROR] Cohere API Error: HTTPSConnectionPool(host='api.cohere.com', port=443): Read timed out. (read timeout=60)
2026-05-26 01:59:48,353 [ERROR] ❌ Cohere returned an empty response. Verify API Key limits or safety filters.
2026-05-26 01:59:48,354 [INFO] ✅ JSON store updated: /home/tomito/tomito seo (copy 1)/data/content/11423.json
2026-05-26 01:59:48,354 [INFO] ✅ movie 11423
2026-05-26 01:59:48,650 [INFO] ✅ JSON store updated: /home/tomito/tomito seo (copy 1)/data/content/1153576.json
2026-05-26 01:59:48,651 [INFO] ✅ movie 1153576
2026-05-26 01:59:51,305 [INFO] ✅ JSON store updated: /home/tomito/tomito seo (copy 1)/data/content/115.json
2026-05-26 01:59:51,305 [INFO] ✅ movie 115
2026-05-26 01:59:52,587 [ERROR] Cohere API Error: HTTPSConnectionPool(host='api.cohere.com', port=443): Read timed out. (read timeout=60)
2026-05-26 01:59:52,587 [ERROR] ❌ Cohere returned an empty response. Verify API Key limits or safety filters.
2026-05-26 01:59:52,588 [INFO] ✅ JSON store updated: /home/tomito/tomito seo (copy 1)/data/content/1144107.json
2026-05-26 01:59:52,588 [INFO] ✅ movie 1144107
2026-05-26 02:00:22,782 [ERROR] Cohere API Error: HTTPSConnectionPool(host='api.cohere.com', port=443): Read timed out. (read timeout=60)
2026-05-26 02:00:22,782 [ERROR] ❌ Cohere returned an empty response. Verify API Key limits or safety filters.
2026-05-26 02:00:22,784 [INFO] ✅ JSON store updated: /home/tomito/tomito seo (copy 1)/data/content/11450.json
2026-05-26 02:00:22,784 [INFO] ✅ movie 11450
2026-05-26 02:00:42,531 [ERROR] Cohere API Error: HTTPSConnectionPool(host='api.cohere.com', port=443): Read timed out. (read timeout=60)
2026-05-26 02:00:42,531 [ERROR] ❌ Cohere returned an empty response. Verify API Key limits or safety filters.
2026-05-26 02:00:42,533 [INFO] ✅ JSON store updated: /home/tomito/tomito seo (copy 1)/data/content/11544.json
2026-05-26 02:00:42,533 [INFO] ✅ movie 11544
2026-05-26 02:00:51,271 [ERROR] Cohere API Error: HTTPSConnectionPool(host='api.cohere.com', port=443): Read timed out. (read timeout=60)
2026-05-26 02:00:51,271 [ERROR] ❌ Cohere returned an empty response. Verify API Key limits or safety filters.
2026-05-26 02:00:51,272 [INFO] ✅ JSON store updated: /home/tomito/tomito seo (copy 1)/data/content/1159559.json
2026-05-26 02:00:51,272 [INFO] ✅ movie 1159559
2026-05-26 02:00:54,379 [ERROR] Cohere API Error: HTTPSConnectionPool(host='api.cohere.com', port=443): Read timed out. (read timeout=60)
2026-05-26 02:00:54,379 [ERROR] ❌ Cohere returned an empty response. Verify API Key limits or safety filters.
2026-05-26 02:00:54,380 [INFO] ✅ JSON store updated: /home/tomito/tomito seo (copy 1)/data/content/11586.json
2026-05-26 02:00:54,381 [INFO] ✅ movie 11586
2026-05-26 02:00:55,397 [ERROR] Cohere API Error: HTTPSConnectionPool(host='api.cohere.com', port=443): Read timed out. (read timeout=60)
2026-05-26 02:00:55,397 [ERROR] ❌ Cohere returned an empty response. Verify API Key limits or safety filters.
2026-05-26 02:00:55,406 [INFO] ✅ JSON store updated: /home/tomito/tomito seo (copy 1)/data/content/1159831.json
2026-05-26 02:00:55,406 [INFO] ✅ movie 1159831
2026-05-26 02:00:55,863 [ERROR] Cohere API Error: HTTPSConnectionPool(host='api.cohere.com', port=443): Read timed out. (read timeout=60)
2026-05-26 02:00:55,864 [ERROR] ❌ Cohere returned an empty response. Verify API Key limits or safety filters.
2026-05-26 02:00:55,865 [INFO] ✅ JSON store updated: /home/tomito/tomito seo (copy 1)/data/content/11636.json
2026-05-26 02:00:55,865 [INFO] ✅ movie 11636
2026-05-26 02:01:25,449 [ERROR] Cohere API Error: HTTPSConnectionPool(host='api.cohere.com', port=443): Read timed out. (read timeout=60)
2026-05-26 02:01:25,449 [ERROR] ❌ Cohere returned an empty response. Verify API Key limits or safety filters.
2026-05-26 02:01:25,451 [INFO] ✅ JSON store updated: /home/tomito/tomito seo (copy 1)/data/content/11652.json
2026-05-26 02:01:25,451 [INFO] ✅ movie 11652
2026-05-26 02:01:40,158 [INFO] ✅ JSON store updated: /home/tomito/tomito seo (copy 1)/data/content/1168190.json
2026-05-26 02:01:40,158 [INFO] ✅ movie 1168190
2026-05-26 02:01:45,347 [ERROR] Cohere API Error: HTTPSConnectionPool(host='api.cohere.com', port=443): Read timed out. (read timeout=60)
2026-05-26 02:01:45,347 [ERROR] ❌ Cohere returned an empty response. Verify API Key limits or safety filters.
2026-05-26 02:01:45,348 [INFO] ✅ JSON store updated: /home/tomito/tomito seo (copy 1)/data/content/11661.json
2026-05-26 02:01:45,348 [INFO] ✅ movie 11661
2026-05-26 02:01:53,568 [ERROR] Cohere API Error: HTTPSConnectionPool(host='api.cohere.com', port=443): Read timed out. (read timeout=60)
2026-05-26 02:01:53,568 [ERROR] ❌ Cohere returned an empty response. Verify API Key limits or safety filters.
2026-05-26 02:01:53,569 [INFO] ✅ JSON store updated: /home/tomito/tomito seo (copy 1)/data/content/1167307.json
2026-05-26 02:01:53,570 [INFO] ✅ movie 1167307
2026-05-26 02:01:56,034 [INFO] ✅ JSON store updated: /home/tomito/tomito seo (copy 1)/data/content/1174024.json
2026-05-26 02:01:56,034 [INFO] ✅ movie 1174024
2026-05-26 02:02:00,584 [INFO] ✅ JSON store updated: /home/tomito/tomito seo (copy 1)/data/content/1175942.json
2026-05-26 02:02:00,585 [INFO] ✅ movie 1175942
2026-05-26 02:02:00,743 [ERROR] Cohere API Error: HTTPSConnectionPool(host='api.cohere.com', port=443): Read timed out. (read timeout=60)
2026-05-26 02:02:00,743 [ERROR] ❌ Cohere returned an empty response. Verify API Key limits or safety filters.
2026-05-26 02:02:00,744 [INFO] ✅ JSON store updated: /home/tomito/tomito seo (copy 1)/data/content/11674.json
2026-05-26 02:02:00,744 [INFO] ✅ movie 11674
2026-05-26 02:02:00,751 [INFO] 💾 Index saved — 140 / 1936 done
2026-05-26 02:02:02,047 [ERROR] Cohere API Error: HTTPSConnectionPool(host='api.cohere.com', port=443): Read timed out. (read timeout=60)
2026-05-26 02:02:02,047 [ERROR] ❌ Cohere returned an empty response. Verify API Key limits or safety filters.
2026-05-26 02:02:02,049 [INFO] ✅ JSON store updated: /home/tomito/tomito seo (copy 1)/data/content/11688.json
2026-05-26 02:02:02,049 [INFO] ✅ movie 11688
2026-05-26 02:02:10,126 [INFO] ✅ JSON store updated: /home/tomito/tomito seo (copy 1)/data/content/11782.json
2026-05-26 02:02:10,127 [INFO] ✅ movie 11782
2026-05-26 02:02:17,672 [INFO] ✅ JSON store updated: /home/tomito/tomito seo (copy 1)/data/content/1180831.json
2026-05-26 02:02:17,672 [INFO] ✅ movie 1180831
2026-05-26 02:02:20,082 [INFO] ✅ JSON store updated: /home/tomito/tomito seo (copy 1)/data/content/11808.json
2026-05-26 02:02:20,082 [INFO] ✅ movie 11808
2026-05-26 02:02:29,219 [ERROR] Cohere API Error: HTTPSConnectionPool(host='api.cohere.com', port=443): Read timed out. (read timeout=60)
2026-05-26 02:02:29,219 [ERROR] ❌ Cohere returned an empty response. Verify API Key limits or safety filters.
2026-05-26 02:02:29,221 [INFO] ✅ JSON store updated: /home/tomito/tomito seo (copy 1)/data/content/1171145.json
2026-05-26 02:02:29,221 [INFO] ✅ movie 1171145
2026-05-26 02:02:31,670 [INFO] ✅ JSON store updated: /home/tomito/tomito seo (copy 1)/data/content/1184918.json
2026-05-26 02:02:31,670 [INFO] ✅ movie 1184918
2026-05-26 02:02:44,647 [INFO] ✅ JSON store updated: /home/tomito/tomito seo (copy 1)/data/content/11970.json
2026-05-26 02:02:44,648 [INFO] ✅ movie 11970
2026-05-26 02:02:44,697 [INFO] ✅ JSON store updated: /home/tomito/tomito seo (copy 1)/data/content/1196067.json
2026-05-26 02:02:44,698 [INFO] ✅ movie 1196067
2026-05-26 02:02:56,648 [ERROR] Cohere API Error: HTTPSConnectionPool(host='api.cohere.com', port=443): Read timed out. (read timeout=60)
2026-05-26 02:02:56,648 [ERROR] ❌ Cohere returned an empty response. Verify API Key limits or safety filters.
2026-05-26 02:02:56,650 [INFO] ✅ JSON store updated: /home/tomito/tomito seo (copy 1)/data/content/11770.json
2026-05-26 02:02:56,651 [INFO] ✅ movie 11770
2026-05-26 02:03:04,195 [ERROR] Cohere API Error: HTTPSConnectionPool(host='api.cohere.com', port=443): Read timed out. (read timeout=60)
2026-05-26 02:03:04,195 [ERROR] ❌ Cohere returned an empty response. Verify API Key limits or safety filters.
2026-05-26 02:03:04,198 [INFO] ✅ JSON store updated: /home/tomito/tomito seo (copy 1)/data/content/118.json
2026-05-26 02:03:04,198 [INFO] ✅ movie 118
2026-05-26 02:03:13,071 [ERROR] Cohere API Error: HTTPSConnectionPool(host='api.cohere.com', port=443): Read timed out. (read timeout=60)
2026-05-26 02:03:13,071 [ERROR] ❌ Cohere returned an empty response. Verify API Key limits or safety filters.
2026-05-26 02:03:13,072 [INFO] ✅ JSON store updated: /home/tomito/tomito seo (copy 1)/data/content/118340.json
2026-05-26 02:03:13,073 [INFO] ✅ movie 118340
2026-05-26 02:03:23,543 [ERROR] Cohere API Error: HTTPSConnectionPool(host='api.cohere.com', port=443): Read timed out. (read timeout=60)
2026-05-26 02:03:23,543 [ERROR] ❌ Cohere returned an empty response. Verify API Key limits or safety filters.
2026-05-26 02:03:23,544 [INFO] ✅ JSON store updated: /home/tomito/tomito seo (copy 1)/data/content/1193501.json
2026-05-26 02:03:23,544 [INFO] ✅ movie 1193501
2026-05-26 02:03:28,892 [INFO] ✅ JSON store updated: /home/tomito/tomito seo (copy 1)/data/content/120.json
2026-05-26 02:03:28,893 [INFO] ✅ movie 120
2026-05-26 02:03:45,496 [INFO] ✅ JSON store updated: /home/tomito/tomito seo (copy 1)/data/content/12092.json
2026-05-26 02:03:45,497 [INFO] ✅ movie 12092
2026-05-26 02:03:47,607 [ERROR] Cohere API Error: HTTPSConnectionPool(host='api.cohere.com', port=443): Read timed out. (read timeout=60)
2026-05-26 02:03:47,607 [ERROR] ❌ Cohere returned an empty response. Verify API Key limits or safety filters.
2026-05-26 02:03:47,609 [INFO] ✅ JSON store updated: /home/tomito/tomito seo (copy 1)/data/content/1197137.json
2026-05-26 02:03:47,609 [INFO] ✅ movie 1197137
2026-05-26 02:03:48,027 [ERROR] Cohere API Error: HTTPSConnectionPool(host='api.cohere.com', port=443): Read timed out. (read timeout=60)
2026-05-26 02:03:48,027 [ERROR] ❌ Cohere returned an empty response. Verify API Key limits or safety filters.
2026-05-26 02:03:48,029 [INFO] ✅ JSON store updated: /home/tomito/tomito seo (copy 1)/data/content/1197306.json
2026-05-26 02:03:48,029 [INFO] ✅ movie 1197306
2026-05-26 02:04:00,433 [INFO] ✅ JSON store updated: /home/tomito/tomito seo (copy 1)/data/content/1213898.json
2026-05-26 02:04:00,434 [INFO] ✅ movie 1213898
2026-05-26 02:04:00,775 [ERROR] Cohere API Error: HTTPSConnectionPool(host='api.cohere.com', port=443): Read timed out. (read timeout=60)
2026-05-26 02:04:00,775 [ERROR] ❌ Cohere returned an empty response. Verify API Key limits or safety filters.
2026-05-26 02:04:00,777 [INFO] ✅ JSON store updated: /home/tomito/tomito seo (copy 1)/data/content/1198994.json
2026-05-26 02:04:00,778 [INFO] ✅ movie 1198994
2026-05-26 02:04:00,907 [INFO] ✅ JSON store updated: /home/tomito/tomito seo (copy 1)/data/content/121.json
2026-05-26 02:04:00,908 [INFO] ✅ movie 121
2026-05-26 02:04:07,975 [ERROR] Cohere API Error: HTTPSConnectionPool(host='api.cohere.com', port=443): Read timed out. (read timeout=60)
2026-05-26 02:04:07,975 [ERROR] ❌ Cohere returned an empty response. Verify API Key limits or safety filters.
2026-05-26 02:04:07,977 [INFO] ✅ JSON store updated: /home/tomito/tomito seo (copy 1)/data/content/12.json
2026-05-26 02:04:07,977 [INFO] ✅ movie 12
2026-05-26 02:04:07,990 [INFO] 💾 Index saved — 160 / 1936 done
2026-05-26 02:04:11,932 [INFO] ✅ JSON store updated: /home/tomito/tomito seo (copy 1)/data/content/12155.json
2026-05-26 02:04:11,932 [INFO] ✅ movie 12155
2026-05-26 02:04:25,196 [INFO] ✅ JSON store updated: /home/tomito/tomito seo (copy 1)/data/content/1220522.json
2026-05-26 02:04:25,197 [INFO] ✅ movie 1220522
2026-05-26 02:04:26,299 [ERROR] Cohere API Error: HTTPSConnectionPool(host='api.cohere.com', port=443): Read timed out. (read timeout=60)
2026-05-26 02:04:26,299 [ERROR] ❌ Cohere returned an empty response. Verify API Key limits or safety filters.
2026-05-26 02:04:26,301 [INFO] ✅ JSON store updated: /home/tomito/tomito seo (copy 1)/data/content/1207162.json
2026-05-26 02:04:26,301 [INFO] ✅ movie 1207162
2026-05-26 02:04:42,960 [INFO] ✅ JSON store updated: /home/tomito/tomito seo (copy 1)/data/content/1220564.json
2026-05-26 02:04:42,960 [INFO] ✅ movie 1220564
2026-05-26 02:04:43,233 [INFO] ✅ JSON store updated: /home/tomito/tomito seo (copy 1)/data/content/1223601.json
2026-05-26 02:04:43,233 [INFO] ✅ movie 1223601
2026-05-26 02:04:51,651 [ERROR] Cohere API Error: HTTPSConnectionPool(host='api.cohere.com', port=443): Read timed out. (read timeout=60)
2026-05-26 02:04:51,651 [ERROR] ❌ Cohere returned an empty response. Verify API Key limits or safety filters.
2026-05-26 02:04:51,652 [INFO] ✅ JSON store updated: /home/tomito/tomito seo (copy 1)/data/content/1214931.json
2026-05-26 02:04:51,653 [INFO] ✅ movie 1214931
2026-05-26 02:04:58,524 [INFO] ✅ JSON store updated: /home/tomito/tomito seo (copy 1)/data/content/1226578.json
2026-05-26 02:04:58,525 [INFO] ✅ movie 1226578
2026-05-26 02:04:58,946 [INFO] ✅ JSON store updated: /home/tomito/tomito seo (copy 1)/data/content/1226863.json
2026-05-26 02:04:58,946 [INFO] ✅ movie 1226863
2026-05-26 02:05:05,251 [ERROR] Cohere API Error: HTTPSConnectionPool(host='api.cohere.com', port=443): Read timed out. (read timeout=60)
2026-05-26 02:05:05,251 [ERROR] ❌ Cohere returned an empty response. Verify API Key limits or safety filters.
2026-05-26 02:05:05,253 [INFO] ✅ JSON store updated: /home/tomito/tomito seo (copy 1)/data/content/122.json
2026-05-26 02:05:05,253 [INFO] ✅ movie 122
2026-05-26 02:05:05,347 [ERROR] Cohere API Error: HTTPSConnectionPool(host='api.cohere.com', port=443): Read timed out. (read timeout=60)
2026-05-26 02:05:05,347 [ERROR] ❌ Cohere returned an empty response. Verify API Key limits or safety filters.
2026-05-26 02:05:05,349 [INFO] ✅ JSON store updated: /home/tomito/tomito seo (copy 1)/data/content/1218925.json
2026-05-26 02:05:05,349 [INFO] ✅ movie 1218925
2026-05-26 02:05:06,179 [INFO] ✅ JSON store updated: /home/tomito/tomito seo (copy 1)/data/content/1228246.json
2026-05-26 02:05:06,179 [INFO] ✅ movie 1228246
2026-05-26 02:05:10,791 [ERROR] Cohere API Error: HTTPSConnectionPool(host='api.cohere.com', port=443): Read timed out. (read timeout=60)
2026-05-26 02:05:10,791 [ERROR] ❌ Cohere returned an empty response. Verify API Key limits or safety filters.
2026-05-26 02:05:10,792 [INFO] ✅ JSON store updated: /home/tomito/tomito seo (copy 1)/data/content/12201.json
2026-05-26 02:05:10,792 [INFO] ✅ movie 12201
2026-05-26 02:05:11,890 [INFO] ✅ JSON store updated: /home/tomito/tomito seo (copy 1)/data/content/1228710.json
2026-05-26 02:05:11,891 [INFO] ✅ movie 1228710
2026-05-26 02:05:12,715 [INFO] ✅ JSON store updated: /home/tomito/tomito seo (copy 1)/data/content/122917.json
2026-05-26 02:05:12,715 [INFO] ✅ movie 122917
2026-05-26 02:05:19,241 [INFO] ✅ JSON store updated: /home/tomito/tomito seo (copy 1)/data/content/123115.json
2026-05-26 02:05:19,241 [INFO] ✅ movie 123115
2026-05-26 02:05:21,706 [INFO] ✅ JSON store updated: /home/tomito/tomito seo (copy 1)/data/content/1233413.json
2026-05-26 02:05:21,706 [INFO] ✅ movie 1233413
2026-05-26 02:05:25,113 [INFO] ✅ JSON store updated: /home/tomito/tomito seo (copy 1)/data/content/1234731.json
2026-05-26 02:05:25,114 [INFO] ✅ movie 1234731
2026-05-26 02:05:35,901 [INFO] ✅ JSON store updated: /home/tomito/tomito seo (copy 1)/data/content/12405.json
2026-05-26 02:05:35,901 [INFO] ✅ movie 12405
2026-05-26 02:05:38,546 [INFO] ✅ JSON store updated: /home/tomito/tomito seo (copy 1)/data/content/1241470.json
2026-05-26 02:05:38,547 [INFO] ✅ movie 1241470
2026-05-26 02:05:50,102 [INFO] ✅ JSON store updated: /home/tomito/tomito seo (copy 1)/data/content/1241982.json
2026-05-26 02:05:50,103 [INFO] ✅ movie 1241982
2026-05-26 02:05:50,114 [INFO] 💾 Index saved — 180 / 1936 done
2026-05-26 02:05:50,710 [INFO] ✅ JSON store updated: /home/tomito/tomito seo (copy 1)/data/content/1242332.json
2026-05-26 02:05:50,710 [INFO] ✅ movie 1242332
2026-05-26 02:06:04,304 [INFO] ✅ JSON store updated: /home/tomito/tomito seo (copy 1)/data/content/1242501.json
2026-05-26 02:06:04,305 [INFO] ✅ movie 1242501
2026-05-26 02:06:07,799 [ERROR] Cohere API Error: HTTPSConnectionPool(host='api.cohere.com', port=443): Read timed out. (read timeout=60)
2026-05-26 02:06:07,799 [ERROR] ❌ Cohere returned an empty response. Verify API Key limits or safety filters.
2026-05-26 02:06:07,805 [INFO] ✅ JSON store updated: /home/tomito/tomito seo (copy 1)/data/content/122973.json
2026-05-26 02:06:07,805 [INFO] ✅ movie 122973
2026-05-26 02:06:16,511 [ERROR] Cohere API Error: HTTPSConnectionPool(host='api.cohere.com', port=443): Read timed out. (read timeout=60)
2026-05-26 02:06:16,511 [ERROR] ❌ Cohere returned an empty response. Verify API Key limits or safety filters.
2026-05-26 02:06:16,513 [INFO] ✅ JSON store updated: /home/tomito/tomito seo (copy 1)/data/content/1234821.json
2026-05-26 02:06:16,513 [INFO] ✅ movie 1234821
2026-05-26 02:06:17,031 [ERROR] Cohere API Error: HTTPSConnectionPool(host='api.cohere.com', port=443): Read timed out. (read timeout=60)
2026-05-26 02:06:17,031 [ERROR] ❌ Cohere returned an empty response. Verify API Key limits or safety filters.
2026-05-26 02:06:17,033 [INFO] ✅ JSON store updated: /home/tomito/tomito seo (copy 1)/data/content/1235877.json
2026-05-26 02:06:17,033 [INFO] ✅ movie 1235877
2026-05-26 02:06:17,960 [INFO] ✅ JSON store updated: /home/tomito/tomito seo (copy 1)/data/content/1242898.json
2026-05-26 02:06:17,961 [INFO] ✅ movie 1242898
2026-05-26 02:06:22,237 [INFO] ✅ JSON store updated: /home/tomito/tomito seo (copy 1)/data/content/1243741.json
2026-05-26 02:06:22,237 [INFO] ✅ movie 1243741
2026-05-26 02:06:23,555 [ERROR] Cohere API Error: HTTPSConnectionPool(host='api.cohere.com', port=443): Read timed out. (read timeout=60)
2026-05-26 02:06:23,555 [ERROR] ❌ Cohere returned an empty response. Verify API Key limits or safety filters.
2026-05-26 02:06:23,557 [INFO] ✅ JSON store updated: /home/tomito/tomito seo (copy 1)/data/content/1236153.json
2026-05-26 02:06:23,557 [INFO] ✅ movie 1236153
2026-05-26 02:06:33,243 [INFO] ✅ JSON store updated: /home/tomito/tomito seo (copy 1)/data/content/1242419.json
2026-05-26 02:06:33,243 [INFO] ✅ movie 1242419
2026-05-26 02:06:35,213 [INFO] ✅ JSON store updated: /home/tomito/tomito seo (copy 1)/data/content/12445.json
2026-05-26 02:06:35,213 [INFO] ✅ movie 12445
2026-05-26 02:06:37,591 [INFO] ✅ JSON store updated: /home/tomito/tomito seo (copy 1)/data/content/12444.json
2026-05-26 02:06:37,592 [INFO] ✅ movie 12444
2026-05-26 02:06:39,895 [INFO] ✅ JSON store updated: /home/tomito/tomito seo (copy 1)/data/content/12493.json
2026-05-26 02:06:39,896 [INFO] ✅ movie 12493
2026-05-26 02:06:40,618 [INFO] ✅ JSON store updated: /home/tomito/tomito seo (copy 1)/data/content/1248226.json
2026-05-26 02:06:40,619 [INFO] ✅ movie 1248226
2026-05-26 02:06:47,847 [INFO] ✅ JSON store updated: /home/tomito/tomito seo (copy 1)/data/content/1246049.json
2026-05-26 02:06:47,848 [INFO] ✅ movie 1246049
2026-05-26 02:06:48,016 [INFO] ✅ JSON store updated: /home/tomito/tomito seo (copy 1)/data/content/12613.json
2026-05-26 02:06:48,016 [INFO] ✅ movie 12613
2026-05-26 02:06:55,146 [INFO] ✅ JSON store updated: /home/tomito/tomito seo (copy 1)/data/content/1265.json
2026-05-26 02:06:55,146 [INFO] ✅ movie 1265
2026-05-26 02:07:02,192 [INFO] ✅ JSON store updated: /home/tomito/tomito seo (copy 1)/data/content/1267319.json
2026-05-26 02:07:02,192 [INFO] ✅ movie 1267319
2026-05-26 02:07:12,182 [INFO] ✅ JSON store updated: /home/tomito/tomito seo (copy 1)/data/content/1268127.json
2026-05-26 02:07:12,182 [INFO] ✅ movie 1268127
2026-05-26 02:07:25,918 [INFO] ✅ JSON store updated: /home/tomito/tomito seo (copy 1)/data/content/1272837.json
2026-05-26 02:07:25,918 [INFO] ✅ movie 1272837
2026-05-26 02:07:29,766 [INFO] ✅ JSON store updated: /home/tomito/tomito seo (copy 1)/data/content/1271895.json
2026-05-26 02:07:29,766 [INFO] ✅ movie 1271895
2026-05-26 02:07:29,776 [INFO] 💾 Index saved — 200 / 1936 done
2026-05-26 02:07:31,026 [INFO] ✅ JSON store updated: /home/tomito/tomito seo (copy 1)/data/content/1252037.json
2026-05-26 02:07:31,027 [INFO] ✅ movie 1252037
2026-05-26 02:07:42,916 [INFO] ✅ JSON store updated: /home/tomito/tomito seo (copy 1)/data/content/1266992.json
2026-05-26 02:07:42,916 [INFO] ✅ movie 1266992
2026-05-26 02:07:43,027 [INFO] ✅ JSON store updated: /home/tomito/tomito seo (copy 1)/data/content/127380.json
2026-05-26 02:07:43,028 [INFO] ✅ movie 127380
2026-05-26 02:07:43,791 [ERROR] Cohere API Error: HTTPSConnectionPool(host='api.cohere.com', port=443): Read timed out. (read timeout=60)
2026-05-26 02:07:43,791 [ERROR] ❌ Cohere returned an empty response. Verify API Key limits or safety filters.
2026-05-26 02:07:43,792 [INFO] ✅ JSON store updated: /home/tomito/tomito seo (copy 1)/data/content/1265609.json
2026-05-26 02:07:43,792 [INFO] ✅ movie 1265609
2026-05-26 02:07:44,279 [INFO] ✅ JSON store updated: /home/tomito/tomito seo (copy 1)/data/content/1266127.json
2026-05-26 02:07:44,279 [INFO] ✅ movie 1266127
2026-05-26 02:07:44,534 [INFO] ✅ JSON store updated: /home/tomito/tomito seo (copy 1)/data/content/1280282.json
2026-05-26 02:07:44,535 [INFO] ✅ movie 1280282
2026-05-26 02:07:54,700 [INFO] ✅ JSON store updated: /home/tomito/tomito seo (copy 1)/data/content/128.json
2026-05-26 02:07:54,701 [INFO] ✅ movie 128
2026-05-26 02:07:56,899 [INFO] ✅ JSON store updated: /home/tomito/tomito seo (copy 1)/data/content/1284120.json
2026-05-26 02:07:56,899 [INFO] ✅ movie 1284120
2026-05-26 02:07:57,505 [INFO] ✅ JSON store updated: /home/tomito/tomito seo (copy 1)/data/content/129.json
2026-05-26 02:07:57,505 [INFO] ✅ movie 129
2026-05-26 02:08:01,131 [INFO] ✅ JSON store updated: /home/tomito/tomito seo (copy 1)/data/content/1280738.json
2026-05-26 02:08:01,131 [INFO] ✅ movie 1280738
2026-05-26 02:08:01,709 [INFO] ✅ JSON store updated: /home/tomito/tomito seo (copy 1)/data/content/1287322.json
2026-05-26 02:08:01,709 [INFO] ✅ movie 1287322
2026-05-26 02:08:02,753 [INFO] ✅ JSON store updated: /home/tomito/tomito seo (copy 1)/data/content/1288445.json
2026-05-26 02:08:02,754 [INFO] ✅ movie 1288445
2026-05-26 02:08:13,206 [INFO] ✅ JSON store updated: /home/tomito/tomito seo (copy 1)/data/content/1290432.json
2026-05-26 02:08:13,207 [INFO] ✅ movie 1290432
2026-05-26 02:08:13,733 [INFO] ✅ JSON store updated: /home/tomito/tomito seo (copy 1)/data/content/1290417.json
2026-05-26 02:08:13,733 [INFO] ✅ movie 1290417
2026-05-26 02:08:16,120 [INFO] ✅ JSON store updated: /home/tomito/tomito seo (copy 1)/data/content/1292415.json
2026-05-26 02:08:16,120 [INFO] ✅ movie 1292415
2026-05-26 02:08:16,316 [INFO] ✅ JSON store updated: /home/tomito/tomito seo (copy 1)/data/content/1291608.json
2026-05-26 02:08:16,316 [INFO] ✅ movie 1291608
2026-05-26 02:08:17,459 [INFO] ✅ JSON store updated: /home/tomito/tomito seo (copy 1)/data/content/1290821.json
2026-05-26 02:08:17,459 [INFO] ✅ movie 1290821
2026-05-26 02:08:21,735 [INFO] ✅ JSON store updated: /home/tomito/tomito seo (copy 1)/data/content/1290879.json
2026-05-26 02:08:21,735 [INFO] ✅ movie 1290879
2026-05-26 02:08:26,637 [INFO] ✅ JSON store updated: /home/tomito/tomito seo (copy 1)/data/content/1297842.json
2026-05-26 02:08:26,638 [INFO] ✅ movie 1297842
2026-05-26 02:08:30,159 [INFO] ✅ JSON store updated: /home/tomito/tomito seo (copy 1)/data/content/1292695.json
2026-05-26 02:08:30,159 [INFO] ✅ movie 1292695
2026-05-26 02:08:30,172 [INFO] 💾 Index saved — 220 / 1936 done
2026-05-26 02:08:31,839 [INFO] ✅ JSON store updated: /home/tomito/tomito seo (copy 1)/data/content/13.json
2026-05-26 02:08:31,840 [INFO] ✅ movie 13
2026-05-26 02:08:32,601 [INFO] ✅ JSON store updated: /home/tomito/tomito seo (copy 1)/data/content/1301421.json
2026-05-26 02:08:32,602 [INFO] ✅ movie 1301421
2026-05-26 02:08:36,136 [INFO] ✅ JSON store updated: /home/tomito/tomito seo (copy 1)/data/content/1304313.json
2026-05-26 02:08:36,136 [INFO] ✅ movie 1304313
2026-05-26 02:08:39,316 [WARNING] ⚠️ Rate limit hit on key index 3. Switching to next key...
2026-05-26 02:08:40,586 [WARNING] ⚠️ Rate limit hit on key index 4. Switching to next key...
2026-05-26 02:08:42,935 [WARNING] ⚠️ Rate limit hit on key index 5. Switching to next key...
2026-05-26 02:08:43,175 [WARNING] ⚠️ Rate limit hit on key index 0. Switching to next key...
2026-05-26 02:08:45,079 [INFO] ✅ JSON store updated: /home/tomito/tomito seo (copy 1)/data/content/1306368.json
2026-05-26 02:08:45,079 [INFO] ✅ movie 1306368
2026-05-26 02:08:45,835 [WARNING] ⚠️ Error (401) hit on key index 1. Switching to next key...
2026-05-26 02:08:46,231 [INFO] ✅ JSON store updated: /home/tomito/tomito seo (copy 1)/data/content/1307373.json
2026-05-26 02:08:46,231 [INFO] ✅ movie 1307373
2026-05-26 02:08:46,730 [WARNING] ⚠️ Rate limit hit on key index 2. Switching to next key...
2026-05-26 02:08:46,965 [WARNING] ⚠️ Error (401) hit on key index 3. Switching to next key...
2026-05-26 02:08:49,367 [WARNING] ⚠️ Rate limit hit on key index 4. Switching to next key...
2026-05-26 02:08:49,988 [INFO] ✅ JSON store updated: /home/tomito/tomito seo (copy 1)/data/content/1311031.json
2026-05-26 02:08:49,989 [INFO] ✅ movie 1311031
2026-05-26 02:08:55,553 [INFO] ✅ JSON store updated: /home/tomito/tomito seo (copy 1)/data/content/131631.json
2026-05-26 02:08:55,553 [INFO] ✅ movie 131631
2026-05-26 02:08:57,064 [INFO] ✅ JSON store updated: /home/tomito/tomito seo (copy 1)/data/content/1314481.json
2026-05-26 02:08:57,065 [INFO] ✅ movie 1314481
2026-05-26 02:08:58,082 [INFO] ✅ JSON store updated: /home/tomito/tomito seo (copy 1)/data/content/1305781.json
2026-05-26 02:08:58,085 [INFO] ✅ movie 1305781
2026-05-26 02:08:58,361 [WARNING] ⚠️ Rate limit hit on key index 5. Switching to next key...
2026-05-26 02:08:59,539 [WARNING] ⚠️ Rate limit hit on key index 0. Switching to next key...
2026-05-26 02:09:00,305 [INFO] ✅ JSON store updated: /home/tomito/tomito seo (copy 1)/data/content/1316092.json
2026-05-26 02:09:00,306 [INFO] ✅ movie 1316092
2026-05-26 02:09:00,963 [WARNING] ⚠️ Error (401) hit on key index 1. Switching to next key...
2026-05-26 02:09:01,179 [WARNING] ⚠️ Error (401) hit on key index 2. Switching to next key...
2026-05-26 02:09:01,455 [WARNING] ⚠️ Rate limit hit on key index 3. Switching to next key...
2026-05-26 02:09:01,661 [WARNING] ⚠️ Rate limit hit on key index 4. Switching to next key...
2026-05-26 02:09:02,632 [WARNING] ⚠️ Rate limit hit on key index 5. Switching to next key...
2026-05-26 02:09:03,525 [INFO] ✅ JSON store updated: /home/tomito/tomito seo (copy 1)/data/content/1317288.json
2026-05-26 02:09:03,525 [INFO] ✅ movie 1317288
2026-05-26 02:09:03,633 [WARNING] ⚠️ Rate limit hit on key index 0. Switching to next key...
2026-05-26 02:09:04,513 [WARNING] ⚠️ Rate limit hit on key index 1. Switching to next key...
2026-05-26 02:09:05,124 [WARNING] ⚠️ Rate limit hit on key index 2. Switching to next key...
2026-05-26 02:09:05,335 [WARNING] ⚠️ Error (401) hit on key index 3. Switching to next key...
2026-05-26 02:09:06,299 [WARNING] ⚠️ Rate limit hit on key index 4. Switching to next key...
2026-05-26 02:09:06,541 [WARNING] ⚠️ Rate limit hit on key index 5. Switching to next key...
2026-05-26 02:09:06,986 [WARNING] ⚠️ Rate limit hit on key index 0. Switching to next key...
2026-05-26 02:09:07,399 [WARNING] ⚠️ Rate limit hit on key index 1. Switching to next key...
2026-05-26 02:09:07,568 [WARNING] ⚠️ Error (401) hit on key index 2. Switching to next key...
2026-05-26 02:09:08,017 [WARNING] ⚠️ Rate limit hit on key index 3. Switching to next key...
2026-05-26 02:09:09,516 [WARNING] ⚠️ Rate limit hit on key index 4. Switching to next key...
2026-05-26 02:09:10,045 [WARNING] ⚠️ Rate limit hit on key index 5. Switching to next key...
2026-05-26 02:09:10,748 [WARNING] ⚠️ Rate limit hit on key index 0. Switching to next key...
2026-05-26 02:09:11,517 [WARNING] ⚠️ Rate limit hit on key index 1. Switching to next key...
2026-05-26 02:09:12,023 [WARNING] ⚠️ Rate limit hit on key index 2. Switching to next key...
2026-05-26 02:09:13,222 [WARNING] ⚠️ Rate limit hit on key index 3. Switching to next key...
2026-05-26 02:09:13,518 [ERROR] ❌ All Cohere API keys exhausted or rate limited.
2026-05-26 02:09:13,519 [ERROR] ❌ Cohere returned an empty response. Verify API Key limits or safety filters.
2026-05-26 02:09:13,520 [INFO] ✅ JSON store updated: /home/tomito/tomito seo (copy 1)/data/content/13179.json
2026-05-26 02:09:13,520 [INFO] ✅ movie 13179
2026-05-26 02:09:15,064 [WARNING] ⚠️ Rate limit hit on key index 4. Switching to next key...
2026-05-26 02:09:17,117 [INFO] ✅ JSON store updated: /home/tomito/tomito seo (copy 1)/data/content/1317448.json
2026-05-26 02:09:17,118 [INFO] ✅ movie 1317448
2026-05-26 02:09:17,302 [WARNING] ⚠️ Rate limit hit on key index 5. Switching to next key...
2026-05-26 02:09:18,057 [WARNING] ⚠️ Rate limit hit on key index 0. Switching to next key...
2026-05-26 02:09:18,104 [WARNING] ⚠️ Rate limit hit on key index 1. Switching to next key...
2026-05-26 02:09:20,107 [ERROR] ❌ All Cohere API keys exhausted or rate limited.
2026-05-26 02:09:20,107 [ERROR] ❌ Cohere returned an empty response. Verify API Key limits or safety filters.
2026-05-26 02:09:20,109 [INFO] ✅ JSON store updated: /home/tomito/tomito seo (copy 1)/data/content/13192.json
2026-05-26 02:09:20,109 [INFO] ✅ movie 13192
2026-05-26 02:09:21,112 [INFO] ✅ JSON store updated: /home/tomito/tomito seo (copy 1)/data/content/1318447.json
2026-05-26 02:09:21,113 [INFO] ✅ movie 1318447
2026-05-26 02:09:22,687 [ERROR] Cohere API Error: HTTPSConnectionPool(host='api.cohere.com', port=443): Read timed out. (read timeout=60)
2026-05-26 02:09:22,687 [ERROR] ❌ Cohere returned an empty response. Verify API Key limits or safety filters.
2026-05-26 02:09:22,690 [INFO] ✅ JSON store updated: /home/tomito/tomito seo (copy 1)/data/content/1300968.json
2026-05-26 02:09:22,690 [INFO] ✅ movie 1300968
2026-05-26 02:09:25,264 [WARNING] ⚠️ Rate limit hit on key index 2. Switching to next key...
2026-05-26 02:09:25,994 [WARNING] ⚠️ Rate limit hit on key index 3. Switching to next key...
2026-05-26 02:09:28,622 [WARNING] ⚠️ Rate limit hit on key index 4. Switching to next key...
2026-05-26 02:09:28,873 [INFO] ✅ JSON store updated: /home/tomito/tomito seo (copy 1)/data/content/1325734.json
2026-05-26 02:09:28,873 [INFO] ✅ movie 1325734
2026-05-26 02:09:29,797 [INFO] ✅ JSON store updated: /home/tomito/tomito seo (copy 1)/data/content/13223.json
2026-05-26 02:09:29,798 [INFO] ✅ movie 13223
2026-05-26 02:09:31,211 [INFO] ✅ JSON store updated: /home/tomito/tomito seo (copy 1)/data/content/1322752.json
2026-05-26 02:09:31,212 [INFO] ✅ movie 1322752
2026-05-26 02:09:31,895 [INFO] ✅ JSON store updated: /home/tomito/tomito seo (copy 1)/data/content/1327819.json
2026-05-26 02:09:31,896 [INFO] ✅ movie 1327819
2026-05-26 02:09:31,907 [INFO] 💾 Index saved — 240 / 1936 done
2026-05-26 02:09:32,200 [WARNING] ⚠️ Rate limit hit on key index 5. Switching to next key...
2026-05-26 02:09:32,335 [WARNING] ⚠️ Rate limit hit on key index 0. Switching to next key...
2026-05-26 02:09:33,855 [WARNING] ⚠️ Error (401) hit on key index 1. Switching to next key...
2026-05-26 02:09:34,375 [WARNING] ⚠️ Rate limit hit on key index 2. Switching to next key...
2026-05-26 02:09:35,229 [WARNING] ⚠️ Rate limit hit on key index 3. Switching to next key...
2026-05-26 02:09:35,421 [WARNING] ⚠️ Rate limit hit on key index 4. Switching to next key...
2026-05-26 02:09:35,524 [INFO] ✅ JSON store updated: /home/tomito/tomito seo (copy 1)/data/content/1327881.json
2026-05-26 02:09:35,525 [INFO] ✅ movie 1327881
2026-05-26 02:09:36,059 [WARNING] ⚠️ Rate limit hit on key index 5. Switching to next key...
2026-05-26 02:09:36,304 [WARNING] ⚠️ Rate limit hit on key index 0. Switching to next key...
2026-05-26 02:09:36,780 [WARNING] ⚠️ Error (401) hit on key index 1. Switching to next key...
2026-05-26 02:09:38,656 [WARNING] ⚠️ Rate limit hit on key index 2. Switching to next key...
2026-05-26 02:09:39,343 [WARNING] ⚠️ Rate limit hit on key index 3. Switching to next key...
2026-05-26 02:09:39,927 [WARNING] ⚠️ Rate limit hit on key index 4. Switching to next key...
2026-05-26 02:09:41,638 [WARNING] ⚠️ Rate limit hit on key index 5. Switching to next key...
2026-05-26 02:09:41,794 [WARNING] ⚠️ Rate limit hit on key index 0. Switching to next key...
2026-05-26 02:09:42,776 [WARNING] ⚠️ Error (401) hit on key index 1. Switching to next key...
2026-05-26 02:09:43,201 [WARNING] ⚠️ Rate limit hit on key index 2. Switching to next key...
2026-05-26 02:09:44,392 [WARNING] ⚠️ Rate limit hit on key index 3. Switching to next key...
2026-05-26 02:09:44,768 [WARNING] ⚠️ Rate limit hit on key index 4. Switching to next key...
2026-05-26 02:09:44,915 [INFO] ✅ JSON store updated: /home/tomito/tomito seo (copy 1)/data/content/1336770.json
2026-05-26 02:09:44,916 [INFO] ✅ movie 1336770
2026-05-26 02:09:46,720 [WARNING] ⚠️ Rate limit hit on key index 5. Switching to next key...
2026-05-26 02:09:46,828 [INFO] ✅ JSON store updated: /home/tomito/tomito seo (copy 1)/data/content/13413.json
2026-05-26 02:09:46,828 [INFO] ✅ movie 13413
2026-05-26 02:09:46,835 [WARNING] ⚠️ Rate limit hit on key index 0. Switching to next key...
2026-05-26 02:09:47,037 [INFO] ✅ JSON store updated: /home/tomito/tomito seo (copy 1)/data/content/1328803.json
2026-05-26 02:09:47,038 [INFO] ✅ movie 1328803
2026-05-26 02:09:47,194 [WARNING] ⚠️ Rate limit hit on key index 1. Switching to next key...
2026-05-26 02:09:48,838 [ERROR] ❌ All Cohere API keys exhausted or rate limited.
2026-05-26 02:09:48,838 [ERROR] ❌ Cohere returned an empty response. Verify API Key limits or safety filters.
2026-05-26 02:09:48,840 [INFO] ✅ JSON store updated: /home/tomito/tomito seo (copy 1)/data/content/1330021.json
2026-05-26 02:09:48,840 [INFO] ✅ movie 1330021
2026-05-26 02:09:50,208 [WARNING] ⚠️ Rate limit hit on key index 2. Switching to next key...
2026-05-26 02:09:50,348 [WARNING] ⚠️ Rate limit hit on key index 3. Switching to next key...
2026-05-26 02:09:52,212 [ERROR] ❌ All Cohere API keys exhausted or rate limited.
2026-05-26 02:09:52,212 [ERROR] ❌ Cohere returned an empty response. Verify API Key limits or safety filters.
2026-05-26 02:09:52,213 [INFO] ✅ JSON store updated: /home/tomito/tomito seo (copy 1)/data/content/1339876.json
2026-05-26 02:09:52,214 [INFO] ✅ movie 1339876
2026-05-26 02:09:52,768 [WARNING] ⚠️ Rate limit hit on key index 4. Switching to next key...
2026-05-26 02:09:52,970 [WARNING] ⚠️ Rate limit hit on key index 5. Switching to next key...
2026-05-26 02:09:55,459 [WARNING] ⚠️ Rate limit hit on key index 0. Switching to next key...
2026-05-26 02:09:56,119 [WARNING] ⚠️ Rate limit hit on key index 1. Switching to next key...
2026-05-26 02:09:56,247 [INFO] ✅ JSON store updated: /home/tomito/tomito seo (copy 1)/data/content/1339713.json
2026-05-26 02:09:56,247 [INFO] ✅ movie 1339713
2026-05-26 02:09:56,654 [WARNING] ⚠️ Rate limit hit on key index 2. Switching to next key...
2026-05-26 02:09:57,903 [WARNING] ⚠️ Rate limit hit on key index 3. Switching to next key...
2026-05-26 02:09:58,433 [INFO] ✅ JSON store updated: /home/tomito/tomito seo (copy 1)/data/content/1352874.json
2026-05-26 02:09:58,433 [INFO] ✅ movie 1352874
2026-05-26 02:09:58,572 [WARNING] ⚠️ Rate limit hit on key index 4. Switching to next key...
2026-05-26 02:09:58,722 [WARNING] ⚠️ Rate limit hit on key index 5. Switching to next key...
2026-05-26 02:09:59,288 [WARNING] ⚠️ Rate limit hit on key index 0. Switching to next key...
2026-05-26 02:10:00,352 [WARNING] ⚠️ Error (401) hit on key index 1. Switching to next key...
2026-05-26 02:10:00,633 [WARNING] ⚠️ Error (401) hit on key index 2. Switching to next key...
2026-05-26 02:10:00,793 [WARNING] ⚠️ Rate limit hit on key index 3. Switching to next key...
2026-05-26 02:10:01,031 [WARNING] ⚠️ Rate limit hit on key index 4. Switching to next key...
2026-05-26 02:10:01,434 [WARNING] ⚠️ Rate limit hit on key index 5. Switching to next key...
2026-05-26 02:10:01,647 [INFO] ✅ JSON store updated: /home/tomito/tomito seo (copy 1)/data/content/1357633.json
2026-05-26 02:10:01,648 [INFO] ✅ movie 1357633
2026-05-26 02:10:02,108 [WARNING] ⚠️ Rate limit hit on key index 0. Switching to next key...
2026-05-26 02:10:02,426 [WARNING] ⚠️ Rate limit hit on key index 1. Switching to next key...
2026-05-26 02:10:02,794 [ERROR] ❌ All Cohere API keys exhausted or rate limited.
2026-05-26 02:10:02,795 [ERROR] ❌ Cohere returned an empty response. Verify API Key limits or safety filters.
2026-05-26 02:10:02,796 [INFO] ✅ JSON store updated: /home/tomito/tomito seo (copy 1)/data/content/13576.json
2026-05-26 02:10:02,797 [INFO] ✅ movie 13576
2026-05-26 02:10:03,880 [WARNING] ⚠️ Rate limit hit on key index 2. Switching to next key...
2026-05-26 02:10:03,884 [WARNING] ⚠️ Rate limit hit on key index 3. Switching to next key...
2026-05-26 02:10:04,323 [WARNING] ⚠️ Rate limit hit on key index 4. Switching to next key...
2026-05-26 02:10:04,608 [WARNING] ⚠️ Rate limit hit on key index 5. Switching to next key...
2026-05-26 02:10:04,971 [WARNING] ⚠️ Rate limit hit on key index 0. Switching to next key...
2026-05-26 02:10:05,726 [WARNING] ⚠️ Error (401) hit on key index 1. Switching to next key...
2026-05-26 02:10:06,488 [WARNING] ⚠️ Rate limit hit on key index 2. Switching to next key...
2026-05-26 02:10:06,697 [WARNING] ⚠️ Rate limit hit on key index 3. Switching to next key...
2026-05-26 02:10:07,019 [WARNING] ⚠️ Rate limit hit on key index 4. Switching to next key...
2026-05-26 02:10:07,620 [WARNING] ⚠️ Rate limit hit on key index 5. Switching to next key...
2026-05-26 02:10:08,490 [ERROR] ❌ All Cohere API keys exhausted or rate limited.
2026-05-26 02:10:08,491 [ERROR] ❌ Cohere returned an empty response. Verify API Key limits or safety filters.
2026-05-26 02:10:08,492 [INFO] ✅ JSON store updated: /home/tomito/tomito seo (copy 1)/data/content/1359.json
2026-05-26 02:10:08,492 [INFO] ✅ movie 1359
2026-05-26 02:10:09,119 [WARNING] ⚠️ Rate limit hit on key index 0. Switching to next key...
2026-05-26 02:10:09,408 [WARNING] ⚠️ Rate limit hit on key index 1. Switching to next key...
2026-05-26 02:10:11,134 [WARNING] ⚠️ Rate limit hit on key index 2. Switching to next key...
2026-05-26 02:10:11,550 [WARNING] ⚠️ Rate limit hit on key index 3. Switching to next key...
2026-05-26 02:10:11,776 [WARNING] ⚠️ Rate limit hit on key index 4. Switching to next key...
2026-05-26 02:10:13,137 [ERROR] ❌ All Cohere API keys exhausted or rate limited.
2026-05-26 02:10:13,137 [ERROR] ❌ Cohere returned an empty response. Verify API Key limits or safety filters.
2026-05-26 02:10:13,139 [INFO] ✅ JSON store updated: /home/tomito/tomito seo (copy 1)/data/content/1363123.json
2026-05-26 02:10:13,139 [INFO] ✅ movie 1363123
2026-05-26 02:10:13,165 [WARNING] ⚠️ Rate limit hit on key index 5. Switching to next key...
2026-05-26 02:10:13,551 [ERROR] ❌ All Cohere API keys exhausted or rate limited.
2026-05-26 02:10:13,552 [ERROR] ❌ Cohere returned an empty response. Verify API Key limits or safety filters.
2026-05-26 02:10:13,553 [INFO] ✅ JSON store updated: /home/tomito/tomito seo (copy 1)/data/content/1367642.json
2026-05-26 02:10:13,554 [INFO] ✅ movie 1367642
2026-05-26 02:10:13,903 [INFO] ✅ JSON store updated: /home/tomito/tomito seo (copy 1)/data/content/1375646.json
2026-05-26 02:10:13,903 [INFO] ✅ movie 1375646
2026-05-26 02:10:14,165 [INFO] ✅ JSON store updated: /home/tomito/tomito seo (copy 1)/data/content/1371185.json
2026-05-26 02:10:14,166 [INFO] ✅ movie 1371185
2026-05-26 02:10:15,168 [ERROR] ❌ All Cohere API keys exhausted or rate limited.
2026-05-26 02:10:15,168 [ERROR] ❌ Cohere returned an empty response. Verify API Key limits or safety filters.
2026-05-26 02:10:15,169 [INFO] ✅ JSON store updated: /home/tomito/tomito seo (copy 1)/data/content/1368166.json
2026-05-26 02:10:15,170 [INFO] ✅ movie 1368166
2026-05-26 02:10:15,409 [WARNING] ⚠️ Rate limit hit on key index 0. Switching to next key...
2026-05-26 02:10:18,551 [WARNING] ⚠️ Error (401) hit on key index 1. Switching to next key...
2026-05-26 02:10:19,606 [WARNING] ⚠️ Rate limit hit on key index 2. Switching to next key...
2026-05-26 02:10:20,092 [WARNING] ⚠️ Rate limit hit on key index 3. Switching to next key...
2026-05-26 02:10:20,507 [WARNING] ⚠️ Rate limit hit on key index 4. Switching to next key...
2026-05-26 02:10:22,215 [WARNING] ⚠️ Rate limit hit on key index 5. Switching to next key...
2026-05-26 02:10:22,573 [WARNING] ⚠️ Rate limit hit on key index 0. Switching to next key...
2026-05-26 02:10:23,093 [WARNING] ⚠️ Rate limit hit on key index 1. Switching to next key...
2026-05-26 02:10:24,648 [WARNING] ⚠️ Rate limit hit on key index 2. Switching to next key...
2026-05-26 02:10:25,031 [WARNING] ⚠️ Rate limit hit on key index 3. Switching to next key...
2026-05-26 02:10:25,542 [WARNING] ⚠️ Rate limit hit on key index 4. Switching to next key...
2026-05-26 02:10:27,859 [WARNING] ⚠️ Rate limit hit on key index 5. Switching to next key...
2026-05-26 02:10:28,682 [WARNING] ⚠️ Rate limit hit on key index 0. Switching to next key...
2026-05-26 02:10:29,889 [INFO] ✅ JSON store updated: /home/tomito/tomito seo (copy 1)/data/content/1382406.json
2026-05-26 02:10:29,889 [INFO] ✅ movie 1382406
2026-05-26 02:10:30,057 [INFO] ✅ JSON store updated: /home/tomito/tomito seo (copy 1)/data/content/1376434.json
2026-05-26 02:10:30,057 [INFO] ✅ movie 1376434
2026-05-26 02:10:30,519 [WARNING] ⚠️ Error (401) hit on key index 1. Switching to next key...
2026-05-26 02:10:31,120 [INFO] ✅ JSON store updated: /home/tomito/tomito seo (copy 1)/data/content/138832.json
2026-05-26 02:10:31,121 [INFO] ✅ movie 138832
2026-05-26 02:10:31,207 [WARNING] ⚠️ Rate limit hit on key index 2. Switching to next key...
2026-05-26 02:10:32,624 [WARNING] ⚠️ Rate limit hit on key index 3. Switching to next key...
2026-05-26 02:10:33,210 [ERROR] ❌ All Cohere API keys exhausted or rate limited.
2026-05-26 02:10:33,210 [ERROR] ❌ Cohere returned an empty response. Verify API Key limits or safety filters.
2026-05-26 02:10:33,212 [INFO] ✅ JSON store updated: /home/tomito/tomito seo (copy 1)/data/content/1383731.json
2026-05-26 02:10:33,212 [INFO] ✅ movie 1383731
2026-05-26 02:10:33,224 [INFO] 💾 Index saved — 260 / 1936 done
2026-05-26 02:10:35,643 [INFO] ✅ JSON store updated: /home/tomito/tomito seo (copy 1)/data/content/1387382.json
2026-05-26 02:10:35,643 [INFO] ✅ movie 1387382
2026-05-26 02:10:40,921 [WARNING] ⚠️ Rate limit hit on key index 4. Switching to next key...
2026-05-26 02:10:40,994 [WARNING] ⚠️ Rate limit hit on key index 5. Switching to next key...
2026-05-26 02:10:41,587 [WARNING] ⚠️ Rate limit hit on key index 0. Switching to next key...
2026-05-26 02:10:42,997 [ERROR] ❌ All Cohere API keys exhausted or rate limited.
2026-05-26 02:10:42,997 [ERROR] ❌ Cohere returned an empty response. Verify API Key limits or safety filters.
2026-05-26 02:10:43,038 [INFO] ✅ JSON store updated: /home/tomito/tomito seo (copy 1)/data/content/1380291.json
2026-05-26 02:10:43,039 [INFO] ✅ movie 1380291
2026-05-26 02:10:43,884 [WARNING] ⚠️ Error (401) hit on key index 1. Switching to next key...
2026-05-26 02:10:44,718 [WARNING] ⚠️ Error (401) hit on key index 2. Switching to next key...
2026-05-26 02:10:46,292 [WARNING] ⚠️ Rate limit hit on key index 3. Switching to next key...
2026-05-26 02:10:46,414 [WARNING] ⚠️ Rate limit hit on key index 4. Switching to next key...
2026-05-26 02:10:47,603 [INFO] ✅ JSON store updated: /home/tomito/tomito seo (copy 1)/data/content/1401778.json
2026-05-26 02:10:47,603 [INFO] ✅ movie 1401778
2026-05-26 02:10:48,539 [INFO] ✅ JSON store updated: /home/tomito/tomito seo (copy 1)/data/content/1396965.json
2026-05-26 02:10:48,540 [INFO] ✅ movie 1396965
2026-05-26 02:10:49,389 [INFO] ✅ JSON store updated: /home/tomito/tomito seo (copy 1)/data/content/138843.json
2026-05-26 02:10:49,390 [INFO] ✅ movie 138843
2026-05-26 02:10:54,507 [WARNING] ⚠️ Rate limit hit on key index 5. Switching to next key...
2026-05-26 02:10:55,653 [WARNING] ⚠️ Rate limit hit on key index 0. Switching to next key...
2026-05-26 02:10:55,900 [INFO] ✅ JSON store updated: /home/tomito/tomito seo (copy 1)/data/content/1402.json
2026-05-26 02:10:55,900 [INFO] ✅ movie 1402
2026-05-26 02:10:56,969 [WARNING] ⚠️ Error (401) hit on key index 1. Switching to next key...
2026-05-26 02:10:57,696 [INFO] ✅ JSON store updated: /home/tomito/tomito seo (copy 1)/data/content/1405769.json
2026-05-26 02:10:57,698 [INFO] ✅ movie 1405769
2026-05-26 02:10:58,344 [INFO] ✅ JSON store updated: /home/tomito/tomito seo (copy 1)/data/content/140300.json
2026-05-26 02:10:58,345 [INFO] ✅ movie 140300
2026-05-26 02:10:58,426 [WARNING] ⚠️ Rate limit hit on key index 2. Switching to next key...
2026-05-26 02:10:58,881 [WARNING] ⚠️ Rate limit hit on key index 3. Switching to next key...
2026-05-26 02:11:00,576 [INFO] ✅ JSON store updated: /home/tomito/tomito seo (copy 1)/data/content/140607.json
2026-05-26 02:11:00,577 [INFO] ✅ movie 140607
2026-05-26 02:11:00,888 [WARNING] ⚠️ Rate limit hit on key index 4. Switching to next key...
2026-05-26 02:11:01,839 [WARNING] ⚠️ Rate limit hit on key index 5. Switching to next key...
2026-05-26 02:11:02,307 [WARNING] ⚠️ Rate limit hit on key index 0. Switching to next key...
2026-05-26 02:11:02,427 [WARNING] ⚠️ Rate limit hit on key index 1. Switching to next key...
2026-05-26 02:11:03,846 [WARNING] ⚠️ Rate limit hit on key index 2. Switching to next key...
2026-05-26 02:11:04,748 [WARNING] ⚠️ Rate limit hit on key index 3. Switching to next key...
2026-05-26 02:11:04,827 [WARNING] ⚠️ Rate limit hit on key index 4. Switching to next key...
2026-05-26 02:11:05,029 [WARNING] ⚠️ Rate limit hit on key index 5. Switching to next key...
2026-05-26 02:11:05,848 [WARNING] ⚠️ Rate limit hit on key index 0. Switching to next key...
2026-05-26 02:11:05,966 [INFO] ✅ JSON store updated: /home/tomito/tomito seo (copy 1)/data/content/140825.json
2026-05-26 02:11:05,966 [INFO] ✅ movie 140825
2026-05-26 02:11:06,512 [WARNING] ⚠️ Rate limit hit on key index 1. Switching to next key...
2026-05-26 02:11:08,347 [WARNING] ⚠️ Rate limit hit on key index 2. Switching to next key...
2026-05-26 02:11:08,983 [WARNING] ⚠️ Rate limit hit on key index 3. Switching to next key...
2026-05-26 02:11:09,457 [WARNING] ⚠️ Rate limit hit on key index 4. Switching to next key...
2026-05-26 02:11:10,835 [WARNING] ⚠️ Rate limit hit on key index 5. Switching to next key...
2026-05-26 02:11:10,985 [ERROR] ❌ All Cohere API keys exhausted or rate limited.
2026-05-26 02:11:10,986 [ERROR] ❌ Cohere returned an empty response. Verify API Key limits or safety filters.
2026-05-26 02:11:10,988 [INFO] ✅ JSON store updated: /home/tomito/tomito seo (copy 1)/data/content/1406657.json
2026-05-26 02:11:10,988 [INFO] ✅ movie 1406657
2026-05-26 02:11:12,127 [WARNING] ⚠️ Rate limit hit on key index 0. Switching to next key...
2026-05-26 02:11:13,928 [WARNING] ⚠️ Error (401) hit on key index 1. Switching to next key...
2026-05-26 02:11:14,960 [WARNING] ⚠️ Rate limit hit on key index 2. Switching to next key...
2026-05-26 02:11:15,749 [INFO] ✅ JSON store updated: /home/tomito/tomito seo (copy 1)/data/content/1412598.json
2026-05-26 02:11:15,750 [INFO] ✅ movie 1412598
2026-05-26 02:11:15,835 [INFO] ✅ JSON store updated: /home/tomito/tomito seo (copy 1)/data/content/1416391.json
2026-05-26 02:11:15,835 [INFO] ✅ movie 1416391
2026-05-26 02:11:17,371 [WARNING] ⚠️ Rate limit hit on key index 3. Switching to next key...
2026-05-26 02:11:17,839 [INFO] ✅ JSON store updated: /home/tomito/tomito seo (copy 1)/data/content/14160.json
2026-05-26 02:11:17,839 [INFO] ✅ movie 14160
2026-05-26 02:11:18,969 [WARNING] ⚠️ Rate limit hit on key index 4. Switching to next key...
2026-05-26 02:11:20,271 [WARNING] ⚠️ Rate limit hit on key index 5. Switching to next key...
2026-05-26 02:11:20,690 [WARNING] ⚠️ Rate limit hit on key index 0. Switching to next key...
2026-05-26 02:11:21,538 [WARNING] ⚠️ Error (401) hit on key index 1. Switching to next key...
2026-05-26 02:11:23,584 [INFO] ✅ JSON store updated: /home/tomito/tomito seo (copy 1)/data/content/14161.json
2026-05-26 02:11:23,585 [INFO] ✅ movie 14161
2026-05-26 02:11:26,196 [INFO] ✅ JSON store updated: /home/tomito/tomito seo (copy 1)/data/content/1419406.json
2026-05-26 02:11:26,197 [INFO] ✅ movie 1419406
2026-05-26 02:11:30,488 [INFO] ✅ JSON store updated: /home/tomito/tomito seo (copy 1)/data/content/1418657.json
2026-05-26 02:11:30,488 [INFO] ✅ movie 1418657
2026-05-26 02:11:31,060 [INFO] ✅ JSON store updated: /home/tomito/tomito seo (copy 1)/data/content/1422562.json
2026-05-26 02:11:31,060 [INFO] ✅ movie 1422562
2026-05-26 02:11:35,081 [INFO] ✅ JSON store updated: /home/tomito/tomito seo (copy 1)/data/content/1424965.json
2026-05-26 02:11:35,081 [INFO] ✅ movie 1424965
2026-05-26 02:11:47,880 [INFO] ✅ JSON store updated: /home/tomito/tomito seo (copy 1)/data/content/1429738.json
2026-05-26 02:11:47,881 [INFO] ✅ movie 1429738
2026-05-26 02:11:47,892 [INFO] 💾 Index saved — 280 / 1936 done
2026-05-26 02:11:47,923 [INFO] ✅ JSON store updated: /home/tomito/tomito seo (copy 1)/data/content/1426776.json
2026-05-26 02:11:47,923 [INFO] ✅ movie 1426776
2026-05-26 02:11:50,651 [INFO] ✅ JSON store updated: /home/tomito/tomito seo (copy 1)/data/content/1426964.json
2026-05-26 02:11:50,652 [INFO] ✅ movie 1426964
2026-05-26 02:11:53,168 [INFO] Mirrored asset: ddSTqsxOoXs77xnKpP7XBPqiero.jpg
2026-05-26 02:11:55,788 [INFO] ✅ JSON store updated: /home/tomito/tomito seo (copy 1)/data/content/1429348.json
2026-05-26 02:11:55,789 [INFO] ✅ movie 1429348
2026-05-26 02:11:56,819 [INFO] Mirrored asset: 9lypT2ghNuUPYVJf66oe4fKvUqI.jpg
2026-05-26 02:12:02,662 [INFO] ✅ JSON store updated: /home/tomito/tomito seo (copy 1)/data/content/1427.json
2026-05-26 02:12:02,663 [INFO] ✅ movie 1427
2026-05-26 02:12:02,968 [INFO] ✅ JSON store updated: /home/tomito/tomito seo (copy 1)/data/content/1431071.json
2026-05-26 02:12:02,969 [INFO] ✅ movie 1431071
2026-05-26 02:12:03,380 [INFO] ✅ JSON store updated: /home/tomito/tomito seo (copy 1)/data/content/1430077.json
2026-05-26 02:12:03,380 [INFO] ✅ movie 1430077
2026-05-26 02:12:07,260 [INFO] ✅ JSON store updated: /home/tomito/tomito seo (copy 1)/data/content/14359.json
2026-05-26 02:12:07,261 [INFO] ✅ movie 14359
2026-05-26 02:12:15,294 [INFO] ✅ JSON store updated: /home/tomito/tomito seo (copy 1)/data/content/1439112.json
2026-05-26 02:12:15,295 [INFO] ✅ movie 1439112
2026-05-26 02:12:17,802 [INFO] ✅ JSON store updated: /home/tomito/tomito seo (copy 1)/data/content/1422.json
2026-05-26 02:12:17,803 [INFO] ✅ movie 1422
2026-05-26 02:12:20,913 [INFO] ✅ JSON store updated: /home/tomito/tomito seo (copy 1)/data/content/1445363.json
2026-05-26 02:12:20,914 [INFO] ✅ movie 1445363
2026-05-26 02:12:22,606 [INFO] ✅ JSON store updated: /home/tomito/tomito seo (copy 1)/data/content/1439930.json
2026-05-26 02:12:22,606 [INFO] ✅ movie 1439930
2026-05-26 02:12:26,201 [INFO] Mirrored asset: mJS0IF7Af3WpPRhSTDT6rGpiLzw.jpg
2026-05-26 02:12:28,878 [INFO] ✅ JSON store updated: /home/tomito/tomito seo (copy 1)/data/content/1440.json
2026-05-26 02:12:28,878 [INFO] ✅ movie 1440
2026-05-26 02:12:32,541 [INFO] ✅ JSON store updated: /home/tomito/tomito seo (copy 1)/data/content/1448560.json
2026-05-26 02:12:32,542 [INFO] ✅ movie 1448560
2026-05-26 02:12:34,728 [INFO] ✅ JSON store updated: /home/tomito/tomito seo (copy 1)/data/content/1456349.json
2026-05-26 02:12:34,728 [INFO] ✅ movie 1456349
2026-05-26 02:12:35,097 [INFO] Mirrored asset: 1y4J9HZJoTIMdt77wCq80uXaQJ.jpg
2026-05-26 02:12:35,601 [INFO] ✅ JSON store updated: /home/tomito/tomito seo (copy 1)/data/content/14537.json
2026-05-26 02:12:35,602 [INFO] ✅ movie 14537
2026-05-26 02:12:36,730 [INFO] ✅ JSON store updated: /home/tomito/tomito seo (copy 1)/data/content/14574.json
2026-05-26 02:12:36,731 [INFO] ✅ movie 14574
2026-05-26 02:12:41,668 [INFO] ✅ JSON store updated: /home/tomito/tomito seo (copy 1)/data/content/1455079.json
2026-05-26 02:12:41,668 [INFO] ✅ movie 1455079
2026-05-26 02:12:50,261 [INFO] ✅ JSON store updated: /home/tomito/tomito seo (copy 1)/data/content/1470130.json
2026-05-26 02:12:50,261 [INFO] ✅ movie 1470130
2026-05-26 02:12:50,374 [INFO] ✅ JSON store updated: /home/tomito/tomito seo (copy 1)/data/content/146233.json
2026-05-26 02:12:50,375 [INFO] ✅ movie 146233
2026-05-26 02:12:54,513 [INFO] ✅ JSON store updated: /home/tomito/tomito seo (copy 1)/data/content/14613.json
2026-05-26 02:12:54,513 [INFO] ✅ movie 14613
2026-05-26 02:12:54,538 [INFO] 💾 Index saved — 300 / 1936 done
2026-05-26 02:12:59,412 [INFO] ✅ JSON store updated: /home/tomito/tomito seo (copy 1)/data/content/1469458.json
2026-05-26 02:12:59,413 [INFO] ✅ movie 1469458
2026-05-26 02:13:03,286 [INFO] ✅ JSON store updated: /home/tomito/tomito seo (copy 1)/data/content/1480387.json
2026-05-26 02:13:03,287 [INFO] ✅ movie 1480387
2026-05-26 02:13:03,293 [INFO] ✅ JSON store updated: /home/tomito/tomito seo (copy 1)/data/content/1480382.json
2026-05-26 02:13:03,294 [INFO] ✅ movie 1480382
2026-05-26 02:13:05,426 [INFO] ✅ JSON store updated: /home/tomito/tomito seo (copy 1)/data/content/1480790.json
2026-05-26 02:13:05,426 [INFO] ✅ movie 1480790
2026-05-26 02:13:12,150 [INFO] ✅ JSON store updated: /home/tomito/tomito seo (copy 1)/data/content/14836.json
2026-05-26 02:13:12,150 [INFO] ✅ movie 14836
2026-05-26 02:13:14,394 [INFO] ✅ JSON store updated: /home/tomito/tomito seo (copy 1)/data/content/1495.json
2026-05-26 02:13:14,394 [INFO] ✅ movie 1495
2026-05-26 02:13:21,567 [INFO] Mirrored asset: 4uooHq9VrlQ8wC8NgC6fJcurL0i.jpg
2026-05-26 02:13:22,092 [INFO] ✅ JSON store updated: /home/tomito/tomito seo (copy 1)/data/content/1499885.json
2026-05-26 02:13:22,092 [INFO] ✅ movie 1499885
2026-05-26 02:13:22,813 [INFO] ✅ JSON store updated: /home/tomito/tomito seo (copy 1)/data/content/1496735.json
2026-05-26 02:13:22,813 [INFO] ✅ movie 1496735
2026-05-26 02:13:30,354 [INFO] ✅ JSON store updated: /home/tomito/tomito seo (copy 1)/data/content/1497970.json
2026-05-26 02:13:30,355 [INFO] ✅ movie 1497970
2026-05-26 02:13:33,341 [INFO] ✅ JSON store updated: /home/tomito/tomito seo (copy 1)/data/content/1505315.json
2026-05-26 02:13:33,342 [INFO] ✅ movie 1505315
2026-05-26 02:13:37,327 [INFO] ✅ JSON store updated: /home/tomito/tomito seo (copy 1)/data/content/1511057.json
2026-05-26 02:13:37,328 [INFO] ✅ movie 1511057
2026-05-26 02:13:39,295 [INFO] ✅ JSON store updated: /home/tomito/tomito seo (copy 1)/data/content/150689.json
2026-05-26 02:13:39,295 [INFO] ✅ movie 150689
2026-05-26 02:13:40,198 [INFO] ✅ JSON store updated: /home/tomito/tomito seo (copy 1)/data/content/150540.json
2026-05-26 02:13:40,199 [INFO] ✅ movie 150540
2026-05-26 02:13:41,058 [INFO] ✅ JSON store updated: /home/tomito/tomito seo (copy 1)/data/content/1511417.json
2026-05-26 02:13:41,059 [INFO] ✅ movie 1511417
2026-05-26 02:13:42,335 [WARNING] ⚠️ Rate limit hit on key index 2. Switching to next key...
2026-05-26 02:13:42,908 [WARNING] ⚠️ Rate limit hit on key index 3. Switching to next key...
2026-05-26 02:13:44,612 [WARNING] ⚠️ Rate limit hit on key index 4. Switching to next key...
2026-05-26 02:13:45,324 [WARNING] ⚠️ Rate limit hit on key index 5. Switching to next key...
2026-05-26 02:13:45,472 [WARNING] ⚠️ Rate limit hit on key index 0. Switching to next key...
2026-05-26 02:13:46,249 [WARNING] ⚠️ Rate limit hit on key index 1. Switching to next key...
2026-05-26 02:13:47,048 [WARNING] ⚠️ Rate limit hit on key index 2. Switching to next key...
2026-05-26 02:13:47,215 [ERROR] Cohere API Error: HTTPSConnectionPool(host='api.cohere.com', port=443): Read timed out. (read timeout=60)
2026-05-26 02:13:47,215 [ERROR] ❌ Cohere returned an empty response. Verify API Key limits or safety filters.
2026-05-26 02:13:47,216 [INFO] ✅ JSON store updated: /home/tomito/tomito seo (copy 1)/data/content/1472951.json
2026-05-26 02:13:47,217 [INFO] ✅ movie 1472951
2026-05-26 02:13:48,100 [WARNING] ⚠️ Rate limit hit on key index 3. Switching to next key...
2026-05-26 02:13:49,262 [WARNING] ⚠️ Rate limit hit on key index 4. Switching to next key...
2026-05-26 02:13:49,307 [WARNING] ⚠️ Rate limit hit on key index 5. Switching to next key...
2026-05-26 02:13:49,956 [INFO] Mirrored asset: p8PZfkrCuXanfYr3k6xAS6WzN8Y.jpg
2026-05-26 02:13:50,759 [WARNING] ⚠️ Rate limit hit on key index 0. Switching to next key...
2026-05-26 02:13:50,959 [WARNING] ⚠️ Rate limit hit on key index 1. Switching to next key...
2026-05-26 02:13:52,433 [WARNING] ⚠️ Rate limit hit on key index 2. Switching to next key...
2026-05-26 02:13:52,572 [WARNING] ⚠️ Error (401) hit on key index 3. Switching to next key...
2026-05-26 02:13:53,375 [WARNING] ⚠️ Rate limit hit on key index 4. Switching to next key...
2026-05-26 02:13:53,848 [WARNING] ⚠️ Rate limit hit on key index 5. Switching to next key...
2026-05-26 02:13:54,177 [WARNING] ⚠️ Rate limit hit on key index 0. Switching to next key...
2026-05-26 02:13:54,918 [WARNING] ⚠️ Error (401) hit on key index 1. Switching to next key...
2026-05-26 02:13:55,050 [WARNING] ⚠️ Rate limit hit on key index 2. Switching to next key...
2026-05-26 02:13:55,474 [WARNING] ⚠️ Rate limit hit on key index 3. Switching to next key...
2026-05-26 02:13:56,552 [WARNING] ⚠️ Rate limit hit on key index 4. Switching to next key...
2026-05-26 02:13:57,079 [WARNING] ⚠️ Rate limit hit on key index 5. Switching to next key...
2026-05-26 02:13:57,477 [ERROR] ❌ All Cohere API keys exhausted or rate limited.
2026-05-26 02:13:57,477 [ERROR] ❌ Cohere returned an empty response. Verify API Key limits or safety filters.
2026-05-26 02:13:57,479 [INFO] ✅ JSON store updated: /home/tomito/tomito seo (copy 1)/data/content/1523145.json
2026-05-26 02:13:57,479 [INFO] ✅ movie 1523145
2026-05-26 02:13:57,896 [WARNING] ⚠️ Rate limit hit on key index 0. Switching to next key...
2026-05-26 02:13:59,082 [ERROR] ❌ All Cohere API keys exhausted or rate limited.
2026-05-26 02:13:59,082 [ERROR] ❌ Cohere returned an empty response. Verify API Key limits or safety filters.
2026-05-26 02:13:59,083 [INFO] ✅ JSON store updated: /home/tomito/tomito seo (copy 1)/data/content/1515899.json
2026-05-26 02:13:59,084 [INFO] ✅ movie 1515899
2026-05-26 02:13:59,816 [WARNING] ⚠️ Rate limit hit on key index 1. Switching to next key...
2026-05-26 02:14:00,641 [WARNING] ⚠️ Error (401) hit on key index 2. Switching to next key...
2026-05-26 02:14:00,764 [WARNING] ⚠️ Rate limit hit on key index 3. Switching to next key...
2026-05-26 02:14:01,333 [WARNING] ⚠️ Rate limit hit on key index 4. Switching to next key...
2026-05-26 02:14:01,459 [WARNING] ⚠️ Rate limit hit on key index 5. Switching to next key...
2026-05-26 02:14:02,275 [WARNING] ⚠️ Rate limit hit on key index 0. Switching to next key...
2026-05-26 02:14:03,342 [ERROR] ❌ All Cohere API keys exhausted or rate limited.
2026-05-26 02:14:03,343 [ERROR] ❌ Cohere returned an empty response. Verify API Key limits or safety filters.
2026-05-26 02:14:03,345 [INFO] ✅ JSON store updated: /home/tomito/tomito seo (copy 1)/data/content/1539104.json
2026-05-26 02:14:03,345 [INFO] ✅ movie 1539104
2026-05-26 02:14:03,751 [WARNING] ⚠️ Rate limit hit on key index 1. Switching to next key...
2026-05-26 02:14:05,148 [WARNING] ⚠️ Error (401) hit on key index 2. Switching to next key...
2026-05-26 02:14:06,350 [WARNING] ⚠️ Rate limit hit on key index 3. Switching to next key...
2026-05-26 02:14:06,893 [WARNING] ⚠️ Rate limit hit on key index 4. Switching to next key...
2026-05-26 02:14:07,420 [WARNING] ⚠️ Rate limit hit on key index 5. Switching to next key...
2026-05-26 02:14:07,754 [WARNING] ⚠️ Rate limit hit on key index 0. Switching to next key...
2026-05-26 02:14:07,893 [WARNING] ⚠️ Error (401) hit on key index 1. Switching to next key...
2026-05-26 02:14:08,349 [WARNING] ⚠️ Rate limit hit on key index 2. Switching to next key...
2026-05-26 02:14:09,517 [WARNING] ⚠️ Error (401) hit on key index 3. Switching to next key...
2026-05-26 02:14:10,121 [WARNING] ⚠️ Rate limit hit on key index 4. Switching to next key...
2026-05-26 02:14:10,350 [ERROR] ❌ All Cohere API keys exhausted or rate limited.
2026-05-26 02:14:10,351 [ERROR] ❌ Cohere returned an empty response. Verify API Key limits or safety filters.
2026-05-26 02:14:10,352 [INFO] ✅ JSON store updated: /home/tomito/tomito seo (copy 1)/data/content/155.json
2026-05-26 02:14:10,352 [INFO] ✅ movie 155
2026-05-26 02:14:10,974 [WARNING] ⚠️ Rate limit hit on key index 5. Switching to next key...
2026-05-26 02:14:11,396 [WARNING] ⚠️ Rate limit hit on key index 0. Switching to next key...
2026-05-26 02:14:13,398 [ERROR] ❌ All Cohere API keys exhausted or rate limited.
2026-05-26 02:14:13,399 [ERROR] ❌ Cohere returned an empty response. Verify API Key limits or safety filters.
2026-05-26 02:14:13,400 [INFO] ✅ JSON store updated: /home/tomito/tomito seo (copy 1)/data/content/15257.json
2026-05-26 02:14:13,400 [INFO] ✅ movie 15257
2026-05-26 02:14:13,421 [INFO] 💾 Index saved — 320 / 1936 done
2026-05-26 02:14:13,892 [WARNING] ⚠️ Error (401) hit on key index 1. Switching to next key...
2026-05-26 02:14:14,757 [WARNING] ⚠️ Error (401) hit on key index 2. Switching to next key...
2026-05-26 02:14:15,452 [WARNING] ⚠️ Rate limit hit on key index 3. Switching to next key...
2026-05-26 02:14:15,725 [WARNING] ⚠️ Rate limit hit on key index 4. Switching to next key...
2026-05-26 02:14:17,028 [INFO] Mirrored asset: 3ED8cWCXY9zkx77Sd0N5qMbsdDP.jpg
2026-05-26 02:14:17,747 [WARNING] ⚠️ Rate limit hit on key index 5. Switching to next key...
2026-05-26 02:14:18,851 [WARNING] ⚠️ Rate limit hit on key index 0. Switching to next key...
2026-05-26 02:14:18,855 [WARNING] ⚠️ Rate limit hit on key index 1. Switching to next key...
2026-05-26 02:14:20,272 [WARNING] ⚠️ Rate limit hit on key index 2. Switching to next key...
2026-05-26 02:14:20,443 [WARNING] ⚠️ Rate limit hit on key index 3. Switching to next key...
2026-05-26 02:14:20,854 [ERROR] ❌ All Cohere API keys exhausted or rate limited.
2026-05-26 02:14:20,854 [ERROR] ❌ Cohere returned an empty response. Verify API Key limits or safety filters.
2026-05-26 02:14:20,856 [INFO] ✅ JSON store updated: /home/tomito/tomito seo (copy 1)/data/content/156022.json
2026-05-26 02:14:20,856 [INFO] ✅ movie 156022
2026-05-26 02:14:22,274 [ERROR] ❌ All Cohere API keys exhausted or rate limited.
2026-05-26 02:14:22,275 [ERROR] ❌ Cohere returned an empty response. Verify API Key limits or safety filters.
2026-05-26 02:14:22,277 [INFO] ✅ JSON store updated: /home/tomito/tomito seo (copy 1)/data/content/1526650.json
2026-05-26 02:14:22,277 [INFO] ✅ movie 1526650
2026-05-26 02:14:24,713 [WARNING] ⚠️ Rate limit hit on key index 4. Switching to next key...
2026-05-26 02:14:26,237 [WARNING] ⚠️ Rate limit hit on key index 5. Switching to next key...
2026-05-26 02:14:26,714 [ERROR] ❌ All Cohere API keys exhausted or rate limited.
2026-05-26 02:14:26,715 [ERROR] ❌ Cohere returned an empty response. Verify API Key limits or safety filters.
2026-05-26 02:14:26,716 [INFO] ✅ JSON store updated: /home/tomito/tomito seo (copy 1)/data/content/1572073.json
2026-05-26 02:14:26,716 [INFO] ✅ movie 1572073
2026-05-26 02:14:26,960 [WARNING] ⚠️ Rate limit hit on key index 0. Switching to next key...
2026-05-26 02:14:31,439 [WARNING] ⚠️ Rate limit hit on key index 1. Switching to next key...
2026-05-26 02:14:31,610 [WARNING] ⚠️ Error (401) hit on key index 2. Switching to next key...
2026-05-26 02:14:33,302 [WARNING] ⚠️ Rate limit hit on key index 3. Switching to next key...
2026-05-26 02:14:35,659 [WARNING] ⚠️ Rate limit hit on key index 4. Switching to next key...
2026-05-26 02:14:36,081 [WARNING] ⚠️ Rate limit hit on key index 5. Switching to next key...
2026-05-26 02:14:36,598 [WARNING] ⚠️ Rate limit hit on key index 0. Switching to next key...
2026-05-26 02:14:37,162 [WARNING] ⚠️ Rate limit hit on key index 1. Switching to next key...
2026-05-26 02:14:38,836 [WARNING] ⚠️ Error (401) hit on key index 2. Switching to next key...
2026-05-26 02:14:39,336 [WARNING] ⚠️ Rate limit hit on key index 3. Switching to next key...
2026-05-26 02:14:39,595 [WARNING] ⚠️ Rate limit hit on key index 4. Switching to next key...
2026-05-26 02:14:40,574 [WARNING] ⚠️ Rate limit hit on key index 5. Switching to next key...
2026-05-26 02:14:40,733 [WARNING] ⚠️ Rate limit hit on key index 0. Switching to next key...
2026-05-26 02:14:42,347 [WARNING] ⚠️ Error (401) hit on key index 1. Switching to next key...
2026-05-26 02:14:44,151 [WARNING] ⚠️ Rate limit hit on key index 2. Switching to next key...
2026-05-26 02:14:44,202 [WARNING] ⚠️ Rate limit hit on key index 3. Switching to next key...
2026-05-26 02:14:44,615 [WARNING] ⚠️ Rate limit hit on key index 4. Switching to next key...
2026-05-26 02:14:45,037 [WARNING] ⚠️ Error (401) hit on key index 5. Switching to next key...
2026-05-26 02:14:45,039 [ERROR] ❌ All Cohere API keys exhausted or rate limited.
2026-05-26 02:14:45,039 [ERROR] ❌ Cohere returned an empty response. Verify API Key limits or safety filters.
2026-05-26 02:14:45,041 [INFO] ✅ JSON store updated: /home/tomito/tomito seo (copy 1)/data/content/157336.json
2026-05-26 02:14:45,042 [INFO] ✅ movie 157336
2026-05-26 02:14:46,980 [WARNING] ⚠️ Rate limit hit on key index 0. Switching to next key...
2026-05-26 02:14:48,280 [WARNING] ⚠️ Error (401) hit on key index 1. Switching to next key...
2026-05-26 02:14:48,981 [ERROR] ❌ All Cohere API keys exhausted or rate limited.
2026-05-26 02:14:48,981 [ERROR] ❌ Cohere returned an empty response. Verify API Key limits or safety filters.
2026-05-26 02:14:48,983 [INFO] ✅ JSON store updated: /home/tomito/tomito seo (copy 1)/data/content/1574.json
2026-05-26 02:14:48,983 [INFO] ✅ movie 1574
2026-05-26 02:14:49,569 [WARNING] ⚠️ Rate limit hit on key index 2. Switching to next key...
2026-05-26 02:14:51,121 [WARNING] ⚠️ Rate limit hit on key index 3. Switching to next key...
2026-05-26 02:14:51,572 [ERROR] ❌ All Cohere API keys exhausted or rate limited.
2026-05-26 02:14:51,572 [ERROR] ❌ Cohere returned an empty response. Verify API Key limits or safety filters.
2026-05-26 02:14:51,574 [INFO] ✅ JSON store updated: /home/tomito/tomito seo (copy 1)/data/content/15804.json
2026-05-26 02:14:51,574 [INFO] ✅ movie 15804
2026-05-26 02:14:56,083 [WARNING] ⚠️ Rate limit hit on key index 4. Switching to next key...
2026-05-26 02:14:57,547 [WARNING] ⚠️ Rate limit hit on key index 5. Switching to next key...
2026-05-26 02:14:58,086 [ERROR] ❌ All Cohere API keys exhausted or rate limited.
2026-05-26 02:14:58,087 [ERROR] ❌ Cohere returned an empty response. Verify API Key limits or safety filters.
2026-05-26 02:14:58,088 [INFO] ✅ JSON store updated: /home/tomito/tomito seo (copy 1)/data/content/1582770.json
2026-05-26 02:14:58,088 [INFO] ✅ movie 1582770
2026-05-26 02:14:59,239 [WARNING] ⚠️ Rate limit hit on key index 0. Switching to next key...
2026-05-26 02:15:00,131 [WARNING] ⚠️ Error (401) hit on key index 1. Switching to next key...
2026-05-26 02:15:00,660 [WARNING] ⚠️ Rate limit hit on key index 2. Switching to next key...
2026-05-26 02:15:03,470 [WARNING] ⚠️ Rate limit hit on key index 3. Switching to next key...
2026-05-26 02:15:05,473 [ERROR] ❌ All Cohere API keys exhausted or rate limited.
2026-05-26 02:15:05,473 [ERROR] ❌ Cohere returned an empty response. Verify API Key limits or safety filters.
2026-05-26 02:15:05,475 [INFO] ✅ JSON store updated: /home/tomito/tomito seo (copy 1)/data/content/1575337.json
2026-05-26 02:15:05,476 [INFO] ✅ movie 1575337
2026-05-26 02:15:07,301 [WARNING] ⚠️ Rate limit hit on key index 4. Switching to next key...
2026-05-26 02:15:13,875 [WARNING] ⚠️ Rate limit hit on key index 5. Switching to next key...
2026-05-26 02:15:17,070 [WARNING] ⚠️ Rate limit hit on key index 0. Switching to next key...
2026-05-26 02:15:17,303 [WARNING] ⚠️ Rate limit hit on key index 1. Switching to next key...
2026-05-26 02:15:21,380 [WARNING] ⚠️ Rate limit hit on key index 2. Switching to next key...
2026-05-26 02:15:22,519 [WARNING] ⚠️ Rate limit hit on key index 3. Switching to next key...
2026-05-26 02:15:24,253 [WARNING] ⚠️ Rate limit hit on key index 4. Switching to next key...
2026-05-26 02:15:24,963 [WARNING] ⚠️ Rate limit hit on key index 5. Switching to next key...
2026-05-26 02:15:31,149 [WARNING] ⚠️ Rate limit hit on key index 0. Switching to next key...
2026-05-26 02:15:34,073 [WARNING] ⚠️ Error (401) hit on key index 1. Switching to next key...
2026-05-26 02:15:34,748 [WARNING] ⚠️ Rate limit hit on key index 2. Switching to next key...
2026-05-26 02:15:36,107 [WARNING] ⚠️ Rate limit hit on key index 3. Switching to next key...
2026-05-26 02:15:36,750 [ERROR] ❌ All Cohere API keys exhausted or rate limited.
2026-05-26 02:15:36,751 [ERROR] ❌ Cohere returned an empty response. Verify API Key limits or safety filters.
2026-05-26 02:15:36,752 [INFO] ✅ JSON store updated: /home/tomito/tomito seo (copy 1)/data/content/1601243.json
2026-05-26 02:15:36,753 [INFO] ✅ movie 1601243
2026-05-26 02:15:38,423 [ERROR] Cohere API Error: HTTPSConnectionPool(host='api.cohere.com', port=443): Read timed out. (read timeout=60)
2026-05-26 02:15:38,423 [ERROR] ❌ Cohere returned an empty response. Verify API Key limits or safety filters.
2026-05-26 02:15:38,425 [INFO] ✅ JSON store updated: /home/tomito/tomito seo (copy 1)/data/content/1579.json
2026-05-26 02:15:38,425 [INFO] ✅ movie 1579
2026-05-26 02:15:40,127 [WARNING] ⚠️ Rate limit hit on key index 4. Switching to next key...
2026-05-26 02:15:43,148 [WARNING] ⚠️ Rate limit hit on key index 5. Switching to next key...
2026-05-26 02:15:46,849 [WARNING] ⚠️ Rate limit hit on key index 0. Switching to next key...
2026-05-26 02:15:51,671 [INFO] Mirrored asset: 17nf7LPFCYQQ6m952CThjrSK3Fi.jpg
2026-05-26 02:15:53,087 [ERROR] Cohere API Error: HTTPSConnectionPool(host='api.cohere.com', port=443): Read timed out. (read timeout=60)
2026-05-26 02:15:53,087 [ERROR] ❌ Cohere returned an empty response. Verify API Key limits or safety filters.
2026-05-26 02:15:53,088 [INFO] ✅ JSON store updated: /home/tomito/tomito seo (copy 1)/data/content/158326.json
2026-05-26 02:15:53,088 [INFO] ✅ movie 158326
2026-05-26 02:15:58,588 [WARNING] ⚠️ Error (401) hit on key index 1. Switching to next key...
2026-05-26 02:15:59,487 [WARNING] ⚠️ Rate limit hit on key index 2. Switching to next key...
2026-05-26 02:16:01,895 [ERROR] Cohere API Error: HTTPSConnectionPool(host='api.cohere.com', port=443): Read timed out. (read timeout=60)
2026-05-26 02:16:01,895 [ERROR] ❌ Cohere returned an empty response. Verify API Key limits or safety filters.
2026-05-26 02:16:01,897 [INFO] ✅ JSON store updated: /home/tomito/tomito seo (copy 1)/data/content/1585.json
2026-05-26 02:16:01,897 [INFO] ✅ movie 1585
2026-05-26 02:16:05,190 [WARNING] ⚠️ Rate limit hit on key index 3. Switching to next key...
2026-05-26 02:16:05,742 [WARNING] ⚠️ Rate limit hit on key index 4. Switching to next key...
2026-05-26 02:16:09,263 [WARNING] ⚠️ Rate limit hit on key index 5. Switching to next key...
2026-05-26 02:16:11,486 [WARNING] ⚠️ Rate limit hit on key index 0. Switching to next key...
2026-05-26 02:16:14,422 [WARNING] ⚠️ Error (401) hit on key index 1. Switching to next key...
2026-05-26 02:16:15,872 [WARNING] ⚠️ Rate limit hit on key index 2. Switching to next key...
2026-05-26 02:16:16,939 [WARNING] ⚠️ Error (401) hit on key index 3. Switching to next key...
2026-05-26 02:16:17,739 [WARNING] ⚠️ Rate limit hit on key index 4. Switching to next key...
2026-05-26 02:16:21,021 [WARNING] ⚠️ Rate limit hit on key index 5. Switching to next key...
2026-05-26 02:16:21,062 [WARNING] ⚠️ Rate limit hit on key index 0. Switching to next key...
2026-05-26 02:16:21,887 [ERROR] Cohere API Error: HTTPSConnectionPool(host='api.cohere.com', port=443): Read timed out. (read timeout=60)
2026-05-26 02:16:21,888 [ERROR] ❌ Cohere returned an empty response. Verify API Key limits or safety filters.
2026-05-26 02:16:21,890 [INFO] ✅ JSON store updated: /home/tomito/tomito seo (copy 1)/data/content/1592.json
2026-05-26 02:16:21,890 [INFO] ✅ movie 1592
2026-05-26 02:16:24,269 [WARNING] ⚠️ Rate limit hit on key index 1. Switching to next key...
2026-05-26 02:16:26,337 [WARNING] ⚠️ Error (401) hit on key index 2. Switching to next key...
2026-05-26 02:16:26,339 [ERROR] ❌ All Cohere API keys exhausted or rate limited.
2026-05-26 02:16:26,340 [ERROR] ❌ Cohere returned an empty response. Verify API Key limits or safety filters.
2026-05-26 02:16:26,342 [INFO] ✅ JSON store updated: /home/tomito/tomito seo (copy 1)/data/content/161.json
2026-05-26 02:16:26,342 [INFO] ✅ movie 161
2026-05-26 02:16:27,099 [WARNING] ⚠️ Error (401) hit on key index 3. Switching to next key...
2026-05-26 02:16:27,814 [WARNING] ⚠️ Rate limit hit on key index 4. Switching to next key...
2026-05-26 02:16:28,184 [WARNING] ⚠️ Rate limit hit on key index 5. Switching to next key...
2026-05-26 02:16:29,817 [ERROR] ❌ All Cohere API keys exhausted or rate limited.
2026-05-26 02:16:29,818 [ERROR] ❌ Cohere returned an empty response. Verify API Key limits or safety filters.
2026-05-26 02:16:29,820 [INFO] ✅ JSON store updated: /home/tomito/tomito seo (copy 1)/data/content/1607.json
2026-05-26 02:16:29,820 [INFO] ✅ movie 1607
2026-05-26 02:16:31,866 [INFO] Mirrored asset: 8mBuLCOcpWnmYtZc4aqtvDXslv6.jpg
2026-05-26 02:16:36,322 [WARNING] ⚠️ Rate limit hit on key index 0. Switching to next key...
2026-05-26 02:16:36,514 [WARNING] ⚠️ Error (502) hit on key index 1. Switching to next key...
2026-05-26 02:16:37,935 [WARNING] ⚠️ Rate limit hit on key index 2. Switching to next key...
2026-05-26 02:16:38,325 [ERROR] ❌ All Cohere API keys exhausted or rate limited.
2026-05-26 02:16:38,325 [ERROR] ❌ Cohere returned an empty response. Verify API Key limits or safety filters.
2026-05-26 02:16:38,327 [INFO] ✅ JSON store updated: /home/tomito/tomito seo (copy 1)/data/content/1584215.json
2026-05-26 02:16:38,327 [INFO] ✅ movie 1584215
2026-05-26 02:16:44,551 [WARNING] ⚠️ Rate limit hit on key index 3. Switching to next key...
2026-05-26 02:16:46,313 [WARNING] ⚠️ Rate limit hit on key index 4. Switching to next key...
2026-05-26 02:16:47,520 [WARNING] ⚠️ Rate limit hit on key index 5. Switching to next key...
2026-05-26 02:16:49,752 [WARNING] ⚠️ Rate limit hit on key index 0. Switching to next key...
2026-05-26 02:16:49,999 [ERROR] Cohere API Error: HTTPSConnectionPool(host='api.cohere.com', port=443): Read timed out. (read timeout=60)
2026-05-26 02:16:49,999 [ERROR] ❌ Cohere returned an empty response. Verify API Key limits or safety filters.
2026-05-26 02:16:50,001 [INFO] ✅ JSON store updated: /home/tomito/tomito seo (copy 1)/data/content/1601797.json
2026-05-26 02:16:50,001 [INFO] ✅ movie 1601797
2026-05-26 02:16:52,026 [WARNING] ⚠️ Rate limit hit on key index 1. Switching to next key...
2026-05-26 02:16:54,045 [WARNING] ⚠️ Error (401) hit on key index 2. Switching to next key...
2026-05-26 02:16:56,139 [WARNING] ⚠️ Rate limit hit on key index 3. Switching to next key...
2026-05-26 02:16:57,401 [WARNING] ⚠️ Rate limit hit on key index 4. Switching to next key...
2026-05-26 02:17:01,165 [WARNING] ⚠️ Rate limit hit on key index 5. Switching to next key...
2026-05-26 02:17:04,051 [WARNING] ⚠️ Rate limit hit on key index 0. Switching to next key...
2026-05-26 02:17:05,742 [WARNING] ⚠️ Rate limit hit on key index 1. Switching to next key...
2026-05-26 02:17:09,195 [WARNING] ⚠️ Rate limit hit on key index 2. Switching to next key...
2026-05-26 02:17:11,946 [WARNING] ⚠️ Rate limit hit on key index 3. Switching to next key...
2026-05-26 02:17:15,412 [WARNING] ⚠️ Rate limit hit on key index 4. Switching to next key...
2026-05-26 02:17:15,476 [WARNING] ⚠️ Rate limit hit on key index 5. Switching to next key...
2026-05-26 02:17:18,887 [WARNING] ⚠️ Rate limit hit on key index 0. Switching to next key...
2026-05-26 02:17:23,066 [WARNING] ⚠️ Error (401) hit on key index 1. Switching to next key...
2026-05-26 02:17:23,067 [ERROR] ❌ All Cohere API keys exhausted or rate limited.
2026-05-26 02:17:23,067 [ERROR] ❌ Cohere returned an empty response. Verify API Key limits or safety filters.
2026-05-26 02:17:23,068 [INFO] ✅ JSON store updated: /home/tomito/tomito seo (copy 1)/data/content/1630423.json
2026-05-26 02:17:23,069 [INFO] ✅ movie 1630423
2026-05-26 02:17:24,497 [WARNING] ⚠️ Rate limit hit on key index 2. Switching to next key...
2026-05-26 02:17:25,118 [WARNING] ⚠️ Rate limit hit on key index 3. Switching to next key...
2026-05-26 02:17:30,831 [ERROR] Cohere API Error: HTTPSConnectionPool(host='api.cohere.com', port=443): Read timed out. (read timeout=60)
2026-05-26 02:17:30,831 [ERROR] ❌ Cohere returned an empty response. Verify API Key limits or safety filters.
2026-05-26 02:17:30,832 [INFO] ✅ JSON store updated: /home/tomito/tomito seo (copy 1)/data/content/1610418.json
2026-05-26 02:17:30,832 [INFO] ✅ movie 1610418
2026-05-26 02:17:37,384 [WARNING] ⚠️ Rate limit hit on key index 4. Switching to next key...
2026-05-26 02:17:39,911 [WARNING] ⚠️ Rate limit hit on key index 5. Switching to next key...
2026-05-26 02:17:41,541 [WARNING] ⚠️ Rate limit hit on key index 0. Switching to next key...
2026-05-26 02:17:44,465 [WARNING] ⚠️ Error (401) hit on key index 1. Switching to next key...
2026-05-26 02:17:44,983 [WARNING] ⚠️ Rate limit hit on key index 2. Switching to next key...
2026-05-26 02:17:45,950 [WARNING] ⚠️ Rate limit hit on key index 3. Switching to next key...
2026-05-26 02:17:46,277 [WARNING] ⚠️ Error (401) hit on key index 4. Switching to next key...
2026-05-26 02:17:47,358 [WARNING] ⚠️ Rate limit hit on key index 5. Switching to next key...
2026-05-26 02:17:47,951 [ERROR] ❌ All Cohere API keys exhausted or rate limited.
2026-05-26 02:17:47,951 [ERROR] ❌ Cohere returned an empty response. Verify API Key limits or safety filters.
2026-05-26 02:17:47,953 [INFO] ✅ JSON store updated: /home/tomito/tomito seo (copy 1)/data/content/1613798.json
2026-05-26 02:17:47,953 [INFO] ✅ movie 1613798
2026-05-26 02:17:47,987 [INFO] 💾 Index saved — 340 / 1936 done
2026-05-26 02:17:47,991 [WARNING] ⚠️ Rate limit hit on key index 0. Switching to next key...
2026-05-26 02:17:48,088 [WARNING] ⚠️ Error (401) hit on key index 1. Switching to next key...
2026-05-26 02:17:48,623 [WARNING] ⚠️ Rate limit hit on key index 2. Switching to next key...
2026-05-26 02:17:51,271 [WARNING] ⚠️ Rate limit hit on key index 3. Switching to next key...
2026-05-26 02:17:51,882 [WARNING] ⚠️ Rate limit hit on key index 4. Switching to next key...
2026-05-26 02:17:52,515 [WARNING] ⚠️ Rate limit hit on key index 5. Switching to next key...
2026-05-26 02:17:54,685 [WARNING] ⚠️ Rate limit hit on key index 0. Switching to next key...
2026-05-26 02:17:56,426 [WARNING] ⚠️ Rate limit hit on key index 1. Switching to next key...
2026-05-26 02:17:56,862 [WARNING] ⚠️ Error (401) hit on key index 2. Switching to next key...
2026-05-26 02:17:57,324 [WARNING] ⚠️ Rate limit hit on key index 3. Switching to next key...
2026-05-26 02:17:57,381 [WARNING] ⚠️ Rate limit hit on key index 4. Switching to next key...
2026-05-26 02:17:59,228 [WARNING] ⚠️ Rate limit hit on key index 5. Switching to next key...
2026-05-26 02:17:59,382 [ERROR] ❌ All Cohere API keys exhausted or rate limited.
2026-05-26 02:17:59,383 [ERROR] ❌ Cohere returned an empty response. Verify API Key limits or safety filters.
2026-05-26 02:17:59,384 [INFO] ✅ JSON store updated: /home/tomito/tomito seo (copy 1)/data/content/1630433.json
2026-05-26 02:17:59,385 [INFO] ✅ movie 1630433
2026-05-26 02:18:00,497 [WARNING] ⚠️ Rate limit hit on key index 0. Switching to next key...
2026-05-26 02:18:01,230 [ERROR] ❌ All Cohere API keys exhausted or rate limited.
2026-05-26 02:18:01,231 [ERROR] ❌ Cohere returned an empty response. Verify API Key limits or safety filters.
2026-05-26 02:18:01,232 [INFO] ✅ JSON store updated: /home/tomito/tomito seo (copy 1)/data/content/1641319.json
2026-05-26 02:18:01,232 [INFO] ✅ movie 1641319
2026-05-26 02:18:02,948 [WARNING] ⚠️ Error (401) hit on key index 1. Switching to next key...
2026-05-26 02:18:03,586 [ERROR] Cohere API Error: HTTPSConnectionPool(host='api.cohere.com', port=443): Read timed out. (read timeout=60)
2026-05-26 02:18:03,586 [ERROR] ❌ Cohere returned an empty response. Verify API Key limits or safety filters.
2026-05-26 02:18:03,588 [INFO] ✅ JSON store updated: /home/tomito/tomito seo (copy 1)/data/content/163.json
2026-05-26 02:18:03,588 [INFO] ✅ movie 163
2026-05-26 02:18:03,597 [WARNING] ⚠️ Rate limit hit on key index 2. Switching to next key...
2026-05-26 02:18:03,713 [WARNING] ⚠️ Rate limit hit on key index 3. Switching to next key...
2026-05-26 02:18:05,042 [WARNING] ⚠️ Rate limit hit on key index 4. Switching to next key...
2026-05-26 02:18:05,954 [WARNING] ⚠️ Rate limit hit on key index 5. Switching to next key...
2026-05-26 02:18:06,323 [WARNING] ⚠️ Rate limit hit on key index 0. Switching to next key...
2026-05-26 02:18:06,465 [WARNING] ⚠️ Rate limit hit on key index 1. Switching to next key...
2026-05-26 02:18:07,347 [INFO] Mirrored asset: 6Znulqtc7cdqlUC69HGf26Ef5fi.jpg
2026-05-26 02:18:07,957 [ERROR] ❌ All Cohere API keys exhausted or rate limited.
2026-05-26 02:18:07,957 [ERROR] ❌ Cohere returned an empty response. Verify API Key limits or safety filters.
2026-05-26 02:18:07,958 [INFO] ✅ JSON store updated: /home/tomito/tomito seo (copy 1)/data/content/1634301.json
2026-05-26 02:18:07,958 [INFO] ✅ movie 1634301
2026-05-26 02:18:08,466 [ERROR] ❌ All Cohere API keys exhausted or rate limited.
2026-05-26 02:18:08,467 [ERROR] ❌ Cohere returned an empty response. Verify API Key limits or safety filters.
2026-05-26 02:18:08,468 [INFO] ✅ JSON store updated: /home/tomito/tomito seo (copy 1)/data/content/1646787.json
2026-05-26 02:18:08,468 [INFO] ✅ movie 1646787
2026-05-26 02:18:12,372 [WARNING] ⚠️ Rate limit hit on key index 2. Switching to next key...
2026-05-26 02:18:13,505 [WARNING] ⚠️ Rate limit hit on key index 3. Switching to next key...
2026-05-26 02:18:14,616 [WARNING] ⚠️ Rate limit hit on key index 4. Switching to next key...
2026-05-26 02:18:15,707 [WARNING] ⚠️ Rate limit hit on key index 5. Switching to next key...
2026-05-26 02:18:16,381 [WARNING] ⚠️ Rate limit hit on key index 0. Switching to next key...
2026-05-26 02:18:18,967 [WARNING] ⚠️ Error (401) hit on key index 1. Switching to next key...
2026-05-26 02:18:26,247 [WARNING] ⚠️ Rate limit hit on key index 2. Switching to next key...
2026-05-26 02:18:26,939 [ERROR] Cohere API Error: HTTPSConnectionPool(host='api.cohere.com', port=443): Read timed out. (read timeout=60)
2026-05-26 02:18:26,939 [ERROR] ❌ Cohere returned an empty response. Verify API Key limits or safety filters.
2026-05-26 02:18:26,940 [INFO] ✅ JSON store updated: /home/tomito/tomito seo (copy 1)/data/content/1621.json
2026-05-26 02:18:26,940 [INFO] ✅ movie 1621
2026-05-26 02:18:29,190 [WARNING] ⚠️ Rate limit hit on key index 3. Switching to next key...
2026-05-26 02:18:29,441 [WARNING] ⚠️ Error (401) hit on key index 4. Switching to next key...
2026-05-26 02:18:30,945 [WARNING] ⚠️ Error (401) hit on key index 5. Switching to next key...
2026-05-26 02:18:31,194 [ERROR] ❌ All Cohere API keys exhausted or rate limited.
2026-05-26 02:18:31,194 [ERROR] ❌ Cohere returned an empty response. Verify API Key limits or safety filters.
2026-05-26 02:18:31,195 [INFO] ✅ JSON store updated: /home/tomito/tomito seo (copy 1)/data/content/1654429.json
2026-05-26 02:18:31,196 [INFO] ✅ movie 1654429
2026-05-26 02:18:31,894 [WARNING] ⚠️ Rate limit hit on key index 0. Switching to next key...
2026-05-26 02:18:33,068 [WARNING] ⚠️ Rate limit hit on key index 1. Switching to next key...
2026-05-26 02:18:35,470 [WARNING] ⚠️ Rate limit hit on key index 2. Switching to next key...
2026-05-26 02:18:35,947 [WARNING] ⚠️ Rate limit hit on key index 3. Switching to next key...
2026-05-26 02:18:36,219 [WARNING] ⚠️ Rate limit hit on key index 4. Switching to next key...
2026-05-26 02:18:37,693 [WARNING] ⚠️ Rate limit hit on key index 5. Switching to next key...
2026-05-26 02:18:40,107 [WARNING] ⚠️ Rate limit hit on key index 0. Switching to next key...
2026-05-26 02:18:41,140 [WARNING] ⚠️ Rate limit hit on key index 1. Switching to next key...
2026-05-26 02:18:42,301 [WARNING] ⚠️ Rate limit hit on key index 2. Switching to next key...
2026-05-26 02:18:43,240 [WARNING] ⚠️ Rate limit hit on key index 3. Switching to next key...
2026-05-26 02:18:45,242 [ERROR] ❌ All Cohere API keys exhausted or rate limited.
2026-05-26 02:18:45,243 [ERROR] ❌ Cohere returned an empty response. Verify API Key limits or safety filters.
2026-05-26 02:18:45,244 [INFO] ✅ JSON store updated: /home/tomito/tomito seo (copy 1)/data/content/16620.json
2026-05-26 02:18:45,245 [INFO] ✅ movie 16620
2026-05-26 02:18:49,226 [WARNING] ⚠️ Rate limit hit on key index 4. Switching to next key...
2026-05-26 02:18:49,694 [WARNING] ⚠️ Rate limit hit on key index 5. Switching to next key...
2026-05-26 02:18:50,253 [WARNING] ⚠️ Error (502) hit on key index 0. Switching to next key...
2026-05-26 02:18:52,888 [WARNING] ⚠️ Rate limit hit on key index 1. Switching to next key...
2026-05-26 02:18:56,019 [WARNING] ⚠️ Error (401) hit on key index 2. Switching to next key...
2026-05-26 02:18:56,104 [WARNING] ⚠️ Error (401) hit on key index 3. Switching to next key...
2026-05-26 02:18:56,207 [WARNING] ⚠️ Error (401) hit on key index 4. Switching to next key...
2026-05-26 02:18:56,386 [WARNING] ⚠️ Error (401) hit on key index 5. Switching to next key...
2026-05-26 02:18:56,386 [ERROR] ❌ All Cohere API keys exhausted or rate limited.
2026-05-26 02:18:56,386 [ERROR] ❌ Cohere returned an empty response. Verify API Key limits or safety filters.
2026-05-26 02:18:56,387 [INFO] ✅ JSON store updated: /home/tomito/tomito seo (copy 1)/data/content/166428.json
2026-05-26 02:18:56,388 [INFO] ✅ movie 166428
2026-05-26 02:18:58,596 [WARNING] ⚠️ Rate limit hit on key index 0. Switching to next key...
2026-05-26 02:18:59,038 [WARNING] ⚠️ Rate limit hit on key index 1. Switching to next key...
2026-05-26 02:19:00,677 [WARNING] ⚠️ Rate limit hit on key index 2. Switching to next key...
2026-05-26 02:19:01,179 [WARNING] ⚠️ Rate limit hit on key index 3. Switching to next key...
2026-05-26 02:19:01,317 [WARNING] ⚠️ Rate limit hit on key index 4. Switching to next key...
2026-05-26 02:19:02,496 [WARNING] ⚠️ Rate limit hit on key index 5. Switching to next key...
2026-05-26 02:19:02,519 [WARNING] ⚠️ Rate limit hit on key index 0. Switching to next key...
2026-05-26 02:19:03,656 [WARNING] ⚠️ Error (401) hit on key index 1. Switching to next key...
2026-05-26 02:19:05,112 [WARNING] ⚠️ Error (401) hit on key index 2. Switching to next key...
2026-05-26 02:19:05,113 [ERROR] ❌ All Cohere API keys exhausted or rate limited.
2026-05-26 02:19:05,113 [ERROR] ❌ Cohere returned an empty response. Verify API Key limits or safety filters.
2026-05-26 02:19:05,115 [INFO] ✅ JSON store updated: /home/tomito/tomito seo (copy 1)/data/content/1658216.json
2026-05-26 02:19:05,115 [INFO] ✅ movie 1658216
2026-05-26 02:19:05,864 [WARNING] ⚠️ Rate limit hit on key index 3. Switching to next key...
2026-05-26 02:19:06,201 [WARNING] ⚠️ Rate limit hit on key index 4. Switching to next key...
2026-05-26 02:19:07,866 [ERROR] ❌ All Cohere API keys exhausted or rate limited.
2026-05-26 02:19:07,867 [ERROR] ❌ Cohere returned an empty response. Verify API Key limits or safety filters.
2026-05-26 02:19:07,868 [INFO] ✅ JSON store updated: /home/tomito/tomito seo (copy 1)/data/content/1669050.json
2026-05-26 02:19:07,869 [INFO] ✅ movie 1669050
2026-05-26 02:19:08,655 [WARNING] ⚠️ Error (401) hit on key index 5. Switching to next key...
2026-05-26 02:19:08,656 [ERROR] ❌ All Cohere API keys exhausted or rate limited.
2026-05-26 02:19:08,656 [ERROR] ❌ Cohere returned an empty response. Verify API Key limits or safety filters.
2026-05-26 02:19:08,657 [INFO] ✅ JSON store updated: /home/tomito/tomito seo (copy 1)/data/content/166426.json
2026-05-26 02:19:08,658 [INFO] ✅ movie 166426
2026-05-26 02:19:13,223 [WARNING] ⚠️ Rate limit hit on key index 0. Switching to next key...
2026-05-26 02:19:14,597 [WARNING] ⚠️ Error (401) hit on key index 1. Switching to next key...
2026-05-26 02:19:15,225 [ERROR] ❌ All Cohere API keys exhausted or rate limited.
2026-05-26 02:19:15,225 [ERROR] ❌ Cohere returned an empty response. Verify API Key limits or safety filters.
2026-05-26 02:19:15,227 [INFO] ✅ JSON store updated: /home/tomito/tomito seo (copy 1)/data/content/166666.json
2026-05-26 02:19:15,227 [INFO] ✅ movie 166666
2026-05-26 02:19:15,631 [WARNING] ⚠️ Rate limit hit on key index 2. Switching to next key...
2026-05-26 02:19:18,522 [WARNING] ⚠️ Rate limit hit on key index 3. Switching to next key...
2026-05-26 02:19:22,148 [WARNING] ⚠️ Rate limit hit on key index 4. Switching to next key...
2026-05-26 02:19:22,568 [WARNING] ⚠️ Rate limit hit on key index 5. Switching to next key...
2026-05-26 02:19:23,349 [WARNING] ⚠️ Rate limit hit on key index 0. Switching to next key...
2026-05-26 02:19:25,576 [WARNING] ⚠️ Error (401) hit on key index 1. Switching to next key...
2026-05-26 02:19:25,577 [ERROR] ❌ All Cohere API keys exhausted or rate limited.
2026-05-26 02:19:25,577 [ERROR] ❌ Cohere returned an empty response. Verify API Key limits or safety filters.
2026-05-26 02:19:25,579 [INFO] ✅ JSON store updated: /home/tomito/tomito seo (copy 1)/data/content/1677.json
2026-05-26 02:19:25,579 [INFO] ✅ movie 1677
2026-05-26 02:19:26,711 [WARNING] ⚠️ Error (401) hit on key index 2. Switching to next key...
2026-05-26 02:19:27,108 [WARNING] ⚠️ Rate limit hit on key index 3. Switching to next key...
2026-05-26 02:19:27,268 [WARNING] ⚠️ Error (401) hit on key index 4. Switching to next key...
2026-05-26 02:19:27,402 [WARNING] ⚠️ Rate limit hit on key index 5. Switching to next key...
2026-05-26 02:19:29,510 [WARNING] ⚠️ Error (401) hit on key index 0. Switching to next key...
2026-05-26 02:19:30,702 [WARNING] ⚠️ Rate limit hit on key index 1. Switching to next key...
2026-05-26 02:19:31,100 [WARNING] ⚠️ Rate limit hit on key index 2. Switching to next key...
2026-05-26 02:19:34,632 [WARNING] ⚠️ Rate limit hit on key index 3. Switching to next key...
2026-05-26 02:19:34,999 [WARNING] ⚠️ Rate limit hit on key index 4. Switching to next key...
2026-05-26 02:19:35,736 [WARNING] ⚠️ Rate limit hit on key index 5. Switching to next key...
2026-05-26 02:19:37,152 [WARNING] ⚠️ Rate limit hit on key index 0. Switching to next key...
2026-05-26 02:19:37,424 [WARNING] ⚠️ Rate limit hit on key index 1. Switching to next key...
2026-05-26 02:19:39,154 [ERROR] ❌ All Cohere API keys exhausted or rate limited.
2026-05-26 02:19:39,155 [ERROR] ❌ Cohere returned an empty response. Verify API Key limits or safety filters.
2026-05-26 02:19:39,156 [INFO] ✅ JSON store updated: /home/tomito/tomito seo (copy 1)/data/content/1715.json
2026-05-26 02:19:39,157 [INFO] ✅ movie 1715
2026-05-26 02:19:40,117 [WARNING] ⚠️ Rate limit hit on key index 2. Switching to next key...
2026-05-26 02:19:45,449 [WARNING] ⚠️ Rate limit hit on key index 3. Switching to next key...
2026-05-26 02:19:51,778 [WARNING] ⚠️ Rate limit hit on key index 4. Switching to next key...
2026-05-26 02:19:53,232 [WARNING] ⚠️ Rate limit hit on key index 5. Switching to next key...
2026-05-26 02:19:58,986 [WARNING] ⚠️ Rate limit hit on key index 0. Switching to next key...
2026-05-26 02:20:05,295 [WARNING] ⚠️ Rate limit hit on key index 1. Switching to next key...
2026-05-26 02:20:05,879 [WARNING] ⚠️ Rate limit hit on key index 2. Switching to next key...
2026-05-26 02:20:07,882 [ERROR] ❌ All Cohere API keys exhausted or rate limited.
2026-05-26 02:20:07,882 [ERROR] ❌ Cohere returned an empty response. Verify API Key limits or safety filters.
2026-05-26 02:20:07,884 [INFO] ✅ JSON store updated: /home/tomito/tomito seo (copy 1)/data/content/16869.json
2026-05-26 02:20:07,884 [INFO] ✅ movie 16869
2026-05-26 02:20:11,450 [ERROR] Cohere API Error: ('Connection aborted.', RemoteDisconnected('Remote end closed connection without response'))
2026-05-26 02:20:11,450 [ERROR] ❌ Cohere returned an empty response. Verify API Key limits or safety filters.
2026-05-26 02:20:11,452 [INFO] ✅ JSON store updated: /home/tomito/tomito seo (copy 1)/data/content/1734.json
2026-05-26 02:20:11,452 [INFO] ✅ movie 1734
2026-05-26 02:20:11,542 [WARNING] ⚠️ Rate limit hit on key index 3. Switching to next key...
2026-05-26 02:20:13,488 [WARNING] ⚠️ Error (401) hit on key index 4. Switching to next key...
2026-05-26 02:20:13,489 [ERROR] ❌ All Cohere API keys exhausted or rate limited.
2026-05-26 02:20:13,490 [ERROR] ❌ Cohere returned an empty response. Verify API Key limits or safety filters.
2026-05-26 02:20:13,491 [INFO] ✅ JSON store updated: /home/tomito/tomito seo (copy 1)/data/content/1726.json
2026-05-26 02:20:13,492 [INFO] ✅ movie 1726
2026-05-26 02:20:15,003 [ERROR] Cohere API Error: HTTPSConnectionPool(host='api.cohere.com', port=443): Read timed out. (read timeout=60)
2026-05-26 02:20:15,003 [ERROR] ❌ Cohere returned an empty response. Verify API Key limits or safety filters.
2026-05-26 02:20:15,005 [INFO] ✅ JSON store updated: /home/tomito/tomito seo (copy 1)/data/content/168259.json
2026-05-26 02:20:15,006 [INFO] ✅ movie 168259
2026-05-26 02:20:16,904 [WARNING] ⚠️ Rate limit hit on key index 5. Switching to next key...
2026-05-26 02:20:20,937 [WARNING] ⚠️ Rate limit hit on key index 0. Switching to next key...
2026-05-26 02:20:21,088 [WARNING] ⚠️ Rate limit hit on key index 1. Switching to next key...
2026-05-26 02:20:21,161 [WARNING] ⚠️ Rate limit hit on key index 2. Switching to next key...
2026-05-26 02:20:22,899 [WARNING] ⚠️ Rate limit hit on key index 3. Switching to next key...
2026-05-26 02:20:24,302 [WARNING] ⚠️ Rate limit hit on key index 4. Switching to next key...
2026-05-26 02:20:25,085 [WARNING] ⚠️ Rate limit hit on key index 5. Switching to next key...
2026-05-26 02:20:25,849 [WARNING] ⚠️ Rate limit hit on key index 0. Switching to next key...
2026-05-26 02:20:26,305 [ERROR] ❌ All Cohere API keys exhausted or rate limited.
2026-05-26 02:20:26,305 [ERROR] ❌ Cohere returned an empty response. Verify API Key limits or safety filters.
2026-05-26 02:20:26,307 [INFO] ✅ JSON store updated: /home/tomito/tomito seo (copy 1)/data/content/16859.json
2026-05-26 02:20:26,307 [INFO] ✅ movie 16859
2026-05-26 02:20:26,340 [INFO] 💾 Index saved — 360 / 1936 done
2026-05-26 02:20:26,920 [WARNING] ⚠️ Rate limit hit on key index 1. Switching to next key...
2026-05-26 02:20:28,622 [WARNING] ⚠️ Rate limit hit on key index 2. Switching to next key...
2026-05-26 02:20:29,913 [ERROR] Cohere API Error: HTTPSConnectionPool(host='api.cohere.com', port=443): Read timed out. (read timeout=60)
2026-05-26 02:20:29,913 [ERROR] ❌ Cohere returned an empty response. Verify API Key limits or safety filters.
2026-05-26 02:20:29,915 [INFO] ✅ JSON store updated: /home/tomito/tomito seo (copy 1)/data/content/1701.json
2026-05-26 02:20:29,915 [INFO] ✅ movie 1701
2026-05-26 02:20:30,095 [INFO] Mirrored asset: 58lPgfbRJ7LRCLK5ezWKHIotjg0.jpg
2026-05-26 02:20:31,120 [WARNING] ⚠️ Rate limit hit on key index 3. Switching to next key...
2026-05-26 02:20:32,037 [WARNING] ⚠️ Rate limit hit on key index 4. Switching to next key...
2026-05-26 02:20:32,326 [WARNING] ⚠️ Rate limit hit on key index 5. Switching to next key...
2026-05-26 02:20:34,796 [WARNING] ⚠️ Rate limit hit on key index 0. Switching to next key...
2026-05-26 02:20:35,017 [WARNING] ⚠️ Rate limit hit on key index 1. Switching to next key...
2026-05-26 02:20:35,978 [WARNING] ⚠️ Rate limit hit on key index 2. Switching to next key...
2026-05-26 02:20:36,417 [WARNING] ⚠️ Rate limit hit on key index 3. Switching to next key...
2026-05-26 02:20:36,581 [WARNING] ⚠️ Rate limit hit on key index 4. Switching to next key...
2026-05-26 02:20:37,256 [WARNING] ⚠️ Rate limit hit on key index 5. Switching to next key...
2026-05-26 02:20:37,443 [WARNING] ⚠️ Rate limit hit on key index 0. Switching to next key...
2026-05-26 02:20:39,837 [WARNING] ⚠️ Error (401) hit on key index 1. Switching to next key...
2026-05-26 02:20:39,839 [ERROR] ❌ All Cohere API keys exhausted or rate limited.
2026-05-26 02:20:39,839 [ERROR] ❌ Cohere returned an empty response. Verify API Key limits or safety filters.
2026-05-26 02:20:39,841 [INFO] ✅ JSON store updated: /home/tomito/tomito seo (copy 1)/data/content/1771.json
2026-05-26 02:20:39,841 [INFO] ✅ movie 1771
2026-05-26 02:20:40,010 [WARNING] ⚠️ Rate limit hit on key index 2. Switching to next key...
2026-05-26 02:20:40,077 [WARNING] ⚠️ Error (401) hit on key index 3. Switching to next key...
2026-05-26 02:20:40,077 [ERROR] ❌ All Cohere API keys exhausted or rate limited.
2026-05-26 02:20:40,077 [ERROR] ❌ Cohere returned an empty response. Verify API Key limits or safety filters.
2026-05-26 02:20:40,079 [INFO] ✅ JSON store updated: /home/tomito/tomito seo (copy 1)/data/content/177572.json
2026-05-26 02:20:40,079 [INFO] ✅ movie 177572
2026-05-26 02:20:41,858 [WARNING] ⚠️ Error (401) hit on key index 4. Switching to next key...
2026-05-26 02:20:42,989 [WARNING] ⚠️ Rate limit hit on key index 5. Switching to next key...
2026-05-26 02:20:43,729 [WARNING] ⚠️ Error (401) hit on key index 0. Switching to next key...
2026-05-26 02:20:45,940 [WARNING] ⚠️ Rate limit hit on key index 1. Switching to next key...
2026-05-26 02:20:46,594 [WARNING] ⚠️ Error (401) hit on key index 2. Switching to next key...
2026-05-26 02:20:46,749 [WARNING] ⚠️ Error (401) hit on key index 3. Switching to next key...
2026-05-26 02:20:47,427 [WARNING] ⚠️ Error (401) hit on key index 4. Switching to next key...
2026-05-26 02:20:47,593 [WARNING] ⚠️ Rate limit hit on key index 5. Switching to next key...
2026-05-26 02:20:49,196 [WARNING] ⚠️ Rate limit hit on key index 0. Switching to next key...
2026-05-26 02:20:49,489 [WARNING] ⚠️ Rate limit hit on key index 1. Switching to next key...
2026-05-26 02:20:50,144 [WARNING] ⚠️ Rate limit hit on key index 2. Switching to next key...
2026-05-26 02:20:50,817 [WARNING] ⚠️ Rate limit hit on key index 3. Switching to next key...
2026-05-26 02:20:51,116 [WARNING] ⚠️ Error (401) hit on key index 4. Switching to next key...
2026-05-26 02:20:51,198 [ERROR] ❌ All Cohere API keys exhausted or rate limited.
2026-05-26 02:20:51,199 [ERROR] ❌ Cohere returned an empty response. Verify API Key limits or safety filters.
2026-05-26 02:20:51,200 [INFO] ✅ JSON store updated: /home/tomito/tomito seo (copy 1)/data/content/17581.json
2026-05-26 02:20:51,200 [INFO] ✅ movie 17581
2026-05-26 02:20:52,145 [ERROR] ❌ All Cohere API keys exhausted or rate limited.
2026-05-26 02:20:52,145 [ERROR] ❌ Cohere returned an empty response. Verify API Key limits or safety filters.
2026-05-26 02:20:52,147 [INFO] ✅ JSON store updated: /home/tomito/tomito seo (copy 1)/data/content/176.json
2026-05-26 02:20:52,147 [INFO] ✅ movie 176
2026-05-26 02:20:52,492 [WARNING] ⚠️ Rate limit hit on key index 5. Switching to next key...
2026-05-26 02:20:53,059 [WARNING] ⚠️ Error (401) hit on key index 0. Switching to next key...
2026-05-26 02:20:53,721 [WARNING] ⚠️ Error (401) hit on key index 1. Switching to next key...
2026-05-26 02:20:54,196 [WARNING] ⚠️ Rate limit hit on key index 2. Switching to next key...
2026-05-26 02:20:54,892 [WARNING] ⚠️ Rate limit hit on key index 3. Switching to next key...
2026-05-26 02:20:55,286 [WARNING] ⚠️ Rate limit hit on key index 4. Switching to next key...
2026-05-26 02:20:55,417 [WARNING] ⚠️ Rate limit hit on key index 5. Switching to next key...
2026-05-26 02:20:57,138 [INFO] Mirrored asset: 24C9zdTBVmi9pohF9dJp3Ghkiem.jpg
2026-05-26 02:20:57,289 [ERROR] ❌ All Cohere API keys exhausted or rate limited.
2026-05-26 02:20:57,289 [ERROR] ❌ Cohere returned an empty response. Verify API Key limits or safety filters.
2026-05-26 02:20:57,291 [INFO] ✅ JSON store updated: /home/tomito/tomito seo (copy 1)/data/content/180894.json
2026-05-26 02:20:57,291 [INFO] ✅ movie 180894
2026-05-26 02:20:57,459 [WARNING] ⚠️ Rate limit hit on key index 0. Switching to next key...
2026-05-26 02:20:59,069 [WARNING] ⚠️ Rate limit hit on key index 1. Switching to next key...
2026-05-26 02:20:59,982 [WARNING] ⚠️ Error (401) hit on key index 2. Switching to next key...
2026-05-26 02:21:00,564 [WARNING] ⚠️ Rate limit hit on key index 3. Switching to next key...
2026-05-26 02:21:02,029 [WARNING] ⚠️ Rate limit hit on key index 4. Switching to next key...
2026-05-26 02:21:02,316 [WARNING] ⚠️ Rate limit hit on key index 5. Switching to next key...
2026-05-26 02:21:02,583 [WARNING] ⚠️ Rate limit hit on key index 0. Switching to next key...
2026-05-26 02:21:03,579 [WARNING] ⚠️ Rate limit hit on key index 1. Switching to next key...
2026-05-26 02:21:04,319 [ERROR] ❌ All Cohere API keys exhausted or rate limited.
2026-05-26 02:21:04,320 [ERROR] ❌ Cohere returned an empty response. Verify API Key limits or safety filters.
2026-05-26 02:21:04,322 [INFO] ✅ JSON store updated: /home/tomito/tomito seo (copy 1)/data/content/181812.json
2026-05-26 02:21:04,323 [INFO] ✅ movie 181812
2026-05-26 02:21:05,061 [WARNING] ⚠️ Rate limit hit on key index 2. Switching to next key...
2026-05-26 02:21:07,062 [ERROR] ❌ All Cohere API keys exhausted or rate limited.
2026-05-26 02:21:07,063 [ERROR] ❌ Cohere returned an empty response. Verify API Key limits or safety filters.
2026-05-26 02:21:07,065 [INFO] ✅ JSON store updated: /home/tomito/tomito seo (copy 1)/data/content/18305.json
2026-05-26 02:21:07,065 [INFO] ✅ movie 18305
2026-05-26 02:21:09,826 [WARNING] ⚠️ Rate limit hit on key index 3. Switching to next key...
2026-05-26 02:21:14,482 [WARNING] ⚠️ Rate limit hit on key index 4. Switching to next key...
2026-05-26 02:21:15,079 [WARNING] ⚠️ Rate limit hit on key index 5. Switching to next key...
2026-05-26 02:21:17,709 [WARNING] ⚠️ Rate limit hit on key index 0. Switching to next key...
2026-05-26 02:21:17,866 [WARNING] ⚠️ Rate limit hit on key index 1. Switching to next key...
2026-05-26 02:21:18,456 [WARNING] ⚠️ Rate limit hit on key index 2. Switching to next key...
2026-05-26 02:21:20,394 [WARNING] ⚠️ Rate limit hit on key index 3. Switching to next key...
2026-05-26 02:21:20,398 [WARNING] ⚠️ Rate limit hit on key index 4. Switching to next key...
2026-05-26 02:21:21,923 [WARNING] ⚠️ Rate limit hit on key index 5. Switching to next key...
2026-05-26 02:21:23,039 [WARNING] ⚠️ Rate limit hit on key index 0. Switching to next key...
2026-05-26 02:21:24,801 [WARNING] ⚠️ Rate limit hit on key index 1. Switching to next key...
2026-05-26 02:21:24,820 [WARNING] ⚠️ Error (401) hit on key index 2. Switching to next key...
2026-05-26 02:21:24,822 [ERROR] ❌ All Cohere API keys exhausted or rate limited.
2026-05-26 02:21:24,823 [ERROR] ❌ Cohere returned an empty response. Verify API Key limits or safety filters.
2026-05-26 02:21:24,825 [INFO] ✅ JSON store updated: /home/tomito/tomito seo (copy 1)/data/content/18311.json
2026-05-26 02:21:24,825 [INFO] ✅ movie 18311
2026-05-26 02:21:25,927 [WARNING] ⚠️ Rate limit hit on key index 3. Switching to next key...
2026-05-26 02:21:27,640 [WARNING] ⚠️ Rate limit hit on key index 4. Switching to next key...
2026-05-26 02:21:29,614 [WARNING] ⚠️ Rate limit hit on key index 5. Switching to next key...
2026-05-26 02:21:32,780 [WARNING] ⚠️ Rate limit hit on key index 0. Switching to next key...
2026-05-26 02:21:32,797 [WARNING] ⚠️ Rate limit hit on key index 1. Switching to next key...
2026-05-26 02:21:33,594 [WARNING] ⚠️ Rate limit hit on key index 2. Switching to next key...
2026-05-26 02:21:34,770 [WARNING] ⚠️ Rate limit hit on key index 3. Switching to next key...
2026-05-26 02:21:34,782 [ERROR] ❌ All Cohere API keys exhausted or rate limited.
2026-05-26 02:21:34,783 [ERROR] ❌ Cohere returned an empty response. Verify API Key limits or safety filters.
2026-05-26 02:21:34,784 [INFO] ✅ JSON store updated: /home/tomito/tomito seo (copy 1)/data/content/184.json
2026-05-26 02:21:34,785 [INFO] ✅ movie 184
2026-05-26 02:21:37,348 [WARNING] ⚠️ Rate limit hit on key index 4. Switching to next key...
2026-05-26 02:21:37,670 [WARNING] ⚠️ Rate limit hit on key index 5. Switching to next key...
2026-05-26 02:21:39,367 [WARNING] ⚠️ Rate limit hit on key index 0. Switching to next key...
2026-05-26 02:21:39,927 [WARNING] ⚠️ Rate limit hit on key index 1. Switching to next key...
2026-05-26 02:21:40,676 [WARNING] ⚠️ Error (401) hit on key index 2. Switching to next key...
2026-05-26 02:21:40,677 [ERROR] ❌ All Cohere API keys exhausted or rate limited.
2026-05-26 02:21:40,677 [ERROR] ❌ Cohere returned an empty response. Verify API Key limits or safety filters.
2026-05-26 02:21:40,678 [INFO] ✅ JSON store updated: /home/tomito/tomito seo (copy 1)/data/content/1865.json
2026-05-26 02:21:40,679 [INFO] ✅ movie 1865
2026-05-26 02:21:42,322 [WARNING] ⚠️ Rate limit hit on key index 3. Switching to next key...
2026-05-26 02:21:42,962 [WARNING] ⚠️ Rate limit hit on key index 4. Switching to next key...
2026-05-26 02:21:43,109 [WARNING] ⚠️ Rate limit hit on key index 5. Switching to next key...
2026-05-26 02:21:43,547 [WARNING] ⚠️ Rate limit hit on key index 0. Switching to next key...
2026-05-26 02:21:44,322 [ERROR] ❌ All Cohere API keys exhausted or rate limited.
2026-05-26 02:21:44,323 [ERROR] ❌ Cohere returned an empty response. Verify API Key limits or safety filters.
2026-05-26 02:21:44,324 [INFO] ✅ JSON store updated: /home/tomito/tomito seo (copy 1)/data/content/181808.json
2026-05-26 02:21:44,325 [INFO] ✅ movie 181808
2026-05-26 02:21:45,113 [ERROR] ❌ All Cohere API keys exhausted or rate limited.
2026-05-26 02:21:45,113 [ERROR] ❌ Cohere returned an empty response. Verify API Key limits or safety filters.
2026-05-26 02:21:45,115 [INFO] ✅ JSON store updated: /home/tomito/tomito seo (copy 1)/data/content/185.json
2026-05-26 02:21:45,116 [INFO] ✅ movie 185
2026-05-26 02:21:46,365 [WARNING] ⚠️ Error (401) hit on key index 1. Switching to next key...
2026-05-26 02:21:47,555 [WARNING] ⚠️ Rate limit hit on key index 2. Switching to next key...
2026-05-26 02:21:49,583 [WARNING] ⚠️ Error (401) hit on key index 3. Switching to next key...
2026-05-26 02:21:50,984 [WARNING] ⚠️ Rate limit hit on key index 4. Switching to next key...
2026-05-26 02:21:51,739 [WARNING] ⚠️ Rate limit hit on key index 5. Switching to next key...
2026-05-26 02:21:52,986 [ERROR] ❌ All Cohere API keys exhausted or rate limited.
2026-05-26 02:21:52,987 [ERROR] ❌ Cohere returned an empty response. Verify API Key limits or safety filters.
2026-05-26 02:21:52,988 [INFO] ✅ JSON store updated: /home/tomito/tomito seo (copy 1)/data/content/18334.json
2026-05-26 02:21:52,989 [INFO] ✅ movie 18334
2026-05-26 02:21:53,480 [WARNING] ⚠️ Rate limit hit on key index 0. Switching to next key...
2026-05-26 02:21:55,805 [WARNING] ⚠️ Rate limit hit on key index 1. Switching to next key...
2026-05-26 02:21:57,435 [WARNING] ⚠️ Error (401) hit on key index 2. Switching to next key...
2026-05-26 02:22:01,115 [WARNING] ⚠️ Error (401) hit on key index 3. Switching to next key...
2026-05-26 02:22:02,312 [WARNING] ⚠️ Rate limit hit on key index 4. Switching to next key...
2026-05-26 02:22:02,657 [WARNING] ⚠️ Rate limit hit on key index 5. Switching to next key...
2026-05-26 02:22:02,748 [WARNING] ⚠️ Error (502) hit on key index 0. Switching to next key...
2026-05-26 02:22:06,393 [WARNING] ⚠️ Error (401) hit on key index 1. Switching to next key...
2026-05-26 02:22:08,345 [WARNING] ⚠️ Error (401) hit on key index 2. Switching to next key...
2026-05-26 02:22:08,761 [WARNING] ⚠️ Error (401) hit on key index 3. Switching to next key...
2026-05-26 02:22:12,012 [WARNING] ⚠️ Rate limit hit on key index 4. Switching to next key...
2026-05-26 02:22:14,354 [WARNING] ⚠️ Rate limit hit on key index 5. Switching to next key...
2026-05-26 02:22:17,544 [WARNING] ⚠️ Rate limit hit on key index 0. Switching to next key...
2026-05-26 02:22:17,756 [WARNING] ⚠️ Rate limit hit on key index 1. Switching to next key...
2026-05-26 02:22:24,018 [WARNING] ⚠️ Rate limit hit on key index 2. Switching to next key...
2026-05-26 02:22:24,172 [WARNING] ⚠️ Rate limit hit on key index 3. Switching to next key...
2026-05-26 02:22:26,931 [WARNING] ⚠️ Rate limit hit on key index 4. Switching to next key...
2026-05-26 02:22:28,008 [WARNING] ⚠️ Rate limit hit on key index 5. Switching to next key...
2026-05-26 02:22:28,930 [ERROR] Cohere API Error: HTTPSConnectionPool(host='api.cohere.com', port=443): Read timed out. (read timeout=60)
2026-05-26 02:22:28,930 [ERROR] ❌ Cohere returned an empty response. Verify API Key limits or safety filters.
2026-05-26 02:22:28,931 [INFO] ✅ JSON store updated: /home/tomito/tomito seo (copy 1)/data/content/187.json
2026-05-26 02:22:28,932 [INFO] ✅ movie 187
2026-05-26 02:22:28,934 [ERROR] ❌ All Cohere API keys exhausted or rate limited.
2026-05-26 02:22:28,934 [ERROR] ❌ Cohere returned an empty response. Verify API Key limits or safety filters.
2026-05-26 02:22:28,936 [INFO] ✅ JSON store updated: /home/tomito/tomito seo (copy 1)/data/content/192904.json
2026-05-26 02:22:28,937 [INFO] ✅ movie 192904
2026-05-26 02:22:30,010 [ERROR] ❌ All Cohere API keys exhausted or rate limited.
2026-05-26 02:22:30,011 [ERROR] ❌ Cohere returned an empty response. Verify API Key limits or safety filters.
2026-05-26 02:22:30,012 [INFO] ✅ JSON store updated: /home/tomito/tomito seo (copy 1)/data/content/18785.json
2026-05-26 02:22:30,012 [INFO] ✅ movie 18785
2026-05-26 02:22:30,333 [ERROR] Cohere API Error: ('Connection aborted.', RemoteDisconnected('Remote end closed connection without response'))
2026-05-26 02:22:30,333 [ERROR] ❌ Cohere returned an empty response. Verify API Key limits or safety filters.
2026-05-26 02:22:30,335 [INFO] ✅ JSON store updated: /home/tomito/tomito seo (copy 1)/data/content/18764.json
2026-05-26 02:22:30,335 [INFO] ✅ movie 18764
2026-05-26 02:22:35,417 [WARNING] ⚠️ Rate limit hit on key index 0. Switching to next key...
2026-05-26 02:22:37,059 [WARNING] ⚠️ Rate limit hit on key index 1. Switching to next key...
2026-05-26 02:22:37,755 [WARNING] ⚠️ Error (401) hit on key index 2. Switching to next key...
2026-05-26 02:22:41,447 [WARNING] ⚠️ Rate limit hit on key index 3. Switching to next key...
2026-05-26 02:22:47,469 [WARNING] ⚠️ Rate limit hit on key index 4. Switching to next key...
2026-05-26 02:22:48,525 [WARNING] ⚠️ Rate limit hit on key index 5. Switching to next key...
2026-05-26 02:22:52,149 [WARNING] ⚠️ Rate limit hit on key index 0. Switching to next key...
2026-05-26 02:22:55,795 [WARNING] ⚠️ Rate limit hit on key index 1. Switching to next key...
2026-05-26 02:22:57,543 [ERROR] Cohere API Error: HTTPSConnectionPool(host='api.cohere.com', port=443): Read timed out. (read timeout=60)
2026-05-26 02:22:57,543 [ERROR] ❌ Cohere returned an empty response. Verify API Key limits or safety filters.
2026-05-26 02:22:57,545 [INFO] ✅ JSON store updated: /home/tomito/tomito seo (copy 1)/data/content/1948.json
2026-05-26 02:22:57,545 [INFO] ✅ movie 1948
2026-05-26 02:22:58,096 [WARNING] ⚠️ Error (401) hit on key index 2. Switching to next key...
2026-05-26 02:22:58,731 [ERROR] Cohere API Error: HTTPSConnectionPool(host='api.cohere.com', port=443): Read timed out. (read timeout=60)
2026-05-26 02:22:58,731 [ERROR] ❌ Cohere returned an empty response. Verify API Key limits or safety filters.
2026-05-26 02:22:58,733 [INFO] ✅ JSON store updated: /home/tomito/tomito seo (copy 1)/data/content/187017.json
2026-05-26 02:22:58,733 [INFO] ✅ movie 187017
2026-05-26 02:22:58,765 [INFO] 💾 Index saved — 380 / 1936 done
2026-05-26 02:23:00,098 [WARNING] ⚠️ Rate limit hit on key index 3. Switching to next key...
2026-05-26 02:23:07,279 [WARNING] ⚠️ Rate limit hit on key index 4. Switching to next key...
2026-05-26 02:23:08,340 [WARNING] ⚠️ Rate limit hit on key index 5. Switching to next key...
2026-05-26 02:23:15,085 [WARNING] ⚠️ Rate limit hit on key index 0. Switching to next key...
2026-05-26 02:23:18,583 [WARNING] ⚠️ Error (401) hit on key index 1. Switching to next key...
2026-05-26 02:23:18,583 [ERROR] ❌ All Cohere API keys exhausted or rate limited.
2026-05-26 02:23:18,583 [ERROR] ❌ Cohere returned an empty response. Verify API Key limits or safety filters.
2026-05-26 02:23:18,584 [INFO] ✅ JSON store updated: /home/tomito/tomito seo (copy 1)/data/content/198184.json
2026-05-26 02:23:18,584 [INFO] ✅ movie 198184
2026-05-26 02:23:23,163 [WARNING] ⚠️ Rate limit hit on key index 2. Switching to next key...
2026-05-26 02:23:23,973 [WARNING] ⚠️ Rate limit hit on key index 3. Switching to next key...
2026-05-26 02:23:25,998 [WARNING] ⚠️ Rate limit hit on key index 4. Switching to next key...
2026-05-26 02:23:51,007 [ERROR] Cohere API Error: HTTPSConnectionPool(host='api.cohere.com', port=443): Read timed out. (read timeout=60)
2026-05-26 02:23:51,007 [ERROR] ❌ Cohere returned an empty response. Verify API Key limits or safety filters.
2026-05-26 02:23:51,009 [INFO] ✅ JSON store updated: /home/tomito/tomito seo (copy 1)/data/content/197.json
2026-05-26 02:23:51,009 [INFO] ✅ movie 197
2026-05-26 02:24:06,895 [WARNING] ⚠️ Rate limit hit on key index 5. Switching to next key...
2026-05-26 02:24:07,099 [ERROR] Cohere API Error: HTTPSConnectionPool(host='api.cohere.com', port=443): Read timed out. (read timeout=60)
2026-05-26 02:24:07,099 [ERROR] ❌ Cohere returned an empty response. Verify API Key limits or safety filters.
2026-05-26 02:24:07,101 [INFO] ✅ JSON store updated: /home/tomito/tomito seo (copy 1)/data/content/198663.json
2026-05-26 02:24:07,101 [INFO] ✅ movie 198663
2026-05-26 02:24:10,695 [ERROR] Cohere API Error: HTTPSConnectionPool(host='api.cohere.com', port=443): Read timed out. (read timeout=60)
2026-05-26 02:24:10,695 [ERROR] ❌ Cohere returned an empty response. Verify API Key limits or safety filters.
2026-05-26 02:24:10,697 [INFO] ✅ JSON store updated: /home/tomito/tomito seo (copy 1)/data/content/1966.json
2026-05-26 02:24:10,697 [INFO] ✅ movie 1966
2026-05-26 02:24:10,890 [WARNING] ⚠️ Rate limit hit on key index 0. Switching to next key...
2026-05-26 02:24:11,597 [WARNING] ⚠️ Error (401) hit on key index 1. Switching to next key...
2026-05-26 02:24:14,619 [WARNING] ⚠️ Rate limit hit on key index 2. Switching to next key...
2026-05-26 02:24:15,204 [WARNING] ⚠️ Error (401) hit on key index 3. Switching to next key...
2026-05-26 02:24:19,744 [WARNING] ⚠️ Rate limit hit on key index 4. Switching to next key...
2026-05-26 02:24:20,924 [WARNING] ⚠️ Rate limit hit on key index 5. Switching to next key...
2026-05-26 02:24:21,746 [ERROR] ❌ All Cohere API keys exhausted or rate limited.
2026-05-26 02:24:21,747 [ERROR] ❌ Cohere returned an empty response. Verify API Key limits or safety filters.
2026-05-26 02:24:21,748 [INFO] ✅ JSON store updated: /home/tomito/tomito seo (copy 1)/data/content/1949.json
2026-05-26 02:24:21,749 [INFO] ✅ movie 1949
2026-05-26 02:24:26,603 [WARNING] ⚠️ Rate limit hit on key index 0. Switching to next key...
2026-05-26 02:24:28,359 [ERROR] Cohere API Error: HTTPSConnectionPool(host='api.cohere.com', port=443): Read timed out. (read timeout=60)
2026-05-26 02:24:28,359 [ERROR] ❌ Cohere returned an empty response. Verify API Key limits or safety filters.
2026-05-26 02:24:28,361 [INFO] ✅ JSON store updated: /home/tomito/tomito seo (copy 1)/data/content/20222.json
2026-05-26 02:24:28,361 [INFO] ✅ movie 20222
2026-05-26 02:24:30,699 [WARNING] ⚠️ Error (401) hit on key index 1. Switching to next key...
2026-05-26 02:24:31,622 [WARNING] ⚠️ Rate limit hit on key index 2. Switching to next key...
2026-05-26 02:24:33,309 [WARNING] ⚠️ Error (401) hit on key index 3. Switching to next key...
2026-05-26 02:24:35,031 [WARNING] ⚠️ Rate limit hit on key index 4. Switching to next key...
2026-05-26 02:24:37,045 [WARNING] ⚠️ Rate limit hit on key index 5. Switching to next key...
2026-05-26 02:24:39,430 [WARNING] ⚠️ Rate limit hit on key index 0. Switching to next key...
2026-05-26 02:24:39,857 [WARNING] ⚠️ Rate limit hit on key index 1. Switching to next key...
2026-05-26 02:24:42,345 [WARNING] ⚠️ Rate limit hit on key index 2. Switching to next key...
2026-05-26 02:24:43,363 [WARNING] ⚠️ Rate limit hit on key index 3. Switching to next key...
2026-05-26 02:24:48,231 [WARNING] ⚠️ Rate limit hit on key index 4. Switching to next key...
2026-05-26 02:24:49,892 [WARNING] ⚠️ Rate limit hit on key index 5. Switching to next key...
2026-05-26 02:24:49,897 [WARNING] ⚠️ Rate limit hit on key index 5. Switching to next key...
2026-05-26 02:24:50,234 [ERROR] ❌ All Cohere API keys exhausted or rate limited.
2026-05-26 02:24:50,235 [ERROR] ❌ Cohere returned an empty response. Verify API Key limits or safety filters.
2026-05-26 02:24:50,236 [INFO] ✅ JSON store updated: /home/tomito/tomito seo (copy 1)/data/content/2024.json
2026-05-26 02:24:50,237 [INFO] ✅ movie 2024
2026-05-26 02:24:51,169 [WARNING] ⚠️ Rate limit hit on key index 1. Switching to next key...
2026-05-26 02:24:51,898 [ERROR] ❌ All Cohere API keys exhausted or rate limited.
2026-05-26 02:24:51,899 [ERROR] ❌ Cohere returned an empty response. Verify API Key limits or safety filters.
2026-05-26 02:24:51,900 [INFO] ✅ JSON store updated: /home/tomito/tomito seo (copy 1)/data/content/20352.json
2026-05-26 02:24:51,900 [INFO] ✅ movie 20352
2026-05-26 02:24:53,291 [WARNING] ⚠️ Rate limit hit on key index 2. Switching to next key...
2026-05-26 02:24:57,768 [WARNING] ⚠️ Rate limit hit on key index 3. Switching to next key...
2026-05-26 02:24:58,885 [WARNING] ⚠️ Rate limit hit on key index 4. Switching to next key...
2026-05-26 02:24:59,441 [WARNING] ⚠️ Error (502) hit on key index 5. Switching to next key...
2026-05-26 02:24:59,466 [WARNING] ⚠️ Error (502) hit on key index 0. Switching to next key...
2026-05-26 02:25:03,094 [WARNING] ⚠️ Error (401) hit on key index 1. Switching to next key...
2026-05-26 02:25:04,162 [INFO] Mirrored asset: 2uhhHtWtkmqtlAXE0ect4MGVuti.jpg
2026-05-26 02:25:05,069 [WARNING] ⚠️ Rate limit hit on key index 2. Switching to next key...
2026-05-26 02:25:06,125 [WARNING] ⚠️ Rate limit hit on key index 3. Switching to next key...
2026-05-26 02:25:06,129 [WARNING] ⚠️ Error (401) hit on key index 3. Switching to next key...
2026-05-26 02:25:07,326 [WARNING] ⚠️ Rate limit hit on key index 5. Switching to next key...
2026-05-26 02:25:07,804 [WARNING] ⚠️ Error (401) hit on key index 0. Switching to next key...
2026-05-26 02:25:09,359 [WARNING] ⚠️ Rate limit hit on key index 1. Switching to next key...
2026-05-26 02:25:09,516 [WARNING] ⚠️ Error (401) hit on key index 2. Switching to next key...
2026-05-26 02:25:10,432 [WARNING] ⚠️ Error (401) hit on key index 3. Switching to next key...
2026-05-26 02:25:10,567 [WARNING] ⚠️ Error (401) hit on key index 4. Switching to next key...
2026-05-26 02:25:11,855 [WARNING] ⚠️ Rate limit hit on key index 5. Switching to next key...
2026-05-26 02:25:12,967 [WARNING] ⚠️ Rate limit hit on key index 0. Switching to next key...
2026-05-26 02:25:13,674 [WARNING] ⚠️ Rate limit hit on key index 1. Switching to next key...
2026-05-26 02:25:14,310 [WARNING] ⚠️ Rate limit hit on key index 2. Switching to next key...
2026-05-26 02:25:14,949 [WARNING] ⚠️ Error (401) hit on key index 3. Switching to next key...
2026-05-26 02:25:14,950 [ERROR] ❌ All Cohere API keys exhausted or rate limited.
2026-05-26 02:25:14,950 [ERROR] ❌ Cohere returned an empty response. Verify API Key limits or safety filters.
2026-05-26 02:25:14,952 [INFO] ✅ JSON store updated: /home/tomito/tomito seo (copy 1)/data/content/2034.json
2026-05-26 02:25:14,952 [INFO] ✅ movie 2034
2026-05-26 02:25:15,678 [WARNING] ⚠️ Rate limit hit on key index 4. Switching to next key...
2026-05-26 02:25:17,053 [WARNING] ⚠️ Rate limit hit on key index 5. Switching to next key...
2026-05-26 02:25:17,191 [WARNING] ⚠️ Rate limit hit on key index 0. Switching to next key...
2026-05-26 02:25:17,371 [WARNING] ⚠️ Rate limit hit on key index 1. Switching to next key...
2026-05-26 02:25:17,450 [WARNING] ⚠️ Error (401) hit on key index 2. Switching to next key...
2026-05-26 02:25:17,681 [ERROR] ❌ All Cohere API keys exhausted or rate limited.
2026-05-26 02:25:17,681 [ERROR] ❌ Cohere returned an empty response. Verify API Key limits or safety filters.
2026-05-26 02:25:17,683 [INFO] ✅ JSON store updated: /home/tomito/tomito seo (copy 1)/data/content/19995.json
2026-05-26 02:25:17,683 [INFO] ✅ movie 19995
2026-05-26 02:25:19,194 [ERROR] ❌ All Cohere API keys exhausted or rate limited.
2026-05-26 02:25:19,194 [ERROR] ❌ Cohere returned an empty response. Verify API Key limits or safety filters.
2026-05-26 02:25:19,196 [INFO] ✅ JSON store updated: /home/tomito/tomito seo (copy 1)/data/content/20526.json
2026-05-26 02:25:19,196 [INFO] ✅ movie 20526
2026-05-26 02:25:19,374 [ERROR] ❌ All Cohere API keys exhausted or rate limited.
2026-05-26 02:25:19,374 [ERROR] ❌ Cohere returned an empty response. Verify API Key limits or safety filters.
2026-05-26 02:25:19,375 [INFO] ✅ JSON store updated: /home/tomito/tomito seo (copy 1)/data/content/20256.json
2026-05-26 02:25:19,376 [INFO] ✅ movie 20256
2026-05-26 02:25:19,807 [WARNING] ⚠️ Rate limit hit on key index 3. Switching to next key...
2026-05-26 02:25:20,521 [WARNING] ⚠️ Rate limit hit on key index 4. Switching to next key...
2026-05-26 02:25:22,522 [ERROR] ❌ All Cohere API keys exhausted or rate limited.
2026-05-26 02:25:22,523 [ERROR] ❌ Cohere returned an empty response. Verify API Key limits or safety filters.
2026-05-26 02:25:22,524 [INFO] ✅ JSON store updated: /home/tomito/tomito seo (copy 1)/data/content/20530.json
2026-05-26 02:25:22,524 [INFO] ✅ movie 20530
2026-05-26 02:25:22,701 [WARNING] ⚠️ Rate limit hit on key index 5. Switching to next key...
2026-05-26 02:25:25,631 [WARNING] ⚠️ Rate limit hit on key index 0. Switching to next key...
2026-05-26 02:25:26,411 [WARNING] ⚠️ Rate limit hit on key index 1. Switching to next key...
2026-05-26 02:25:29,034 [WARNING] ⚠️ Rate limit hit on key index 2. Switching to next key...
2026-05-26 02:25:30,504 [INFO] Mirrored asset: qjv78GyXon2ekTzNBuGBp44bJ8c.jpg
2026-05-26 02:25:32,332 [WARNING] ⚠️ Rate limit hit on key index 3. Switching to next key...
2026-05-26 02:25:32,925 [WARNING] ⚠️ Rate limit hit on key index 4. Switching to next key...
2026-05-26 02:25:33,040 [WARNING] ⚠️ Rate limit hit on key index 5. Switching to next key...
2026-05-26 02:25:36,347 [WARNING] ⚠️ Rate limit hit on key index 0. Switching to next key...
2026-05-26 02:25:36,509 [WARNING] ⚠️ Rate limit hit on key index 1. Switching to next key...
2026-05-26 02:25:37,185 [WARNING] ⚠️ Rate limit hit on key index 2. Switching to next key...
2026-05-26 02:25:38,818 [WARNING] ⚠️ Rate limit hit on key index 3. Switching to next key...
2026-05-26 02:25:40,105 [INFO] Mirrored asset: 4vFKKWPvCVDJTOWiwReBfpAMScP.jpg
2026-05-26 02:25:40,921 [WARNING] ⚠️ Rate limit hit on key index 4. Switching to next key...
2026-05-26 02:25:42,087 [WARNING] ⚠️ Rate limit hit on key index 5. Switching to next key...
2026-05-26 02:25:44,474 [WARNING] ⚠️ Rate limit hit on key index 0. Switching to next key...
2026-05-26 02:25:45,616 [WARNING] ⚠️ Rate limit hit on key index 1. Switching to next key...
2026-05-26 02:25:46,051 [WARNING] ⚠️ Rate limit hit on key index 2. Switching to next key...
2026-05-26 02:25:46,130 [WARNING] ⚠️ Rate limit hit on key index 3. Switching to next key...
2026-05-26 02:25:47,079 [WARNING] ⚠️ Rate limit hit on key index 4. Switching to next key...
2026-05-26 02:25:49,207 [WARNING] ⚠️ Rate limit hit on key index 5. Switching to next key...
2026-05-26 02:25:49,371 [WARNING] ⚠️ Rate limit hit on key index 0. Switching to next key...
2026-05-26 02:25:50,097 [WARNING] ⚠️ Rate limit hit on key index 1. Switching to next key...
2026-05-26 02:25:50,454 [WARNING] ⚠️ Rate limit hit on key index 2. Switching to next key...
2026-05-26 02:25:51,374 [ERROR] ❌ All Cohere API keys exhausted or rate limited.
2026-05-26 02:25:51,374 [ERROR] ❌ Cohere returned an empty response. Verify API Key limits or safety filters.
2026-05-26 02:25:51,376 [INFO] ✅ JSON store updated: /home/tomito/tomito seo (copy 1)/data/content/207703.json
2026-05-26 02:25:51,377 [INFO] ✅ movie 207703
2026-05-26 02:25:51,850 [WARNING] ⚠️ Rate limit hit on key index 3. Switching to next key...
2026-05-26 02:25:52,098 [ERROR] ❌ All Cohere API keys exhausted or rate limited.
2026-05-26 02:25:52,099 [ERROR] ❌ Cohere returned an empty response. Verify API Key limits or safety filters.
2026-05-26 02:25:52,100 [INFO] ✅ JSON store updated: /home/tomito/tomito seo (copy 1)/data/content/209112.json
2026-05-26 02:25:52,101 [INFO] ✅ movie 209112
2026-05-26 02:25:52,458 [ERROR] ❌ All Cohere API keys exhausted or rate limited.
2026-05-26 02:25:52,458 [ERROR] ❌ Cohere returned an empty response. Verify API Key limits or safety filters.
2026-05-26 02:25:52,459 [INFO] ✅ JSON store updated: /home/tomito/tomito seo (copy 1)/data/content/2109.json
2026-05-26 02:25:52,460 [INFO] ✅ movie 2109
2026-05-26 02:25:55,713 [INFO] Mirrored asset: pdNprWYdgcB8z4FLD3BhRmhEys1.jpg
2026-05-26 02:25:56,653 [WARNING] ⚠️ Rate limit hit on key index 4. Switching to next key...
2026-05-26 02:25:57,565 [WARNING] ⚠️ Rate limit hit on key index 5. Switching to next key...
2026-05-26 02:25:58,350 [WARNING] ⚠️ Rate limit hit on key index 0. Switching to next key...
2026-05-26 02:25:58,388 [WARNING] ⚠️ Rate limit hit on key index 1. Switching to next key...
2026-05-26 02:25:59,610 [WARNING] ⚠️ Rate limit hit on key index 2. Switching to next key...
2026-05-26 02:26:01,239 [WARNING] ⚠️ Rate limit hit on key index 3. Switching to next key...
2026-05-26 02:26:01,448 [WARNING] ⚠️ Rate limit hit on key index 4. Switching to next key...
2026-05-26 02:26:02,030 [WARNING] ⚠️ Rate limit hit on key index 5. Switching to next key...
2026-05-26 02:26:02,834 [WARNING] ⚠️ Rate limit hit on key index 0. Switching to next key...
2026-05-26 02:26:03,656 [WARNING] ⚠️ Error (401) hit on key index 1. Switching to next key...
2026-05-26 02:26:04,140 [WARNING] ⚠️ Rate limit hit on key index 2. Switching to next key...
2026-05-26 02:26:04,734 [WARNING] ⚠️ Error (401) hit on key index 3. Switching to next key...
2026-05-26 02:26:04,736 [ERROR] ❌ All Cohere API keys exhausted or rate limited.
2026-05-26 02:26:04,736 [ERROR] ❌ Cohere returned an empty response. Verify API Key limits or safety filters.
2026-05-26 02:26:04,738 [INFO] ✅ JSON store updated: /home/tomito/tomito seo (copy 1)/data/content/211387.json
2026-05-26 02:26:04,738 [INFO] ✅ movie 211387
2026-05-26 02:26:05,029 [WARNING] ⚠️ Rate limit hit on key index 4. Switching to next key...
2026-05-26 02:26:05,507 [WARNING] ⚠️ Rate limit hit on key index 5. Switching to next key...
2026-05-26 02:26:05,600 [WARNING] ⚠️ Rate limit hit on key index 0. Switching to next key...
2026-05-26 02:26:07,189 [WARNING] ⚠️ Error (401) hit on key index 1. Switching to next key...
2026-05-26 02:26:08,761 [WARNING] ⚠️ Error (401) hit on key index 2. Switching to next key...
2026-05-26 02:26:09,415 [WARNING] ⚠️ Rate limit hit on key index 3. Switching to next key...
2026-05-26 02:26:09,458 [WARNING] ⚠️ Rate limit hit on key index 4. Switching to next key...
2026-05-26 02:26:11,134 [WARNING] ⚠️ Rate limit hit on key index 5. Switching to next key...
2026-05-26 02:26:11,418 [ERROR] ❌ All Cohere API keys exhausted or rate limited.
2026-05-26 02:26:11,418 [ERROR] ❌ Cohere returned an empty response. Verify API Key limits or safety filters.
2026-05-26 02:26:11,420 [INFO] ✅ JSON store updated: /home/tomito/tomito seo (copy 1)/data/content/217993.json
2026-05-26 02:26:11,420 [INFO] ✅ movie 217993
2026-05-26 02:26:12,303 [WARNING] ⚠️ Rate limit hit on key index 0. Switching to next key...
2026-05-26 02:26:13,842 [WARNING] ⚠️ Error (401) hit on key index 1. Switching to next key...
2026-05-26 02:26:13,994 [WARNING] ⚠️ Rate limit hit on key index 2. Switching to next key...
2026-05-26 02:26:14,443 [WARNING] ⚠️ Rate limit hit on key index 3. Switching to next key...
2026-05-26 02:26:15,872 [WARNING] ⚠️ Rate limit hit on key index 4. Switching to next key...
2026-05-26 02:26:15,996 [ERROR] ❌ All Cohere API keys exhausted or rate limited.
2026-05-26 02:26:15,996 [ERROR] ❌ Cohere returned an empty response. Verify API Key limits or safety filters.
2026-05-26 02:26:15,997 [INFO] ✅ JSON store updated: /home/tomito/tomito seo (copy 1)/data/content/218.json
2026-05-26 02:26:15,997 [INFO] ✅ movie 218
2026-05-26 02:26:16,212 [WARNING] ⚠️ Rate limit hit on key index 5. Switching to next key...
2026-05-26 02:26:16,446 [ERROR] ❌ All Cohere API keys exhausted or rate limited.
2026-05-26 02:26:16,447 [ERROR] ❌ Cohere returned an empty response. Verify API Key limits or safety filters.
2026-05-26 02:26:16,448 [INFO] ✅ JSON store updated: /home/tomito/tomito seo (copy 1)/data/content/216015.json
2026-05-26 02:26:16,449 [INFO] ✅ movie 216015
2026-05-26 02:26:16,482 [INFO] 💾 Index saved — 400 / 1936 done
2026-05-26 02:26:16,961 [WARNING] ⚠️ Rate limit hit on key index 0. Switching to next key...
2026-05-26 02:26:18,400 [WARNING] ⚠️ Error (401) hit on key index 1. Switching to next key...
2026-05-26 02:26:19,452 [WARNING] ⚠️ Error (401) hit on key index 2. Switching to next key...
2026-05-26 02:26:20,009 [WARNING] ⚠️ Rate limit hit on key index 3. Switching to next key...
2026-05-26 02:26:20,170 [WARNING] ⚠️ Error (401) hit on key index 4. Switching to next key...
2026-05-26 02:26:20,170 [ERROR] ❌ All Cohere API keys exhausted or rate limited.
2026-05-26 02:26:20,170 [ERROR] ❌ Cohere returned an empty response. Verify API Key limits or safety filters.
2026-05-26 02:26:20,172 [INFO] ✅ JSON store updated: /home/tomito/tomito seo (copy 1)/data/content/2062.json
2026-05-26 02:26:20,173 [INFO] ✅ movie 2062
2026-05-26 02:26:20,373 [WARNING] ⚠️ Rate limit hit on key index 5. Switching to next key...
2026-05-26 02:26:20,748 [WARNING] ⚠️ Rate limit hit on key index 0. Switching to next key...
2026-05-26 02:26:21,827 [WARNING] ⚠️ Error (401) hit on key index 1. Switching to next key...
2026-05-26 02:26:22,332 [WARNING] ⚠️ Rate limit hit on key index 2. Switching to next key...
2026-05-26 02:26:24,387 [WARNING] ⚠️ Rate limit hit on key index 3. Switching to next key...
2026-05-26 02:26:24,396 [WARNING] ⚠️ Rate limit hit on key index 4. Switching to next key...
2026-05-26 02:26:24,900 [WARNING] ⚠️ Rate limit hit on key index 5. Switching to next key...
2026-05-26 02:26:24,953 [WARNING] ⚠️ Rate limit hit on key index 0. Switching to next key...
2026-05-26 02:26:25,700 [WARNING] ⚠️ Rate limit hit on key index 1. Switching to next key...
2026-05-26 02:26:27,865 [WARNING] ⚠️ Rate limit hit on key index 2. Switching to next key...
2026-05-26 02:26:28,325 [WARNING] ⚠️ Rate limit hit on key index 3. Switching to next key...
2026-05-26 02:26:28,964 [WARNING] ⚠️ Rate limit hit on key index 4. Switching to next key...
2026-05-26 02:26:29,867 [ERROR] ❌ All Cohere API keys exhausted or rate limited.
2026-05-26 02:26:29,868 [ERROR] ❌ Cohere returned an empty response. Verify API Key limits or safety filters.
2026-05-26 02:26:29,869 [INFO] ✅ JSON store updated: /home/tomito/tomito seo (copy 1)/data/content/214756.json
2026-05-26 02:26:29,869 [INFO] ✅ movie 214756
2026-05-26 02:26:30,945 [WARNING] ⚠️ Rate limit hit on key index 5. Switching to next key...
2026-05-26 02:26:34,255 [INFO] Mirrored asset: x1YNzvtpY1vDTmcQilLjTaJRreD.jpg
2026-05-26 02:26:34,444 [WARNING] ⚠️ Rate limit hit on key index 0. Switching to next key...
2026-05-26 02:26:34,980 [WARNING] ⚠️ Rate limit hit on key index 1. Switching to next key...
2026-05-26 02:26:35,107 [WARNING] ⚠️ Rate limit hit on key index 2. Switching to next key...
2026-05-26 02:26:35,506 [WARNING] ⚠️ Rate limit hit on key index 3. Switching to next key...
2026-05-26 02:26:35,617 [WARNING] ⚠️ Rate limit hit on key index 4. Switching to next key...
2026-05-26 02:26:36,123 [WARNING] ⚠️ Rate limit hit on key index 5. Switching to next key...
2026-05-26 02:26:36,982 [ERROR] ❌ All Cohere API keys exhausted or rate limited.
2026-05-26 02:26:36,983 [ERROR] ❌ Cohere returned an empty response. Verify API Key limits or safety filters.
2026-05-26 02:26:36,984 [INFO] ✅ JSON store updated: /home/tomito/tomito seo (copy 1)/data/content/226674.json
2026-05-26 02:26:36,984 [INFO] ✅ movie 226674
2026-05-26 02:26:37,110 [ERROR] ❌ All Cohere API keys exhausted or rate limited.
2026-05-26 02:26:37,111 [ERROR] ❌ Cohere returned an empty response. Verify API Key limits or safety filters.
2026-05-26 02:26:37,114 [INFO] ✅ JSON store updated: /home/tomito/tomito seo (copy 1)/data/content/22.json
2026-05-26 02:26:37,115 [INFO] ✅ movie 22
2026-05-26 02:26:37,216 [WARNING] ⚠️ Rate limit hit on key index 0. Switching to next key...
2026-05-26 02:26:38,092 [WARNING] ⚠️ Error (401) hit on key index 1. Switching to next key...
2026-05-26 02:26:38,645 [WARNING] ⚠️ Error (401) hit on key index 2. Switching to next key...
2026-05-26 02:26:39,009 [WARNING] ⚠️ Rate limit hit on key index 3. Switching to next key...
2026-05-26 02:26:40,022 [WARNING] ⚠️ Rate limit hit on key index 4. Switching to next key...
2026-05-26 02:26:41,510 [WARNING] ⚠️ Rate limit hit on key index 5. Switching to next key...
2026-05-26 02:26:42,613 [WARNING] ⚠️ Rate limit hit on key index 0. Switching to next key...
2026-05-26 02:26:42,957 [WARNING] ⚠️ Rate limit hit on key index 1. Switching to next key...
2026-05-26 02:26:43,514 [ERROR] ❌ All Cohere API keys exhausted or rate limited.
2026-05-26 02:26:43,514 [ERROR] ❌ Cohere returned an empty response. Verify API Key limits or safety filters.
2026-05-26 02:26:43,515 [INFO] ✅ JSON store updated: /home/tomito/tomito seo (copy 1)/data/content/22803.json
2026-05-26 02:26:43,516 [INFO] ✅ movie 22803
2026-05-26 02:26:43,546 [WARNING] ⚠️ Error (401) hit on key index 2. Switching to next key...
2026-05-26 02:26:44,139 [WARNING] ⚠️ Rate limit hit on key index 3. Switching to next key...
2026-05-26 02:26:46,293 [WARNING] ⚠️ Rate limit hit on key index 4. Switching to next key...
2026-05-26 02:26:47,771 [WARNING] ⚠️ Rate limit hit on key index 5. Switching to next key...
2026-05-26 02:26:48,464 [WARNING] ⚠️ Rate limit hit on key index 0. Switching to next key...
2026-05-26 02:26:49,216 [WARNING] ⚠️ Rate limit hit on key index 1. Switching to next key...
2026-05-26 02:26:49,720 [WARNING] ⚠️ Rate limit hit on key index 2. Switching to next key...
2026-05-26 02:26:50,403 [WARNING] ⚠️ Rate limit hit on key index 3. Switching to next key...
2026-05-26 02:26:50,466 [ERROR] ❌ All Cohere API keys exhausted or rate limited.
2026-05-26 02:26:50,467 [ERROR] ❌ Cohere returned an empty response. Verify API Key limits or safety filters.
2026-05-26 02:26:50,469 [INFO] ✅ JSON store updated: /home/tomito/tomito seo (copy 1)/data/content/228150.json
2026-05-26 02:26:50,469 [INFO] ✅ movie 228150
2026-05-26 02:26:51,010 [WARNING] ⚠️ Rate limit hit on key index 4. Switching to next key...
2026-05-26 02:26:51,220 [ERROR] ❌ All Cohere API keys exhausted or rate limited.
2026-05-26 02:26:51,221 [ERROR] ❌ Cohere returned an empty response. Verify API Key limits or safety filters.
2026-05-26 02:26:51,222 [INFO] ✅ JSON store updated: /home/tomito/tomito seo (copy 1)/data/content/2292.json
2026-05-26 02:26:51,222 [INFO] ✅ movie 2292
2026-05-26 02:26:53,869 [WARNING] ⚠️ Rate limit hit on key index 5. Switching to next key...
2026-05-26 02:26:54,585 [WARNING] ⚠️ Rate limit hit on key index 0. Switching to next key...
2026-05-26 02:26:56,352 [WARNING] ⚠️ Error (401) hit on key index 1. Switching to next key...
2026-05-26 02:26:56,352 [ERROR] ❌ All Cohere API keys exhausted or rate limited.
2026-05-26 02:26:56,353 [ERROR] ❌ Cohere returned an empty response. Verify API Key limits or safety filters.
2026-05-26 02:26:56,354 [INFO] ✅ JSON store updated: /home/tomito/tomito seo (copy 1)/data/content/22897.json
2026-05-26 02:26:56,355 [INFO] ✅ movie 22897
2026-05-26 02:26:57,681 [WARNING] ⚠️ Rate limit hit on key index 2. Switching to next key...
2026-05-26 02:26:58,955 [WARNING] ⚠️ Rate limit hit on key index 3. Switching to next key...
2026-05-26 02:27:02,218 [WARNING] ⚠️ Rate limit hit on key index 4. Switching to next key...
2026-05-26 02:27:02,696 [WARNING] ⚠️ Rate limit hit on key index 5. Switching to next key...
2026-05-26 02:27:07,075 [WARNING] ⚠️ Rate limit hit on key index 0. Switching to next key...
2026-05-26 02:27:07,724 [WARNING] ⚠️ Rate limit hit on key index 1. Switching to next key...
2026-05-26 02:27:11,006 [WARNING] ⚠️ Rate limit hit on key index 2. Switching to next key...
2026-05-26 02:27:11,693 [WARNING] ⚠️ Rate limit hit on key index 3. Switching to next key...
2026-05-26 02:27:14,293 [WARNING] ⚠️ Rate limit hit on key index 4. Switching to next key...
2026-05-26 02:27:14,794 [WARNING] ⚠️ Rate limit hit on key index 5. Switching to next key...
2026-05-26 02:27:17,807 [WARNING] ⚠️ Rate limit hit on key index 0. Switching to next key...
2026-05-26 02:27:17,955 [WARNING] ⚠️ Rate limit hit on key index 1. Switching to next key...
2026-05-26 02:27:25,455 [WARNING] ⚠️ Rate limit hit on key index 2. Switching to next key...
2026-05-26 02:27:26,539 [WARNING] ⚠️ Rate limit hit on key index 3. Switching to next key...
2026-05-26 02:27:27,457 [ERROR] ❌ All Cohere API keys exhausted or rate limited.
2026-05-26 02:27:27,457 [ERROR] ❌ Cohere returned an empty response. Verify API Key limits or safety filters.
2026-05-26 02:27:27,459 [INFO] ✅ JSON store updated: /home/tomito/tomito seo (copy 1)/data/content/24.json
2026-05-26 02:27:27,459 [INFO] ✅ movie 24
2026-05-26 02:27:29,459 [WARNING] ⚠️ Rate limit hit on key index 4. Switching to next key...
2026-05-26 02:27:30,098 [ERROR] Cohere API Error: HTTPSConnectionPool(host='api.cohere.com', port=443): Max retries exceeded with url: /v2/chat (Caused by SSLError(SSLEOFError(8, '[SSL: UNEXPECTED_EOF_WHILE_READING] EOF occurred in violation of protocol (_ssl.c:1007)')))
2026-05-26 02:27:30,099 [ERROR] ❌ Cohere returned an empty response. Verify API Key limits or safety filters.
2026-05-26 02:27:30,102 [INFO] ✅ JSON store updated: /home/tomito/tomito seo (copy 1)/data/content/238.json
2026-05-26 02:27:30,102 [INFO] ✅ movie 238
2026-05-26 02:27:39,711 [WARNING] ⚠️ Rate limit hit on key index 5. Switching to next key...
2026-05-26 02:27:42,759 [WARNING] ⚠️ Rate limit hit on key index 0. Switching to next key...
2026-05-26 02:27:44,091 [ERROR] Cohere API Error: HTTPSConnectionPool(host='api.cohere.com', port=443): Read timed out. (read timeout=60)
2026-05-26 02:27:44,091 [ERROR] ❌ Cohere returned an empty response. Verify API Key limits or safety filters.
2026-05-26 02:27:44,092 [INFO] ✅ JSON store updated: /home/tomito/tomito seo (copy 1)/data/content/23483.json
2026-05-26 02:27:44,092 [INFO] ✅ movie 23483
2026-05-26 02:27:46,697 [WARNING] ⚠️ Error (401) hit on key index 1. Switching to next key...
2026-05-26 02:27:47,815 [WARNING] ⚠️ Error (401) hit on key index 2. Switching to next key...
2026-05-26 02:27:47,931 [WARNING] ⚠️ Rate limit hit on key index 3. Switching to next key...
2026-05-26 02:27:48,153 [WARNING] ⚠️ Error (401) hit on key index 4. Switching to next key...
2026-05-26 02:27:48,932 [WARNING] ⚠️ Rate limit hit on key index 5. Switching to next key...
2026-05-26 02:27:49,654 [WARNING] ⚠️ Rate limit hit on key index 0. Switching to next key...
2026-05-26 02:27:51,655 [ERROR] ❌ All Cohere API keys exhausted or rate limited.
2026-05-26 02:27:51,656 [ERROR] ❌ Cohere returned an empty response. Verify API Key limits or safety filters.
2026-05-26 02:27:51,657 [INFO] ✅ JSON store updated: /home/tomito/tomito seo (copy 1)/data/content/238713.json
2026-05-26 02:27:51,658 [INFO] ✅ movie 238713
2026-05-26 02:27:52,045 [WARNING] ⚠️ Error (401) hit on key index 1. Switching to next key...
2026-05-26 02:27:52,841 [WARNING] ⚠️ Rate limit hit on key index 2. Switching to next key...
2026-05-26 02:27:53,650 [WARNING] ⚠️ Error (401) hit on key index 3. Switching to next key...
2026-05-26 02:27:55,017 [WARNING] ⚠️ Rate limit hit on key index 4. Switching to next key...
2026-05-26 02:27:59,971 [ERROR] Cohere API Error: HTTPSConnectionPool(host='api.cohere.com', port=443): Read timed out. (read timeout=60)
2026-05-26 02:27:59,971 [ERROR] ❌ Cohere returned an empty response. Verify API Key limits or safety filters.
2026-05-26 02:27:59,972 [INFO] ✅ JSON store updated: /home/tomito/tomito seo (copy 1)/data/content/23168.json
2026-05-26 02:27:59,972 [INFO] ✅ movie 23168
2026-05-26 02:28:03,494 [WARNING] ⚠️ Rate limit hit on key index 5. Switching to next key...
2026-05-26 02:28:04,004 [ERROR] Cohere API Error: ('Connection aborted.', RemoteDisconnected('Remote end closed connection without response'))
2026-05-26 02:28:04,004 [ERROR] ❌ Cohere returned an empty response. Verify API Key limits or safety filters.
2026-05-26 02:28:04,005 [INFO] ✅ JSON store updated: /home/tomito/tomito seo (copy 1)/data/content/240832.json
2026-05-26 02:28:04,005 [INFO] ✅ movie 240832
2026-05-26 02:28:14,144 [WARNING] ⚠️ Rate limit hit on key index 0. Switching to next key...
2026-05-26 02:28:20,202 [WARNING] ⚠️ Error (401) hit on key index 1. Switching to next key...
2026-05-26 02:28:21,351 [WARNING] ⚠️ Error (401) hit on key index 2. Switching to next key...
2026-05-26 02:28:21,352 [ERROR] ❌ All Cohere API keys exhausted or rate limited.
2026-05-26 02:28:21,352 [ERROR] ❌ Cohere returned an empty response. Verify API Key limits or safety filters.
2026-05-26 02:28:21,355 [INFO] ✅ JSON store updated: /home/tomito/tomito seo (copy 1)/data/content/235.json
2026-05-26 02:28:21,355 [INFO] ✅ movie 235
2026-05-26 02:28:26,266 [WARNING] ⚠️ Rate limit hit on key index 3. Switching to next key...
2026-05-26 02:28:34,634 [WARNING] ⚠️ Rate limit hit on key index 4. Switching to next key...
2026-05-26 02:28:38,066 [WARNING] ⚠️ Rate limit hit on key index 5. Switching to next key...
2026-05-26 02:28:38,504 [WARNING] ⚠️ Rate limit hit on key index 0. Switching to next key...
2026-05-26 02:28:40,070 [ERROR] ❌ All Cohere API keys exhausted or rate limited.
2026-05-26 02:28:40,070 [ERROR] ❌ Cohere returned an empty response. Verify API Key limits or safety filters.
2026-05-26 02:28:40,072 [INFO] ✅ JSON store updated: /home/tomito/tomito seo (copy 1)/data/content/240.json
2026-05-26 02:28:40,072 [INFO] ✅ movie 240
2026-05-26 02:28:52,943 [WARNING] ⚠️ Rate limit hit on key index 1. Switching to next key...
2026-05-26 02:28:57,447 [ERROR] Cohere API Error: HTTPSConnectionPool(host='api.cohere.com', port=443): Read timed out. (read timeout=60)
2026-05-26 02:28:57,447 [ERROR] ❌ Cohere returned an empty response. Verify API Key limits or safety filters.
2026-05-26 02:28:57,449 [INFO] ✅ JSON store updated: /home/tomito/tomito seo (copy 1)/data/content/242.json
2026-05-26 02:28:57,449 [INFO] ✅ movie 242
2026-05-26 02:29:02,003 [WARNING] ⚠️ Rate limit hit on key index 2. Switching to next key...
2026-05-26 02:29:04,304 [WARNING] ⚠️ Rate limit hit on key index 3. Switching to next key...
2026-05-26 02:29:11,017 [WARNING] ⚠️ Error (401) hit on key index 4. Switching to next key...
2026-05-26 02:29:11,796 [WARNING] ⚠️ Rate limit hit on key index 5. Switching to next key...
2026-05-26 02:29:14,867 [WARNING] ⚠️ Rate limit hit on key index 0. Switching to next key...
2026-05-26 02:29:18,249 [WARNING] ⚠️ Rate limit hit on key index 1. Switching to next key...
2026-05-26 02:29:18,824 [WARNING] ⚠️ Error (401) hit on key index 2. Switching to next key...
2026-05-26 02:29:22,098 [WARNING] ⚠️ Rate limit hit on key index 3. Switching to next key...
2026-05-26 02:29:24,251 [ERROR] Cohere API Error: HTTPSConnectionPool(host='api.cohere.com', port=443): Read timed out. (read timeout=60)
2026-05-26 02:29:24,251 [ERROR] ❌ Cohere returned an empty response. Verify API Key limits or safety filters.
2026-05-26 02:29:24,253 [INFO] ✅ JSON store updated: /home/tomito/tomito seo (copy 1)/data/content/24428.json
2026-05-26 02:29:24,253 [INFO] ✅ movie 24428
2026-05-26 02:29:27,652 [WARNING] ⚠️ Rate limit hit on key index 4. Switching to next key...
2026-05-26 02:29:33,089 [INFO] Mirrored asset: 9dw031qqvJVkT3ix8KUZViEvvhz.jpg
2026-05-26 02:29:34,731 [INFO] Mirrored asset: 6GaWxbYvgbNi8ymXdJktIVBqNrD.jpg
2026-05-26 02:29:35,464 [WARNING] ⚠️ Rate limit hit on key index 5. Switching to next key...
2026-05-26 02:29:40,387 [WARNING] ⚠️ Rate limit hit on key index 0. Switching to next key...
2026-05-26 02:29:40,787 [ERROR] Cohere API Error: HTTPSConnectionPool(host='api.cohere.com', port=443): Read timed out. (read timeout=60)
2026-05-26 02:29:40,787 [ERROR] ❌ Cohere returned an empty response. Verify API Key limits or safety filters.
2026-05-26 02:29:40,788 [INFO] ✅ JSON store updated: /home/tomito/tomito seo (copy 1)/data/content/244517.json
2026-05-26 02:29:40,788 [INFO] ✅ movie 244517
2026-05-26 02:29:41,516 [WARNING] ⚠️ Rate limit hit on key index 1. Switching to next key...
2026-05-26 02:29:42,960 [WARNING] ⚠️ Rate limit hit on key index 2. Switching to next key...
2026-05-26 02:29:43,984 [WARNING] ⚠️ Rate limit hit on key index 3. Switching to next key...
2026-05-26 02:29:48,890 [WARNING] ⚠️ Rate limit hit on key index 4. Switching to next key...
2026-05-26 02:29:55,866 [WARNING] ⚠️ Rate limit hit on key index 5. Switching to next key...
2026-05-26 02:29:56,961 [WARNING] ⚠️ Rate limit hit on key index 0. Switching to next key...
2026-05-26 02:29:58,914 [WARNING] ⚠️ Rate limit hit on key index 1. Switching to next key...
2026-05-26 02:30:03,225 [WARNING] ⚠️ Rate limit hit on key index 2. Switching to next key...
2026-05-26 02:30:09,290 [WARNING] ⚠️ Rate limit hit on key index 3. Switching to next key...
2026-05-26 02:30:09,412 [ERROR] Cohere API Error: HTTPSConnectionPool(host='api.cohere.com', port=443): Max retries exceeded with url: /v2/chat (Caused by SSLError(SSLEOFError(8, '[SSL: UNEXPECTED_EOF_WHILE_READING] EOF occurred in violation of protocol (_ssl.c:1007)')))
2026-05-26 02:30:09,413 [ERROR] ❌ Cohere returned an empty response. Verify API Key limits or safety filters.
2026-05-26 02:30:09,414 [INFO] ✅ JSON store updated: /home/tomito/tomito seo (copy 1)/data/content/24858.json
2026-05-26 02:30:09,414 [INFO] ✅ movie 24858
2026-05-26 02:30:09,435 [INFO] 💾 Index saved — 420 / 1936 done
2026-05-26 02:30:17,565 [WARNING] ⚠️ Rate limit hit on key index 4. Switching to next key...
2026-05-26 02:30:18,202 [WARNING] ⚠️ Rate limit hit on key index 5. Switching to next key...
2026-05-26 02:30:19,570 [ERROR] ❌ All Cohere API keys exhausted or rate limited.
2026-05-26 02:30:19,570 [ERROR] ❌ Cohere returned an empty response. Verify API Key limits or safety filters.
2026-05-26 02:30:19,572 [INFO] ✅ JSON store updated: /home/tomito/tomito seo (copy 1)/data/content/244786.json
2026-05-26 02:30:19,572 [INFO] ✅ movie 244786
2026-05-26 02:30:20,007 [ERROR] Cohere API Error: HTTPSConnectionPool(host='api.cohere.com', port=443): Read timed out. (read timeout=60)
2026-05-26 02:30:20,007 [ERROR] ❌ Cohere returned an empty response. Verify API Key limits or safety filters.
2026-05-26 02:30:20,009 [INFO] ✅ JSON store updated: /home/tomito/tomito seo (copy 1)/data/content/242582.json
2026-05-26 02:30:20,009 [INFO] ✅ movie 242582
2026-05-26 02:30:21,291 [WARNING] ⚠️ Rate limit hit on key index 0. Switching to next key...
2026-05-26 02:30:28,574 [WARNING] ⚠️ Error (401) hit on key index 1. Switching to next key...
2026-05-26 02:30:29,906 [WARNING] ⚠️ Rate limit hit on key index 2. Switching to next key...
2026-05-26 02:30:32,493 [WARNING] ⚠️ Rate limit hit on key index 3. Switching to next key...
2026-05-26 02:30:33,483 [WARNING] ⚠️ Rate limit hit on key index 4. Switching to next key...
2026-05-26 02:30:35,297 [WARNING] ⚠️ Rate limit hit on key index 5. Switching to next key...
2026-05-26 02:30:35,485 [ERROR] ❌ All Cohere API keys exhausted or rate limited.
2026-05-26 02:30:35,485 [ERROR] ❌ Cohere returned an empty response. Verify API Key limits or safety filters.
2026-05-26 02:30:35,487 [INFO] ✅ JSON store updated: /home/tomito/tomito seo (copy 1)/data/content/2501.json
2026-05-26 02:30:35,487 [INFO] ✅ movie 2501
2026-05-26 02:30:37,298 [ERROR] ❌ All Cohere API keys exhausted or rate limited.
2026-05-26 02:30:37,299 [ERROR] ❌ Cohere returned an empty response. Verify API Key limits or safety filters.
2026-05-26 02:30:37,300 [INFO] ✅ JSON store updated: /home/tomito/tomito seo (copy 1)/data/content/252969.json
2026-05-26 02:30:37,300 [INFO] ✅ movie 252969
2026-05-26 02:30:43,460 [WARNING] ⚠️ Rate limit hit on key index 0. Switching to next key...
2026-05-26 02:30:45,271 [ERROR] Cohere API Error: HTTPSConnectionPool(host='api.cohere.com', port=443): Read timed out. (read timeout=60)
2026-05-26 02:30:45,271 [ERROR] ❌ Cohere returned an empty response. Verify API Key limits or safety filters.
2026-05-26 02:30:45,273 [INFO] ✅ JSON store updated: /home/tomito/tomito seo (copy 1)/data/content/246.json
2026-05-26 02:30:45,273 [INFO] ✅ movie 246
2026-05-26 02:30:45,309 [WARNING] ⚠️ Error (401) hit on key index 1. Switching to next key...
2026-05-26 02:30:45,660 [INFO] Mirrored asset: jYnLA3fA05OZ6YVepV8qjnfu484.jpg
2026-05-26 02:30:47,814 [WARNING] ⚠️ Rate limit hit on key index 2. Switching to next key...
2026-05-26 02:30:49,931 [WARNING] ⚠️ Rate limit hit on key index 3. Switching to next key...
2026-05-26 02:30:50,071 [WARNING] ⚠️ Rate limit hit on key index 4. Switching to next key...
2026-05-26 02:30:51,293 [WARNING] ⚠️ Rate limit hit on key index 5. Switching to next key...
2026-05-26 02:30:53,607 [WARNING] ⚠️ Rate limit hit on key index 0. Switching to next key...
2026-05-26 02:30:54,174 [WARNING] ⚠️ Rate limit hit on key index 1. Switching to next key...
2026-05-26 02:30:55,710 [WARNING] ⚠️ Error (401) hit on key index 2. Switching to next key...
2026-05-26 02:30:56,079 [WARNING] ⚠️ Rate limit hit on key index 3. Switching to next key...
2026-05-26 02:30:56,393 [WARNING] ⚠️ Rate limit hit on key index 4. Switching to next key...
2026-05-26 02:31:01,103 [WARNING] ⚠️ Rate limit hit on key index 5. Switching to next key...
2026-05-26 02:31:01,279 [ERROR] Cohere API Error: HTTPSConnectionPool(host='api.cohere.com', port=443): Read timed out. (read timeout=60)
2026-05-26 02:31:01,279 [ERROR] ❌ Cohere returned an empty response. Verify API Key limits or safety filters.
2026-05-26 02:31:01,281 [INFO] ✅ JSON store updated: /home/tomito/tomito seo (copy 1)/data/content/250658.json
2026-05-26 02:31:01,282 [INFO] ✅ movie 250658
2026-05-26 02:31:04,818 [WARNING] ⚠️ Rate limit hit on key index 0. Switching to next key...
2026-05-26 02:31:07,550 [WARNING] ⚠️ Rate limit hit on key index 1. Switching to next key...
2026-05-26 02:31:10,911 [WARNING] ⚠️ Rate limit hit on key index 2. Switching to next key...
2026-05-26 02:31:12,191 [WARNING] ⚠️ Rate limit hit on key index 3. Switching to next key...
2026-05-26 02:31:12,961 [WARNING] ⚠️ Error (401) hit on key index 4. Switching to next key...
2026-05-26 02:31:13,554 [WARNING] ⚠️ Rate limit hit on key index 5. Switching to next key...
2026-05-26 02:31:15,714 [WARNING] ⚠️ Rate limit hit on key index 0. Switching to next key...
2026-05-26 02:31:15,862 [WARNING] ⚠️ Rate limit hit on key index 1. Switching to next key...
2026-05-26 02:31:19,687 [WARNING] ⚠️ Rate limit hit on key index 2. Switching to next key...
2026-05-26 02:31:20,412 [WARNING] ⚠️ Rate limit hit on key index 3. Switching to next key...
2026-05-26 02:31:21,690 [ERROR] ❌ All Cohere API keys exhausted or rate limited.
2026-05-26 02:31:21,690 [ERROR] ❌ Cohere returned an empty response. Verify API Key limits or safety filters.
2026-05-26 02:31:21,692 [INFO] ✅ JSON store updated: /home/tomito/tomito seo (copy 1)/data/content/256591.json
2026-05-26 02:31:21,692 [INFO] ✅ movie 256591
2026-05-26 02:31:22,357 [WARNING] ⚠️ Rate limit hit on key index 4. Switching to next key...
2026-05-26 02:31:24,864 [WARNING] ⚠️ Rate limit hit on key index 5. Switching to next key...
2026-05-26 02:31:25,844 [WARNING] ⚠️ Rate limit hit on key index 0. Switching to next key...
2026-05-26 02:31:26,866 [ERROR] ❌ All Cohere API keys exhausted or rate limited.
2026-05-26 02:31:26,867 [ERROR] ❌ Cohere returned an empty response. Verify API Key limits or safety filters.
2026-05-26 02:31:26,868 [INFO] ✅ JSON store updated: /home/tomito/tomito seo (copy 1)/data/content/256835.json
2026-05-26 02:31:26,869 [INFO] ✅ movie 256835
2026-05-26 02:31:27,846 [ERROR] ❌ All Cohere API keys exhausted or rate limited.
2026-05-26 02:31:27,847 [ERROR] ❌ Cohere returned an empty response. Verify API Key limits or safety filters.
2026-05-26 02:31:27,848 [INFO] ✅ JSON store updated: /home/tomito/tomito seo (copy 1)/data/content/254470.json
2026-05-26 02:31:27,848 [INFO] ✅ movie 254470
2026-05-26 02:31:28,927 [WARNING] ⚠️ Rate limit hit on key index 1. Switching to next key...
2026-05-26 02:31:35,086 [WARNING] ⚠️ Rate limit hit on key index 2. Switching to next key...
2026-05-26 02:31:38,519 [WARNING] ⚠️ Rate limit hit on key index 3. Switching to next key...
2026-05-26 02:31:41,493 [WARNING] ⚠️ Rate limit hit on key index 4. Switching to next key...
2026-05-26 02:31:42,618 [WARNING] ⚠️ Rate limit hit on key index 5. Switching to next key...
2026-05-26 02:31:43,702 [WARNING] ⚠️ Rate limit hit on key index 0. Switching to next key...
2026-05-26 02:31:43,969 [WARNING] ⚠️ Rate limit hit on key index 1. Switching to next key...
2026-05-26 02:31:47,382 [WARNING] ⚠️ Rate limit hit on key index 2. Switching to next key...
2026-05-26 02:31:49,494 [WARNING] ⚠️ Rate limit hit on key index 3. Switching to next key...
2026-05-26 02:31:50,389 [WARNING] ⚠️ Rate limit hit on key index 4. Switching to next key...
2026-05-26 02:31:52,513 [WARNING] ⚠️ Rate limit hit on key index 5. Switching to next key...
2026-05-26 02:31:52,976 [WARNING] ⚠️ Rate limit hit on key index 0. Switching to next key...
2026-05-26 02:31:54,908 [WARNING] ⚠️ Error (401) hit on key index 1. Switching to next key...
2026-05-26 02:31:54,909 [ERROR] ❌ All Cohere API keys exhausted or rate limited.
2026-05-26 02:31:54,909 [ERROR] ❌ Cohere returned an empty response. Verify API Key limits or safety filters.
2026-05-26 02:31:54,911 [INFO] ✅ JSON store updated: /home/tomito/tomito seo (copy 1)/data/content/256040.json
2026-05-26 02:31:54,911 [INFO] ✅ movie 256040
2026-05-26 02:31:55,529 [WARNING] ⚠️ Rate limit hit on key index 2. Switching to next key...
2026-05-26 02:31:59,077 [WARNING] ⚠️ Rate limit hit on key index 3. Switching to next key...
2026-05-26 02:32:01,080 [ERROR] ❌ All Cohere API keys exhausted or rate limited.
2026-05-26 02:32:01,080 [ERROR] ❌ Cohere returned an empty response. Verify API Key limits or safety filters.
2026-05-26 02:32:01,082 [INFO] ✅ JSON store updated: /home/tomito/tomito seo (copy 1)/data/content/2614.json
2026-05-26 02:32:01,082 [INFO] ✅ movie 2614
2026-05-26 02:32:04,351 [WARNING] ⚠️ Rate limit hit on key index 4. Switching to next key...
2026-05-26 02:32:06,022 [WARNING] ⚠️ Rate limit hit on key index 5. Switching to next key...
2026-05-26 02:32:07,532 [WARNING] ⚠️ Rate limit hit on key index 0. Switching to next key...
2026-05-26 02:32:07,905 [WARNING] ⚠️ Rate limit hit on key index 1. Switching to next key...
2026-05-26 02:32:11,352 [WARNING] ⚠️ Rate limit hit on key index 2. Switching to next key...
2026-05-26 02:32:11,531 [WARNING] ⚠️ Rate limit hit on key index 3. Switching to next key...
2026-05-26 02:32:12,971 [ERROR] Cohere API Error: HTTPSConnectionPool(host='api.cohere.com', port=443): Read timed out. (read timeout=60)
2026-05-26 02:32:12,972 [ERROR] ❌ Cohere returned an empty response. Verify API Key limits or safety filters.
2026-05-26 02:32:12,973 [INFO] ✅ JSON store updated: /home/tomito/tomito seo (copy 1)/data/content/259693.json
2026-05-26 02:32:12,973 [INFO] ✅ movie 259693
2026-05-26 02:32:13,534 [ERROR] ❌ All Cohere API keys exhausted or rate limited.
2026-05-26 02:32:13,534 [ERROR] ❌ Cohere returned an empty response. Verify API Key limits or safety filters.
2026-05-26 02:32:13,536 [INFO] ✅ JSON store updated: /home/tomito/tomito seo (copy 1)/data/content/260513.json
2026-05-26 02:32:13,536 [INFO] ✅ movie 260513
2026-05-26 02:32:15,784 [WARNING] ⚠️ Rate limit hit on key index 4. Switching to next key...
2026-05-26 02:32:22,715 [ERROR] Cohere API Error: HTTPSConnectionPool(host='api.cohere.com', port=443): Read timed out. (read timeout=60)
2026-05-26 02:32:22,715 [ERROR] ❌ Cohere returned an empty response. Verify API Key limits or safety filters.
2026-05-26 02:32:22,720 [INFO] ✅ JSON store updated: /home/tomito/tomito seo (copy 1)/data/content/2567.json
2026-05-26 02:32:22,720 [INFO] ✅ movie 2567
2026-05-26 02:32:22,877 [WARNING] ⚠️ Rate limit hit on key index 5. Switching to next key...
2026-05-26 02:32:26,651 [WARNING] ⚠️ Rate limit hit on key index 0. Switching to next key...
2026-05-26 02:32:35,590 [WARNING] ⚠️ Rate limit hit on key index 1. Switching to next key...
2026-05-26 02:32:44,906 [WARNING] ⚠️ Rate limit hit on key index 2. Switching to next key...
2026-05-26 02:32:45,885 [WARNING] ⚠️ Rate limit hit on key index 3. Switching to next key...
2026-05-26 02:32:49,441 [WARNING] ⚠️ Rate limit hit on key index 4. Switching to next key...
2026-05-26 02:32:52,856 [WARNING] ⚠️ Error (401) hit on key index 5. Switching to next key...
2026-05-26 02:32:56,139 [WARNING] ⚠️ Rate limit hit on key index 0. Switching to next key...
2026-05-26 02:33:02,101 [WARNING] ⚠️ Rate limit hit on key index 1. Switching to next key...
2026-05-26 02:33:05,985 [WARNING] ⚠️ Rate limit hit on key index 2. Switching to next key...
2026-05-26 02:33:07,503 [WARNING] ⚠️ Rate limit hit on key index 3. Switching to next key...
2026-05-26 02:33:10,219 [ERROR] Cohere API Error: HTTPSConnectionPool(host='api.cohere.com', port=443): Read timed out. (read timeout=60)
2026-05-26 02:33:10,219 [ERROR] ❌ Cohere returned an empty response. Verify API Key limits or safety filters.
2026-05-26 02:33:10,221 [INFO] ✅ JSON store updated: /home/tomito/tomito seo (copy 1)/data/content/265.json
2026-05-26 02:33:10,222 [INFO] ✅ movie 265
2026-05-26 02:33:13,410 [WARNING] ⚠️ Rate limit hit on key index 4. Switching to next key...
2026-05-26 02:33:16,994 [WARNING] ⚠️ Rate limit hit on key index 5. Switching to next key...
2026-05-26 02:33:18,443 [ERROR] Cohere API Error: HTTPSConnectionPool(host='api.cohere.com', port=443): Read timed out. (read timeout=60)
2026-05-26 02:33:18,443 [ERROR] ❌ Cohere returned an empty response. Verify API Key limits or safety filters.
2026-05-26 02:33:18,445 [INFO] ✅ JSON store updated: /home/tomito/tomito seo (copy 1)/data/content/26389.json
2026-05-26 02:33:18,445 [INFO] ✅ movie 26389
2026-05-26 02:33:18,995 [ERROR] ❌ All Cohere API keys exhausted or rate limited.
2026-05-26 02:33:18,995 [ERROR] ❌ Cohere returned an empty response. Verify API Key limits or safety filters.
2026-05-26 02:33:18,997 [INFO] ✅ JSON store updated: /home/tomito/tomito seo (copy 1)/data/content/260514.json
2026-05-26 02:33:18,997 [INFO] ✅ movie 260514
2026-05-26 02:33:38,277 [WARNING] ⚠️ Error (401) hit on key index 0. Switching to next key...
2026-05-26 02:33:39,966 [WARNING] ⚠️ Error (401) hit on key index 1. Switching to next key...
2026-05-26 02:33:39,967 [ERROR] ❌ All Cohere API keys exhausted or rate limited.
2026-05-26 02:33:39,968 [ERROR] ❌ Cohere returned an empty response. Verify API Key limits or safety filters.
2026-05-26 02:33:39,970 [INFO] ✅ JSON store updated: /home/tomito/tomito seo (copy 1)/data/content/265208.json
2026-05-26 02:33:39,971 [INFO] ✅ movie 265208
2026-05-26 02:33:43,746 [ERROR] Cohere API Error: HTTPSConnectionPool(host='api.cohere.com', port=443): Read timed out. (read timeout=60)
2026-05-26 02:33:43,747 [ERROR] ❌ Cohere returned an empty response. Verify API Key limits or safety filters.
2026-05-26 02:33:43,749 [INFO] ✅ JSON store updated: /home/tomito/tomito seo (copy 1)/data/content/268.json
2026-05-26 02:33:43,749 [INFO] ✅ movie 268
2026-05-26 02:33:44,990 [WARNING] ⚠️ Rate limit hit on key index 2. Switching to next key...
2026-05-26 02:33:52,653 [WARNING] ⚠️ Rate limit hit on key index 3. Switching to next key...
2026-05-26 02:33:56,861 [INFO] Mirrored asset: 8qrwEGagUE5Kc1IVxpWRHSGAPvD.jpg
2026-05-26 02:33:57,268 [WARNING] ⚠️ Rate limit hit on key index 4. Switching to next key...
2026-05-26 02:33:57,750 [WARNING] ⚠️ Rate limit hit on key index 5. Switching to next key...
2026-05-26 02:33:59,691 [WARNING] ⚠️ Rate limit hit on key index 0. Switching to next key...
2026-05-26 02:34:03,069 [WARNING] ⚠️ Rate limit hit on key index 1. Switching to next key...
2026-05-26 02:34:05,624 [WARNING] ⚠️ Error (401) hit on key index 2. Switching to next key...
2026-05-26 02:34:07,833 [WARNING] ⚠️ Rate limit hit on key index 3. Switching to next key...
2026-05-26 02:34:10,045 [WARNING] ⚠️ Error (401) hit on key index 4. Switching to next key...
2026-05-26 02:34:12,076 [WARNING] ⚠️ Rate limit hit on key index 5. Switching to next key...
2026-05-26 02:34:12,454 [WARNING] ⚠️ Rate limit hit on key index 0. Switching to next key...
2026-05-26 02:34:17,160 [WARNING] ⚠️ Rate limit hit on key index 1. Switching to next key...
2026-05-26 02:34:19,093 [WARNING] ⚠️ Error (401) hit on key index 2. Switching to next key...
2026-05-26 02:34:19,162 [ERROR] ❌ All Cohere API keys exhausted or rate limited.
2026-05-26 02:34:19,163 [ERROR] ❌ Cohere returned an empty response. Verify API Key limits or safety filters.
2026-05-26 02:34:19,165 [INFO] ✅ JSON store updated: /home/tomito/tomito seo (copy 1)/data/content/269149.json
2026-05-26 02:34:19,165 [INFO] ✅ movie 269149
2026-05-26 02:34:19,208 [INFO] 💾 Index saved — 440 / 1936 done
2026-05-26 02:34:19,311 [WARNING] ⚠️ Rate limit hit on key index 3. Switching to next key...
2026-05-26 02:34:19,386 [WARNING] ⚠️ Error (401) hit on key index 4. Switching to next key...
2026-05-26 02:34:19,388 [ERROR] ❌ All Cohere API keys exhausted or rate limited.
2026-05-26 02:34:19,388 [ERROR] ❌ Cohere returned an empty response. Verify API Key limits or safety filters.
2026-05-26 02:34:19,390 [INFO] ✅ JSON store updated: /home/tomito/tomito seo (copy 1)/data/content/270946.json
2026-05-26 02:34:19,390 [INFO] ✅ movie 270946
2026-05-26 02:34:22,691 [WARNING] ⚠️ Rate limit hit on key index 5. Switching to next key...
2026-05-26 02:34:22,698 [WARNING] ⚠️ Rate limit hit on key index 0. Switching to next key...
2026-05-26 02:34:23,851 [WARNING] ⚠️ Rate limit hit on key index 1. Switching to next key...
2026-05-26 02:34:25,864 [WARNING] ⚠️ Rate limit hit on key index 2. Switching to next key...
2026-05-26 02:34:26,026 [WARNING] ⚠️ Rate limit hit on key index 3. Switching to next key...
2026-05-26 02:34:26,991 [WARNING] ⚠️ Rate limit hit on key index 4. Switching to next key...
2026-05-26 02:34:28,992 [ERROR] ❌ All Cohere API keys exhausted or rate limited.
2026-05-26 02:34:28,993 [ERROR] ❌ Cohere returned an empty response. Verify API Key limits or safety filters.
2026-05-26 02:34:28,994 [INFO] ✅ JSON store updated: /home/tomito/tomito seo (copy 1)/data/content/271674.json
2026-05-26 02:34:28,995 [INFO] ✅ movie 271674
2026-05-26 02:34:29,372 [WARNING] ⚠️ Rate limit hit on key index 5. Switching to next key...
2026-05-26 02:34:31,144 [WARNING] ⚠️ Rate limit hit on key index 0. Switching to next key...
2026-05-26 02:34:33,477 [WARNING] ⚠️ Error (401) hit on key index 1. Switching to next key...
2026-05-26 02:34:34,361 [WARNING] ⚠️ Rate limit hit on key index 2. Switching to next key...
2026-05-26 02:34:37,461 [WARNING] ⚠️ Error (401) hit on key index 3. Switching to next key...
2026-05-26 02:34:37,462 [ERROR] ❌ All Cohere API keys exhausted or rate limited.
2026-05-26 02:34:37,462 [ERROR] ❌ Cohere returned an empty response. Verify API Key limits or safety filters.
2026-05-26 02:34:37,464 [INFO] ✅ JSON store updated: /home/tomito/tomito seo (copy 1)/data/content/271110.json
2026-05-26 02:34:37,464 [INFO] ✅ movie 271110
2026-05-26 02:34:39,620 [INFO] Mirrored asset: k37axEHszFP9WOVvbozxF0r7X7g.jpg
2026-05-26 02:34:42,295 [WARNING] ⚠️ Rate limit hit on key index 4. Switching to next key...
2026-05-26 02:34:42,580 [WARNING] ⚠️ Rate limit hit on key index 5. Switching to next key...
2026-05-26 02:34:43,063 [WARNING] ⚠️ Rate limit hit on key index 0. Switching to next key...
2026-05-26 02:34:45,640 [WARNING] ⚠️ Error (401) hit on key index 1. Switching to next key...
2026-05-26 02:34:50,502 [WARNING] ⚠️ Error (401) hit on key index 2. Switching to next key...
2026-05-26 02:34:55,183 [WARNING] ⚠️ Rate limit hit on key index 3. Switching to next key...
2026-05-26 02:34:57,122 [WARNING] ⚠️ Rate limit hit on key index 4. Switching to next key...
2026-05-26 02:34:58,163 [WARNING] ⚠️ Rate limit hit on key index 5. Switching to next key...
2026-05-26 02:34:58,219 [WARNING] ⚠️ Rate limit hit on key index 0. Switching to next key...
2026-05-26 02:34:58,395 [WARNING] ⚠️ Error (401) hit on key index 1. Switching to next key...
2026-05-26 02:34:59,049 [WARNING] ⚠️ Rate limit hit on key index 2. Switching to next key...
2026-05-26 02:35:00,024 [WARNING] ⚠️ Rate limit hit on key index 3. Switching to next key...
2026-05-26 02:35:00,165 [ERROR] ❌ All Cohere API keys exhausted or rate limited.
2026-05-26 02:35:00,165 [ERROR] ❌ Cohere returned an empty response. Verify API Key limits or safety filters.
2026-05-26 02:35:00,167 [INFO] ✅ JSON store updated: /home/tomito/tomito seo (copy 1)/data/content/27205.json
2026-05-26 02:35:00,167 [INFO] ✅ movie 27205
2026-05-26 02:35:01,461 [WARNING] ⚠️ Rate limit hit on key index 4. Switching to next key...
2026-05-26 02:35:02,011 [WARNING] ⚠️ Error (401) hit on key index 5. Switching to next key...
2026-05-26 02:35:02,727 [WARNING] ⚠️ Rate limit hit on key index 0. Switching to next key...
2026-05-26 02:35:02,975 [WARNING] ⚠️ Rate limit hit on key index 1. Switching to next key...
2026-05-26 02:35:04,743 [WARNING] ⚠️ Rate limit hit on key index 2. Switching to next key...
2026-05-26 02:35:05,336 [WARNING] ⚠️ Rate limit hit on key index 3. Switching to next key...
2026-05-26 02:35:07,338 [ERROR] ❌ All Cohere API keys exhausted or rate limited.
2026-05-26 02:35:07,339 [ERROR] ❌ Cohere returned an empty response. Verify API Key limits or safety filters.
2026-05-26 02:35:07,340 [INFO] ✅ JSON store updated: /home/tomito/tomito seo (copy 1)/data/content/27582.json
2026-05-26 02:35:07,341 [INFO] ✅ movie 27582
2026-05-26 02:35:07,975 [WARNING] ⚠️ Rate limit hit on key index 4. Switching to next key...
2026-05-26 02:35:08,700 [WARNING] ⚠️ Rate limit hit on key index 5. Switching to next key...
2026-05-26 02:35:11,677 [WARNING] ⚠️ Rate limit hit on key index 0. Switching to next key...
2026-05-26 02:35:12,040 [WARNING] ⚠️ Rate limit hit on key index 1. Switching to next key...
2026-05-26 02:35:12,310 [WARNING] ⚠️ Rate limit hit on key index 2. Switching to next key...
2026-05-26 02:35:13,666 [WARNING] ⚠️ Rate limit hit on key index 3. Switching to next key...
2026-05-26 02:35:14,313 [ERROR] ❌ All Cohere API keys exhausted or rate limited.
2026-05-26 02:35:14,314 [ERROR] ❌ Cohere returned an empty response. Verify API Key limits or safety filters.
2026-05-26 02:35:14,316 [INFO] ✅ JSON store updated: /home/tomito/tomito seo (copy 1)/data/content/273481.json
2026-05-26 02:35:14,316 [INFO] ✅ movie 273481
2026-05-26 02:35:14,477 [WARNING] ⚠️ Rate limit hit on key index 4. Switching to next key...
2026-05-26 02:35:15,415 [WARNING] ⚠️ Rate limit hit on key index 5. Switching to next key...
2026-05-26 02:35:17,889 [WARNING] ⚠️ Rate limit hit on key index 0. Switching to next key...
2026-05-26 02:35:17,945 [WARNING] ⚠️ Rate limit hit on key index 1. Switching to next key...
2026-05-26 02:35:18,418 [WARNING] ⚠️ Rate limit hit on key index 2. Switching to next key...
2026-05-26 02:35:19,703 [WARNING] ⚠️ Rate limit hit on key index 3. Switching to next key...
2026-05-26 02:35:20,696 [WARNING] ⚠️ Rate limit hit on key index 4. Switching to next key...
2026-05-26 02:35:21,502 [WARNING] ⚠️ Rate limit hit on key index 5. Switching to next key...
2026-05-26 02:35:21,704 [ERROR] ❌ All Cohere API keys exhausted or rate limited.
2026-05-26 02:35:21,705 [ERROR] ❌ Cohere returned an empty response. Verify API Key limits or safety filters.
2026-05-26 02:35:21,706 [INFO] ✅ JSON store updated: /home/tomito/tomito seo (copy 1)/data/content/276907.json
2026-05-26 02:35:21,706 [INFO] ✅ movie 276907
2026-05-26 02:35:23,506 [ERROR] ❌ All Cohere API keys exhausted or rate limited.
2026-05-26 02:35:23,506 [ERROR] ❌ Cohere returned an empty response. Verify API Key limits or safety filters.
2026-05-26 02:35:23,508 [INFO] ✅ JSON store updated: /home/tomito/tomito seo (copy 1)/data/content/275.json
2026-05-26 02:35:23,508 [INFO] ✅ movie 275
2026-05-26 02:35:26,223 [WARNING] ⚠️ Rate limit hit on key index 0. Switching to next key...
2026-05-26 02:35:28,611 [ERROR] Cohere API Error: HTTPSConnectionPool(host='api.cohere.com', port=443): Read timed out. (read timeout=60)
2026-05-26 02:35:28,611 [ERROR] ❌ Cohere returned an empty response. Verify API Key limits or safety filters.
2026-05-26 02:35:28,613 [INFO] ✅ JSON store updated: /home/tomito/tomito seo (copy 1)/data/content/272.json
2026-05-26 02:35:28,613 [INFO] ✅ movie 272
2026-05-26 02:35:30,421 [WARNING] ⚠️ Error (401) hit on key index 1. Switching to next key...
2026-05-26 02:35:30,560 [WARNING] ⚠️ Rate limit hit on key index 2. Switching to next key...
2026-05-26 02:35:32,859 [WARNING] ⚠️ Rate limit hit on key index 3. Switching to next key...
2026-05-26 02:35:34,502 [WARNING] ⚠️ Rate limit hit on key index 4. Switching to next key...
2026-05-26 02:35:35,899 [WARNING] ⚠️ Rate limit hit on key index 5. Switching to next key...
2026-05-26 02:35:37,863 [WARNING] ⚠️ Rate limit hit on key index 0. Switching to next key...
2026-05-26 02:35:37,906 [WARNING] ⚠️ Rate limit hit on key index 1. Switching to next key...
2026-05-26 02:35:38,487 [WARNING] ⚠️ Error (401) hit on key index 2. Switching to next key...
2026-05-26 02:35:39,637 [WARNING] ⚠️ Rate limit hit on key index 3. Switching to next key...
2026-05-26 02:35:41,638 [ERROR] ❌ All Cohere API keys exhausted or rate limited.
2026-05-26 02:35:41,639 [ERROR] ❌ Cohere returned an empty response. Verify API Key limits or safety filters.
2026-05-26 02:35:41,640 [INFO] ✅ JSON store updated: /home/tomito/tomito seo (copy 1)/data/content/277217.json
2026-05-26 02:35:41,640 [INFO] ✅ movie 277217
2026-05-26 02:35:43,048 [WARNING] ⚠️ Rate limit hit on key index 4. Switching to next key...
2026-05-26 02:35:47,436 [WARNING] ⚠️ Rate limit hit on key index 5. Switching to next key...
2026-05-26 02:35:49,438 [ERROR] ❌ All Cohere API keys exhausted or rate limited.
2026-05-26 02:35:49,439 [ERROR] ❌ Cohere returned an empty response. Verify API Key limits or safety filters.
2026-05-26 02:35:49,441 [INFO] ✅ JSON store updated: /home/tomito/tomito seo (copy 1)/data/content/278927.json
2026-05-26 02:35:49,441 [INFO] ✅ movie 278927
2026-05-26 02:35:52,197 [WARNING] ⚠️ Rate limit hit on key index 0. Switching to next key...
2026-05-26 02:35:52,804 [WARNING] ⚠️ Rate limit hit on key index 1. Switching to next key...
2026-05-26 02:35:54,720 [WARNING] ⚠️ Rate limit hit on key index 2. Switching to next key...
2026-05-26 02:35:58,982 [WARNING] ⚠️ Rate limit hit on key index 3. Switching to next key...
2026-05-26 02:35:59,592 [WARNING] ⚠️ Rate limit hit on key index 4. Switching to next key...
2026-05-26 02:36:03,204 [WARNING] ⚠️ Rate limit hit on key index 5. Switching to next key...
2026-05-26 02:36:05,702 [WARNING] ⚠️ Rate limit hit on key index 0. Switching to next key...
2026-05-26 02:36:13,968 [WARNING] ⚠️ Error (401) hit on key index 1. Switching to next key...
2026-05-26 02:36:16,594 [WARNING] ⚠️ Rate limit hit on key index 2. Switching to next key...
2026-05-26 02:36:18,380 [WARNING] ⚠️ Rate limit hit on key index 3. Switching to next key...
2026-05-26 02:36:19,209 [WARNING] ⚠️ Rate limit hit on key index 4. Switching to next key...
2026-05-26 02:36:20,876 [WARNING] ⚠️ Rate limit hit on key index 5. Switching to next key...
2026-05-26 02:36:23,404 [WARNING] ⚠️ Rate limit hit on key index 0. Switching to next key...
2026-05-26 02:36:25,406 [ERROR] ❌ All Cohere API keys exhausted or rate limited.
2026-05-26 02:36:25,406 [ERROR] ❌ Cohere returned an empty response. Verify API Key limits or safety filters.
2026-05-26 02:36:25,408 [INFO] ✅ JSON store updated: /home/tomito/tomito seo (copy 1)/data/content/28322.json
2026-05-26 02:36:25,408 [INFO] ✅ movie 28322
2026-05-26 02:36:26,554 [WARNING] ⚠️ Rate limit hit on key index 1. Switching to next key...
2026-05-26 02:36:28,236 [WARNING] ⚠️ Rate limit hit on key index 2. Switching to next key...
2026-05-26 02:36:29,444 [WARNING] ⚠️ Rate limit hit on key index 3. Switching to next key...
2026-05-26 02:36:32,243 [WARNING] ⚠️ Rate limit hit on key index 4. Switching to next key...
2026-05-26 02:36:32,326 [WARNING] ⚠️ Rate limit hit on key index 5. Switching to next key...
2026-05-26 02:36:32,792 [WARNING] ⚠️ Rate limit hit on key index 0. Switching to next key...
2026-05-26 02:36:35,990 [WARNING] ⚠️ Error (401) hit on key index 1. Switching to next key...
2026-05-26 02:36:36,233 [WARNING] ⚠️ Error (401) hit on key index 2. Switching to next key...
2026-05-26 02:36:36,233 [ERROR] ❌ All Cohere API keys exhausted or rate limited.
2026-05-26 02:36:36,234 [ERROR] ❌ Cohere returned an empty response. Verify API Key limits or safety filters.
2026-05-26 02:36:36,235 [INFO] ✅ JSON store updated: /home/tomito/tomito seo (copy 1)/data/content/279.json
2026-05-26 02:36:36,236 [INFO] ✅ movie 279
2026-05-26 02:36:36,673 [WARNING] ⚠️ Error (401) hit on key index 3. Switching to next key...
2026-05-26 02:36:37,496 [WARNING] ⚠️ Rate limit hit on key index 4. Switching to next key...
2026-05-26 02:36:37,716 [WARNING] ⚠️ Rate limit hit on key index 5. Switching to next key...
2026-05-26 02:36:38,971 [ERROR] Cohere API Error: HTTPSConnectionPool(host='api.cohere.com', port=443): Read timed out. (read timeout=60)
2026-05-26 02:36:38,971 [ERROR] ❌ Cohere returned an empty response. Verify API Key limits or safety filters.
2026-05-26 02:36:38,973 [INFO] ✅ JSON store updated: /home/tomito/tomito seo (copy 1)/data/content/281338.json
2026-05-26 02:36:38,973 [INFO] ✅ movie 281338
2026-05-26 02:36:41,581 [WARNING] ⚠️ Rate limit hit on key index 0. Switching to next key...
2026-05-26 02:36:49,808 [WARNING] ⚠️ Rate limit hit on key index 1. Switching to next key...
2026-05-26 02:36:51,454 [WARNING] ⚠️ Rate limit hit on key index 2. Switching to next key...
2026-05-26 02:36:51,810 [ERROR] ❌ All Cohere API keys exhausted or rate limited.
2026-05-26 02:36:51,811 [ERROR] ❌ Cohere returned an empty response. Verify API Key limits or safety filters.
2026-05-26 02:36:51,813 [INFO] ✅ JSON store updated: /home/tomito/tomito seo (copy 1)/data/content/278.json
2026-05-26 02:36:51,813 [INFO] ✅ movie 278
2026-05-26 02:36:51,890 [WARNING] ⚠️ Rate limit hit on key index 3. Switching to next key...
2026-05-26 02:36:55,217 [WARNING] ⚠️ Rate limit hit on key index 4. Switching to next key...
2026-05-26 02:36:58,346 [WARNING] ⚠️ Rate limit hit on key index 5. Switching to next key...
2026-05-26 02:36:58,690 [WARNING] ⚠️ Error (401) hit on key index 0. Switching to next key...
2026-05-26 02:36:58,691 [ERROR] ❌ All Cohere API keys exhausted or rate limited.
2026-05-26 02:36:58,692 [ERROR] ❌ Cohere returned an empty response. Verify API Key limits or safety filters.
2026-05-26 02:36:58,695 [INFO] ✅ JSON store updated: /home/tomito/tomito seo (copy 1)/data/content/2832.json
2026-05-26 02:36:58,695 [INFO] ✅ movie 2832
2026-05-26 02:37:11,652 [WARNING] ⚠️ Error (401) hit on key index 1. Switching to next key...
2026-05-26 02:37:14,996 [WARNING] ⚠️ Rate limit hit on key index 2. Switching to next key...
2026-05-26 02:37:15,128 [WARNING] ⚠️ Rate limit hit on key index 3. Switching to next key...
2026-05-26 02:37:18,139 [WARNING] ⚠️ Rate limit hit on key index 4. Switching to next key...
2026-05-26 02:37:24,878 [WARNING] ⚠️ Rate limit hit on key index 5. Switching to next key...
2026-05-26 02:37:31,063 [WARNING] ⚠️ Rate limit hit on key index 0. Switching to next key...
2026-05-26 02:37:34,706 [WARNING] ⚠️ Error (401) hit on key index 1. Switching to next key...
2026-05-26 02:37:34,707 [ERROR] ❌ All Cohere API keys exhausted or rate limited.
2026-05-26 02:37:34,707 [ERROR] ❌ Cohere returned an empty response. Verify API Key limits or safety filters.
2026-05-26 02:37:34,708 [INFO] ✅ JSON store updated: /home/tomito/tomito seo (copy 1)/data/content/284054.json
2026-05-26 02:37:34,708 [INFO] ✅ movie 284054
2026-05-26 02:37:34,755 [ERROR] Cohere API Error: HTTPSConnectionPool(host='api.cohere.com', port=443): Read timed out. (read timeout=60)
2026-05-26 02:37:34,755 [ERROR] ❌ Cohere returned an empty response. Verify API Key limits or safety filters.
2026-05-26 02:37:34,757 [INFO] ✅ JSON store updated: /home/tomito/tomito seo (copy 1)/data/content/280.json
2026-05-26 02:37:34,757 [INFO] ✅ movie 280
2026-05-26 02:37:42,857 [WARNING] ⚠️ Rate limit hit on key index 2. Switching to next key...
2026-05-26 02:37:44,191 [WARNING] ⚠️ Rate limit hit on key index 3. Switching to next key...
2026-05-26 02:37:46,240 [WARNING] ⚠️ Error (401) hit on key index 4. Switching to next key...
2026-05-26 02:37:49,719 [WARNING] ⚠️ Rate limit hit on key index 5. Switching to next key...
2026-05-26 02:37:52,287 [WARNING] ⚠️ Rate limit hit on key index 0. Switching to next key...
2026-05-26 02:37:52,455 [WARNING] ⚠️ Rate limit hit on key index 1. Switching to next key...
2026-05-26 02:37:55,347 [ERROR] Cohere API Error: HTTPSConnectionPool(host='api.cohere.com', port=443): Read timed out. (read timeout=60)
2026-05-26 02:37:55,347 [ERROR] ❌ Cohere returned an empty response. Verify API Key limits or safety filters.
2026-05-26 02:37:55,349 [INFO] ✅ JSON store updated: /home/tomito/tomito seo (copy 1)/data/content/284053.json
2026-05-26 02:37:55,349 [INFO] ✅ movie 284053
2026-05-26 02:37:57,166 [WARNING] ⚠️ Rate limit hit on key index 2. Switching to next key...
2026-05-26 02:37:59,377 [WARNING] ⚠️ Rate limit hit on key index 3. Switching to next key...
2026-05-26 02:38:00,259 [WARNING] ⚠️ Rate limit hit on key index 4. Switching to next key...
2026-05-26 02:38:01,380 [ERROR] ❌ All Cohere API keys exhausted or rate limited.
2026-05-26 02:38:01,381 [ERROR] ❌ Cohere returned an empty response. Verify API Key limits or safety filters.
2026-05-26 02:38:01,382 [INFO] ✅ JSON store updated: /home/tomito/tomito seo (copy 1)/data/content/284052.json
2026-05-26 02:38:01,382 [INFO] ✅ movie 284052
2026-05-26 02:38:01,412 [INFO] 💾 Index saved — 460 / 1936 done
2026-05-26 02:38:02,035 [ERROR] Cohere API Error: HTTPSConnectionPool(host='api.cohere.com', port=443): Read timed out. (read timeout=60)
2026-05-26 02:38:02,035 [ERROR] ❌ Cohere returned an empty response. Verify API Key limits or safety filters.
2026-05-26 02:38:02,037 [INFO] ✅ JSON store updated: /home/tomito/tomito seo (copy 1)/data/content/283995.json
2026-05-26 02:38:02,037 [INFO] ✅ movie 283995
2026-05-26 02:38:03,743 [WARNING] ⚠️ Rate limit hit on key index 5. Switching to next key...
2026-05-26 02:38:07,116 [WARNING] ⚠️ Rate limit hit on key index 0. Switching to next key...
2026-05-26 02:38:07,357 [INFO] Mirrored asset: MbILysGhjAbnZi1Okae9wYqLMx.jpg
2026-05-26 02:38:09,630 [WARNING] ⚠️ Error (401) hit on key index 1. Switching to next key...
2026-05-26 02:38:10,065 [WARNING] ⚠️ Error (401) hit on key index 2. Switching to next key...
2026-05-26 02:38:10,972 [WARNING] ⚠️ Rate limit hit on key index 3. Switching to next key...
2026-05-26 02:38:11,127 [WARNING] ⚠️ Rate limit hit on key index 4. Switching to next key...
2026-05-26 02:38:11,426 [WARNING] ⚠️ Rate limit hit on key index 5. Switching to next key...
2026-05-26 02:38:12,094 [WARNING] ⚠️ Error (401) hit on key index 0. Switching to next key...
2026-05-26 02:38:12,974 [ERROR] ❌ All Cohere API keys exhausted or rate limited.
2026-05-26 02:38:12,975 [ERROR] ❌ Cohere returned an empty response. Verify API Key limits or safety filters.
2026-05-26 02:38:12,976 [INFO] ✅ JSON store updated: /home/tomito/tomito seo (copy 1)/data/content/291805.json
2026-05-26 02:38:12,977 [INFO] ✅ movie 291805
2026-05-26 02:38:13,747 [WARNING] ⚠️ Error (401) hit on key index 1. Switching to next key...
2026-05-26 02:38:14,320 [WARNING] ⚠️ Rate limit hit on key index 2. Switching to next key...
2026-05-26 02:38:16,322 [ERROR] ❌ All Cohere API keys exhausted or rate limited.
2026-05-26 02:38:16,323 [ERROR] ❌ Cohere returned an empty response. Verify API Key limits or safety filters.
2026-05-26 02:38:16,324 [INFO] ✅ JSON store updated: /home/tomito/tomito seo (copy 1)/data/content/285.json
2026-05-26 02:38:16,325 [INFO] ✅ movie 285
2026-05-26 02:38:16,469 [WARNING] ⚠️ Error (401) hit on key index 3. Switching to next key...
2026-05-26 02:38:17,623 [WARNING] ⚠️ Rate limit hit on key index 4. Switching to next key...
2026-05-26 02:38:21,127 [WARNING] ⚠️ Rate limit hit on key index 5. Switching to next key...
2026-05-26 02:38:23,129 [WARNING] ⚠️ Rate limit hit on key index 0. Switching to next key...
2026-05-26 02:38:24,697 [WARNING] ⚠️ Error (401) hit on key index 1. Switching to next key...
2026-05-26 02:38:24,704 [WARNING] ⚠️ Rate limit hit on key index 2. Switching to next key...
2026-05-26 02:38:26,333 [WARNING] ⚠️ Rate limit hit on key index 3. Switching to next key...
2026-05-26 02:38:26,954 [INFO] Mirrored asset: xNzpGB2R5HSfFB25RYxfVkVeHZt.jpg
2026-05-26 02:38:28,103 [WARNING] ⚠️ Rate limit hit on key index 4. Switching to next key...
2026-05-26 02:38:28,334 [ERROR] ❌ All Cohere API keys exhausted or rate limited.
2026-05-26 02:38:28,335 [ERROR] ❌ Cohere returned an empty response. Verify API Key limits or safety filters.
2026-05-26 02:38:28,336 [INFO] ✅ JSON store updated: /home/tomito/tomito seo (copy 1)/data/content/293863.json
2026-05-26 02:38:28,336 [INFO] ✅ movie 293863
2026-05-26 02:38:28,996 [WARNING] ⚠️ Rate limit hit on key index 5. Switching to next key...
2026-05-26 02:38:29,278 [WARNING] ⚠️ Rate limit hit on key index 0. Switching to next key...
2026-05-26 02:38:31,137 [WARNING] ⚠️ Rate limit hit on key index 1. Switching to next key...
2026-05-26 02:38:31,641 [WARNING] ⚠️ Error (401) hit on key index 2. Switching to next key...
2026-05-26 02:38:32,769 [WARNING] ⚠️ Error (401) hit on key index 3. Switching to next key...
2026-05-26 02:38:34,907 [WARNING] ⚠️ Rate limit hit on key index 4. Switching to next key...
2026-05-26 02:38:36,489 [WARNING] ⚠️ Rate limit hit on key index 5. Switching to next key...
2026-05-26 02:38:37,500 [WARNING] ⚠️ Rate limit hit on key index 0. Switching to next key...
2026-05-26 02:38:38,102 [WARNING] ⚠️ Rate limit hit on key index 1. Switching to next key...
2026-05-26 02:38:39,276 [WARNING] ⚠️ Rate limit hit on key index 2. Switching to next key...
2026-05-26 02:38:40,089 [WARNING] ⚠️ Rate limit hit on key index 3. Switching to next key...
2026-05-26 02:38:42,316 [WARNING] ⚠️ Rate limit hit on key index 4. Switching to next key...
2026-05-26 02:38:42,705 [WARNING] ⚠️ Rate limit hit on key index 5. Switching to next key...
2026-05-26 02:38:43,387 [WARNING] ⚠️ Rate limit hit on key index 0. Switching to next key...
2026-05-26 02:38:43,815 [WARNING] ⚠️ Rate limit hit on key index 1. Switching to next key...
2026-05-26 02:38:45,064 [WARNING] ⚠️ Rate limit hit on key index 2. Switching to next key...
2026-05-26 02:38:46,396 [WARNING] ⚠️ Rate limit hit on key index 3. Switching to next key...
2026-05-26 02:38:47,678 [WARNING] ⚠️ Rate limit hit on key index 4. Switching to next key...
2026-05-26 02:38:48,608 [WARNING] ⚠️ Rate limit hit on key index 5. Switching to next key...
2026-05-26 02:38:49,681 [ERROR] ❌ All Cohere API keys exhausted or rate limited.
2026-05-26 02:38:49,681 [ERROR] ❌ Cohere returned an empty response. Verify API Key limits or safety filters.
2026-05-26 02:38:49,683 [INFO] ✅ JSON store updated: /home/tomito/tomito seo (copy 1)/data/content/29693.json
2026-05-26 02:38:49,683 [INFO] ✅ movie 29693
2026-05-26 02:38:50,446 [WARNING] ⚠️ Rate limit hit on key index 0. Switching to next key...
2026-05-26 02:38:50,610 [ERROR] ❌ All Cohere API keys exhausted or rate limited.
2026-05-26 02:38:50,611 [ERROR] ❌ Cohere returned an empty response. Verify API Key limits or safety filters.
2026-05-26 02:38:50,612 [INFO] ✅ JSON store updated: /home/tomito/tomito seo (copy 1)/data/content/296096.json
2026-05-26 02:38:50,612 [INFO] ✅ movie 296096
2026-05-26 02:38:52,449 [ERROR] ❌ All Cohere API keys exhausted or rate limited.
2026-05-26 02:38:52,450 [ERROR] ❌ Cohere returned an empty response. Verify API Key limits or safety filters.
2026-05-26 02:38:52,451 [INFO] ✅ JSON store updated: /home/tomito/tomito seo (copy 1)/data/content/290250.json
2026-05-26 02:38:52,451 [INFO] ✅ movie 290250
2026-05-26 02:38:57,302 [WARNING] ⚠️ Rate limit hit on key index 1. Switching to next key...
2026-05-26 02:38:59,305 [ERROR] ❌ All Cohere API keys exhausted or rate limited.
2026-05-26 02:38:59,305 [ERROR] ❌ Cohere returned an empty response. Verify API Key limits or safety filters.
2026-05-26 02:38:59,307 [INFO] ✅ JSON store updated: /home/tomito/tomito seo (copy 1)/data/content/296989.json
2026-05-26 02:38:59,307 [INFO] ✅ movie 296989
2026-05-26 02:38:59,338 [WARNING] ⚠️ Rate limit hit on key index 2. Switching to next key...
2026-05-26 02:39:03,475 [WARNING] ⚠️ Rate limit hit on key index 3. Switching to next key...
2026-05-26 02:39:04,939 [WARNING] ⚠️ Rate limit hit on key index 4. Switching to next key...
2026-05-26 02:39:08,677 [WARNING] ⚠️ Rate limit hit on key index 5. Switching to next key...
2026-05-26 02:39:09,213 [WARNING] ⚠️ Rate limit hit on key index 0. Switching to next key...
2026-05-26 02:39:09,551 [WARNING] ⚠️ Rate limit hit on key index 1. Switching to next key...
2026-05-26 02:39:09,865 [WARNING] ⚠️ Rate limit hit on key index 2. Switching to next key...
2026-05-26 02:39:11,403 [WARNING] ⚠️ Rate limit hit on key index 3. Switching to next key...
2026-05-26 02:39:13,406 [ERROR] ❌ All Cohere API keys exhausted or rate limited.
2026-05-26 02:39:13,407 [ERROR] ❌ Cohere returned an empty response. Verify API Key limits or safety filters.
2026-05-26 02:39:13,408 [INFO] ✅ JSON store updated: /home/tomito/tomito seo (copy 1)/data/content/297.json
2026-05-26 02:39:13,409 [INFO] ✅ movie 297
2026-05-26 02:39:14,145 [WARNING] ⚠️ Rate limit hit on key index 4. Switching to next key...
2026-05-26 02:39:14,328 [WARNING] ⚠️ Rate limit hit on key index 5. Switching to next key...
2026-05-26 02:39:16,781 [WARNING] ⚠️ Rate limit hit on key index 0. Switching to next key...
2026-05-26 02:39:19,517 [WARNING] ⚠️ Rate limit hit on key index 1. Switching to next key...
2026-05-26 02:39:19,521 [WARNING] ⚠️ Error (401) hit on key index 2. Switching to next key...
2026-05-26 02:39:19,697 [WARNING] ⚠️ Rate limit hit on key index 3. Switching to next key...
2026-05-26 02:39:20,129 [WARNING] ⚠️ Rate limit hit on key index 4. Switching to next key...
2026-05-26 02:39:21,155 [WARNING] ⚠️ Rate limit hit on key index 5. Switching to next key...
2026-05-26 02:39:22,555 [WARNING] ⚠️ Rate limit hit on key index 0. Switching to next key...
2026-05-26 02:39:23,407 [WARNING] ⚠️ Rate limit hit on key index 1. Switching to next key...
2026-05-26 02:39:23,485 [WARNING] ⚠️ Rate limit hit on key index 2. Switching to next key...
2026-05-26 02:39:25,508 [WARNING] ⚠️ Rate limit hit on key index 3. Switching to next key...
2026-05-26 02:39:26,065 [WARNING] ⚠️ Rate limit hit on key index 4. Switching to next key...
2026-05-26 02:39:27,447 [WARNING] ⚠️ Rate limit hit on key index 5. Switching to next key...
2026-05-26 02:39:27,510 [ERROR] ❌ All Cohere API keys exhausted or rate limited.
2026-05-26 02:39:27,511 [ERROR] ❌ Cohere returned an empty response. Verify API Key limits or safety filters.
2026-05-26 02:39:27,512 [INFO] ✅ JSON store updated: /home/tomito/tomito seo (copy 1)/data/content/297802.json
2026-05-26 02:39:27,513 [INFO] ✅ movie 297802
2026-05-26 02:39:27,892 [WARNING] ⚠️ Error (401) hit on key index 0. Switching to next key...
2026-05-26 02:39:29,798 [WARNING] ⚠️ Error (401) hit on key index 1. Switching to next key...
2026-05-26 02:39:31,084 [WARNING] ⚠️ Error (401) hit on key index 2. Switching to next key...
2026-05-26 02:39:32,845 [WARNING] ⚠️ Rate limit hit on key index 3. Switching to next key...
2026-05-26 02:39:35,743 [WARNING] ⚠️ Error (401) hit on key index 4. Switching to next key...
2026-05-26 02:39:35,745 [ERROR] ❌ All Cohere API keys exhausted or rate limited.
2026-05-26 02:39:35,746 [ERROR] ❌ Cohere returned an empty response. Verify API Key limits or safety filters.
2026-05-26 02:39:35,748 [INFO] ✅ JSON store updated: /home/tomito/tomito seo (copy 1)/data/content/293660.json
2026-05-26 02:39:35,749 [INFO] ✅ movie 293660
2026-05-26 02:39:36,464 [WARNING] ⚠️ Rate limit hit on key index 5. Switching to next key...
2026-05-26 02:39:36,758 [WARNING] ⚠️ Rate limit hit on key index 0. Switching to next key...
2026-05-26 02:39:40,449 [WARNING] ⚠️ Rate limit hit on key index 1. Switching to next key...
2026-05-26 02:39:41,456 [WARNING] ⚠️ Error (401) hit on key index 2. Switching to next key...
2026-05-26 02:39:43,585 [WARNING] ⚠️ Rate limit hit on key index 3. Switching to next key...
2026-05-26 02:39:43,672 [WARNING] ⚠️ Rate limit hit on key index 4. Switching to next key...
2026-05-26 02:39:45,674 [ERROR] ❌ All Cohere API keys exhausted or rate limited.
2026-05-26 02:39:45,675 [ERROR] ❌ Cohere returned an empty response. Verify API Key limits or safety filters.
2026-05-26 02:39:45,676 [INFO] ✅ JSON store updated: /home/tomito/tomito seo (copy 1)/data/content/299536.json
2026-05-26 02:39:45,676 [INFO] ✅ movie 299536
2026-05-26 02:39:46,676 [WARNING] ⚠️ Rate limit hit on key index 5. Switching to next key...
2026-05-26 02:39:47,919 [WARNING] ⚠️ Error (401) hit on key index 0. Switching to next key...
2026-05-26 02:39:48,135 [WARNING] ⚠️ Rate limit hit on key index 1. Switching to next key...
2026-05-26 02:39:50,380 [WARNING] ⚠️ Rate limit hit on key index 2. Switching to next key...
2026-05-26 02:39:50,897 [WARNING] ⚠️ Rate limit hit on key index 3. Switching to next key...
2026-05-26 02:39:52,898 [ERROR] ❌ All Cohere API keys exhausted or rate limited.
2026-05-26 02:39:52,899 [ERROR] ❌ Cohere returned an empty response. Verify API Key limits or safety filters.
2026-05-26 02:39:52,900 [INFO] ✅ JSON store updated: /home/tomito/tomito seo (copy 1)/data/content/297762.json
2026-05-26 02:39:52,901 [INFO] ✅ movie 297762
2026-05-26 02:39:53,234 [WARNING] ⚠️ Rate limit hit on key index 4. Switching to next key...
2026-05-26 02:39:57,252 [WARNING] ⚠️ Error (401) hit on key index 5. Switching to next key...
2026-05-26 02:39:59,517 [WARNING] ⚠️ Rate limit hit on key index 0. Switching to next key...
2026-05-26 02:40:00,070 [WARNING] ⚠️ Rate limit hit on key index 1. Switching to next key...
2026-05-26 02:40:00,917 [WARNING] ⚠️ Rate limit hit on key index 2. Switching to next key...
2026-05-26 02:40:01,604 [WARNING] ⚠️ Rate limit hit on key index 3. Switching to next key...
2026-05-26 02:40:04,216 [WARNING] ⚠️ Rate limit hit on key index 4. Switching to next key...
2026-05-26 02:40:05,503 [WARNING] ⚠️ Rate limit hit on key index 5. Switching to next key...
2026-05-26 02:40:05,825 [WARNING] ⚠️ Rate limit hit on key index 0. Switching to next key...
2026-05-26 02:40:06,184 [WARNING] ⚠️ Rate limit hit on key index 1. Switching to next key...
2026-05-26 02:40:08,464 [WARNING] ⚠️ Rate limit hit on key index 2. Switching to next key...
2026-05-26 02:40:08,508 [WARNING] ⚠️ Rate limit hit on key index 3. Switching to next key...
2026-05-26 02:40:09,725 [WARNING] ⚠️ Rate limit hit on key index 4. Switching to next key...
2026-05-26 02:40:09,962 [WARNING] ⚠️ Rate limit hit on key index 5. Switching to next key...
2026-05-26 02:40:10,512 [ERROR] ❌ All Cohere API keys exhausted or rate limited.
2026-05-26 02:40:10,513 [ERROR] ❌ Cohere returned an empty response. Verify API Key limits or safety filters.
2026-05-26 02:40:10,514 [INFO] ✅ JSON store updated: /home/tomito/tomito seo (copy 1)/data/content/30020.json
2026-05-26 02:40:10,515 [INFO] ✅ movie 30020
2026-05-26 02:40:14,017 [WARNING] ⚠️ Rate limit hit on key index 0. Switching to next key...
2026-05-26 02:40:14,190 [WARNING] ⚠️ Rate limit hit on key index 1. Switching to next key...
2026-05-26 02:40:14,960 [WARNING] ⚠️ Rate limit hit on key index 2. Switching to next key...
2026-05-26 02:40:16,962 [ERROR] ❌ All Cohere API keys exhausted or rate limited.
2026-05-26 02:40:16,963 [ERROR] ❌ Cohere returned an empty response. Verify API Key limits or safety filters.
2026-05-26 02:40:16,964 [INFO] ✅ JSON store updated: /home/tomito/tomito seo (copy 1)/data/content/301528.json
2026-05-26 02:40:16,964 [INFO] ✅ movie 301528
2026-05-26 02:40:19,992 [WARNING] ⚠️ Rate limit hit on key index 3. Switching to next key...
2026-05-26 02:40:20,321 [WARNING] ⚠️ Rate limit hit on key index 4. Switching to next key...
2026-05-26 02:40:22,085 [WARNING] ⚠️ Rate limit hit on key index 5. Switching to next key...
2026-05-26 02:40:22,322 [ERROR] ❌ All Cohere API keys exhausted or rate limited.
2026-05-26 02:40:22,323 [ERROR] ❌ Cohere returned an empty response. Verify API Key limits or safety filters.
2026-05-26 02:40:22,325 [INFO] ✅ JSON store updated: /home/tomito/tomito seo (copy 1)/data/content/299534.json
2026-05-26 02:40:22,325 [INFO] ✅ movie 299534
2026-05-26 02:40:25,574 [WARNING] ⚠️ Rate limit hit on key index 0. Switching to next key...
2026-05-26 02:40:26,887 [WARNING] ⚠️ Error (401) hit on key index 1. Switching to next key...
2026-05-26 02:40:27,795 [ERROR] Cohere API Error: HTTPSConnectionPool(host='api.cohere.com', port=443): Read timed out. (read timeout=60)
2026-05-26 02:40:27,795 [ERROR] ❌ Cohere returned an empty response. Verify API Key limits or safety filters.
2026-05-26 02:40:27,796 [INFO] ✅ JSON store updated: /home/tomito/tomito seo (copy 1)/data/content/299054.json
2026-05-26 02:40:27,796 [INFO] ✅ movie 299054
2026-05-26 02:40:28,895 [WARNING] ⚠️ Rate limit hit on key index 2. Switching to next key...
2026-05-26 02:40:29,488 [INFO] Mirrored asset: f8GGENmL2WWJeaBPk0VmeGbDcSf.jpg
2026-05-26 02:40:30,323 [WARNING] ⚠️ Rate limit hit on key index 3. Switching to next key...
2026-05-26 02:40:31,667 [WARNING] ⚠️ Rate limit hit on key index 4. Switching to next key...
2026-05-26 02:40:32,326 [ERROR] ❌ All Cohere API keys exhausted or rate limited.
2026-05-26 02:40:32,326 [ERROR] ❌ Cohere returned an empty response. Verify API Key limits or safety filters.
2026-05-26 02:40:32,328 [INFO] ✅ JSON store updated: /home/tomito/tomito seo (copy 1)/data/content/302946.json
2026-05-26 02:40:32,329 [INFO] ✅ movie 302946
2026-05-26 02:40:32,684 [WARNING] ⚠️ Rate limit hit on key index 5. Switching to next key...
2026-05-26 02:40:33,537 [WARNING] ⚠️ Rate limit hit on key index 0. Switching to next key...
2026-05-26 02:40:33,865 [WARNING] ⚠️ Rate limit hit on key index 1. Switching to next key...
2026-05-26 02:40:34,696 [WARNING] ⚠️ Error (401) hit on key index 2. Switching to next key...
2026-05-26 02:40:35,874 [ERROR] ❌ All Cohere API keys exhausted or rate limited.
2026-05-26 02:40:35,875 [ERROR] ❌ Cohere returned an empty response. Verify API Key limits or safety filters.
2026-05-26 02:40:35,876 [INFO] ✅ JSON store updated: /home/tomito/tomito seo (copy 1)/data/content/308266.json
2026-05-26 02:40:35,877 [INFO] ✅ movie 308266
2026-05-26 02:40:35,971 [WARNING] ⚠️ Rate limit hit on key index 3. Switching to next key...
2026-05-26 02:40:36,876 [WARNING] ⚠️ Rate limit hit on key index 4. Switching to next key...
2026-05-26 02:40:37,461 [WARNING] ⚠️ Rate limit hit on key index 5. Switching to next key...
2026-05-26 02:40:39,113 [WARNING] ⚠️ Rate limit hit on key index 0. Switching to next key...
2026-05-26 02:40:40,298 [WARNING] ⚠️ Rate limit hit on key index 1. Switching to next key...
2026-05-26 02:40:40,993 [WARNING] ⚠️ Rate limit hit on key index 2. Switching to next key...
2026-05-26 02:40:41,493 [WARNING] ⚠️ Error (401) hit on key index 3. Switching to next key...
2026-05-26 02:40:43,276 [WARNING] ⚠️ Rate limit hit on key index 4. Switching to next key...
2026-05-26 02:40:43,654 [WARNING] ⚠️ Rate limit hit on key index 5. Switching to next key...
2026-05-26 02:40:45,323 [WARNING] ⚠️ Rate limit hit on key index 0. Switching to next key...
2026-05-26 02:40:46,019 [WARNING] ⚠️ Error (401) hit on key index 1. Switching to next key...
2026-05-26 02:40:46,831 [WARNING] ⚠️ Rate limit hit on key index 2. Switching to next key...
2026-05-26 02:40:47,326 [ERROR] ❌ All Cohere API keys exhausted or rate limited.
2026-05-26 02:40:47,327 [ERROR] ❌ Cohere returned an empty response. Verify API Key limits or safety filters.
2026-05-26 02:40:47,329 [INFO] ✅ JSON store updated: /home/tomito/tomito seo (copy 1)/data/content/312.json
2026-05-26 02:40:47,329 [INFO] ✅ movie 312
2026-05-26 02:40:47,363 [INFO] 💾 Index saved — 480 / 1936 done
2026-05-26 02:40:47,904 [WARNING] ⚠️ Rate limit hit on key index 3. Switching to next key...
2026-05-26 02:40:48,510 [WARNING] ⚠️ Error (401) hit on key index 4. Switching to next key...
2026-05-26 02:40:49,043 [WARNING] ⚠️ Rate limit hit on key index 5. Switching to next key...
2026-05-26 02:40:50,628 [WARNING] ⚠️ Rate limit hit on key index 0. Switching to next key...
2026-05-26 02:40:50,976 [WARNING] ⚠️ Rate limit hit on key index 1. Switching to next key...
2026-05-26 02:40:52,630 [ERROR] ❌ All Cohere API keys exhausted or rate limited.
2026-05-26 02:40:52,631 [ERROR] ❌ Cohere returned an empty response. Verify API Key limits or safety filters.
2026-05-26 02:40:52,632 [INFO] ✅ JSON store updated: /home/tomito/tomito seo (copy 1)/data/content/3134.json
2026-05-26 02:40:52,632 [INFO] ✅ movie 3134
2026-05-26 02:40:53,029 [WARNING] ⚠️ Rate limit hit on key index 2. Switching to next key...
2026-05-26 02:40:57,568 [WARNING] ⚠️ Rate limit hit on key index 3. Switching to next key...
2026-05-26 02:41:01,645 [WARNING] ⚠️ Rate limit hit on key index 4. Switching to next key...
2026-05-26 02:41:03,210 [WARNING] ⚠️ Rate limit hit on key index 5. Switching to next key...
2026-05-26 02:41:03,733 [WARNING] ⚠️ Rate limit hit on key index 0. Switching to next key...
2026-05-26 02:41:04,226 [WARNING] ⚠️ Rate limit hit on key index 1. Switching to next key...
2026-05-26 02:41:05,213 [ERROR] ❌ All Cohere API keys exhausted or rate limited.
2026-05-26 02:41:05,213 [ERROR] ❌ Cohere returned an empty response. Verify API Key limits or safety filters.
2026-05-26 02:41:05,215 [INFO] ✅ JSON store updated: /home/tomito/tomito seo (copy 1)/data/content/311.json
2026-05-26 02:41:05,215 [INFO] ✅ movie 311
2026-05-26 02:41:06,713 [WARNING] ⚠️ Rate limit hit on key index 2. Switching to next key...
2026-05-26 02:41:08,080 [WARNING] ⚠️ Rate limit hit on key index 3. Switching to next key...
2026-05-26 02:41:09,187 [WARNING] ⚠️ Rate limit hit on key index 4. Switching to next key...
2026-05-26 02:41:11,191 [ERROR] ❌ All Cohere API keys exhausted or rate limited.
2026-05-26 02:41:11,191 [ERROR] ❌ Cohere returned an empty response. Verify API Key limits or safety filters.
2026-05-26 02:41:11,193 [INFO] ✅ JSON store updated: /home/tomito/tomito seo (copy 1)/data/content/31407.json
2026-05-26 02:41:11,193 [INFO] ✅ movie 31407
2026-05-26 02:41:15,672 [WARNING] ⚠️ Rate limit hit on key index 5. Switching to next key...
2026-05-26 02:41:16,794 [WARNING] ⚠️ Rate limit hit on key index 0. Switching to next key...
2026-05-26 02:41:16,853 [WARNING] ⚠️ Rate limit hit on key index 1. Switching to next key...
2026-05-26 02:41:17,289 [WARNING] ⚠️ Rate limit hit on key index 2. Switching to next key...
2026-05-26 02:41:22,006 [WARNING] ⚠️ Rate limit hit on key index 3. Switching to next key...
2026-05-26 02:41:22,345 [WARNING] ⚠️ Rate limit hit on key index 4. Switching to next key...
2026-05-26 02:41:22,417 [WARNING] ⚠️ Rate limit hit on key index 5. Switching to next key...
2026-05-26 02:41:23,382 [WARNING] ⚠️ Rate limit hit on key index 0. Switching to next key...
2026-05-26 02:41:23,418 [WARNING] ⚠️ Rate limit hit on key index 1. Switching to next key...
2026-05-26 02:41:24,029 [WARNING] ⚠️ Rate limit hit on key index 2. Switching to next key...
2026-05-26 02:41:25,091 [WARNING] ⚠️ Rate limit hit on key index 3. Switching to next key...
2026-05-26 02:41:26,205 [WARNING] ⚠️ Rate limit hit on key index 4. Switching to next key...
2026-05-26 02:41:26,287 [WARNING] ⚠️ Rate limit hit on key index 5. Switching to next key...
2026-05-26 02:41:27,467 [WARNING] ⚠️ Rate limit hit on key index 0. Switching to next key...
2026-05-26 02:41:28,290 [ERROR] ❌ All Cohere API keys exhausted or rate limited.
2026-05-26 02:41:28,291 [ERROR] ❌ Cohere returned an empty response. Verify API Key limits or safety filters.
2026-05-26 02:41:28,292 [INFO] ✅ JSON store updated: /home/tomito/tomito seo (copy 1)/data/content/3131.json
2026-05-26 02:41:28,293 [INFO] ✅ movie 3131
2026-05-26 02:41:28,424 [WARNING] ⚠️ Rate limit hit on key index 1. Switching to next key...
2026-05-26 02:41:28,515 [WARNING] ⚠️ Rate limit hit on key index 2. Switching to next key...
2026-05-26 02:41:29,470 [ERROR] ❌ All Cohere API keys exhausted or rate limited.
2026-05-26 02:41:29,470 [ERROR] ❌ Cohere returned an empty response. Verify API Key limits or safety filters.
2026-05-26 02:41:29,472 [INFO] ✅ JSON store updated: /home/tomito/tomito seo (copy 1)/data/content/315635.json
2026-05-26 02:41:29,472 [INFO] ✅ movie 315635
2026-05-26 02:41:34,689 [WARNING] ⚠️ Rate limit hit on key index 3. Switching to next key...
2026-05-26 02:41:36,665 [WARNING] ⚠️ Rate limit hit on key index 4. Switching to next key...
2026-05-26 02:41:37,857 [WARNING] ⚠️ Rate limit hit on key index 5. Switching to next key...
2026-05-26 02:41:38,468 [WARNING] ⚠️ Rate limit hit on key index 0. Switching to next key...
2026-05-26 02:41:38,565 [WARNING] ⚠️ Error (401) hit on key index 1. Switching to next key...
2026-05-26 02:41:39,596 [WARNING] ⚠️ Rate limit hit on key index 2. Switching to next key...
2026-05-26 02:41:41,248 [WARNING] ⚠️ Rate limit hit on key index 3. Switching to next key...
2026-05-26 02:41:41,807 [WARNING] ⚠️ Rate limit hit on key index 4. Switching to next key...
2026-05-26 02:41:41,827 [WARNING] ⚠️ Rate limit hit on key index 5. Switching to next key...
2026-05-26 02:41:43,848 [WARNING] ⚠️ Rate limit hit on key index 0. Switching to next key...
2026-05-26 02:41:45,035 [WARNING] ⚠️ Rate limit hit on key index 1. Switching to next key...
2026-05-26 02:41:48,259 [WARNING] ⚠️ Rate limit hit on key index 2. Switching to next key...
2026-05-26 02:41:49,028 [WARNING] ⚠️ Rate limit hit on key index 3. Switching to next key...
2026-05-26 02:41:49,723 [WARNING] ⚠️ Rate limit hit on key index 4. Switching to next key...
2026-05-26 02:41:51,726 [ERROR] ❌ All Cohere API keys exhausted or rate limited.
2026-05-26 02:41:51,727 [ERROR] ❌ Cohere returned an empty response. Verify API Key limits or safety filters.
2026-05-26 02:41:51,728 [INFO] ✅ JSON store updated: /home/tomito/tomito seo (copy 1)/data/content/315162.json
2026-05-26 02:41:51,728 [INFO] ✅ movie 315162
2026-05-26 02:41:51,756 [WARNING] ⚠️ Rate limit hit on key index 5. Switching to next key...
2026-05-26 02:41:53,314 [WARNING] ⚠️ Rate limit hit on key index 0. Switching to next key...
2026-05-26 02:41:53,758 [ERROR] ❌ All Cohere API keys exhausted or rate limited.
2026-05-26 02:41:53,759 [ERROR] ❌ Cohere returned an empty response. Verify API Key limits or safety filters.
2026-05-26 02:41:53,761 [INFO] ✅ JSON store updated: /home/tomito/tomito seo (copy 1)/data/content/324552.json
2026-05-26 02:41:53,761 [INFO] ✅ movie 324552
2026-05-26 02:41:54,125 [WARNING] ⚠️ Rate limit hit on key index 1. Switching to next key...
2026-05-26 02:41:56,129 [ERROR] ❌ All Cohere API keys exhausted or rate limited.
2026-05-26 02:41:56,130 [ERROR] ❌ Cohere returned an empty response. Verify API Key limits or safety filters.
2026-05-26 02:41:56,131 [INFO] ✅ JSON store updated: /home/tomito/tomito seo (copy 1)/data/content/31606.json
2026-05-26 02:41:56,131 [INFO] ✅ movie 31606
2026-05-26 02:41:58,600 [WARNING] ⚠️ Rate limit hit on key index 2. Switching to next key...
2026-05-26 02:42:00,603 [ERROR] ❌ All Cohere API keys exhausted or rate limited.
2026-05-26 02:42:00,604 [ERROR] ❌ Cohere returned an empty response. Verify API Key limits or safety filters.
2026-05-26 02:42:00,605 [INFO] ✅ JSON store updated: /home/tomito/tomito seo (copy 1)/data/content/324786.json
2026-05-26 02:42:00,606 [INFO] ✅ movie 324786
2026-05-26 02:42:02,948 [WARNING] ⚠️ Rate limit hit on key index 3. Switching to next key...
2026-05-26 02:42:04,748 [WARNING] ⚠️ Rate limit hit on key index 4. Switching to next key...
2026-05-26 02:42:05,620 [WARNING] ⚠️ Rate limit hit on key index 5. Switching to next key...
2026-05-26 02:42:08,256 [WARNING] ⚠️ Rate limit hit on key index 0. Switching to next key...
2026-05-26 02:42:08,495 [WARNING] ⚠️ Rate limit hit on key index 1. Switching to next key...
2026-05-26 02:42:09,880 [WARNING] ⚠️ Rate limit hit on key index 2. Switching to next key...
2026-05-26 02:42:12,476 [WARNING] ⚠️ Rate limit hit on key index 3. Switching to next key...
2026-05-26 02:42:16,466 [WARNING] ⚠️ Rate limit hit on key index 4. Switching to next key...
2026-05-26 02:42:17,278 [WARNING] ⚠️ Rate limit hit on key index 5. Switching to next key...
2026-05-26 02:42:19,084 [WARNING] ⚠️ Rate limit hit on key index 0. Switching to next key...
2026-05-26 02:42:21,144 [WARNING] ⚠️ Rate limit hit on key index 1. Switching to next key...
2026-05-26 02:42:21,218 [WARNING] ⚠️ Error (401) hit on key index 2. Switching to next key...
2026-05-26 02:42:23,041 [WARNING] ⚠️ Rate limit hit on key index 3. Switching to next key...
2026-05-26 02:42:23,279 [WARNING] ⚠️ Error (401) hit on key index 4. Switching to next key...
2026-05-26 02:42:25,045 [ERROR] ❌ All Cohere API keys exhausted or rate limited.
2026-05-26 02:42:25,045 [ERROR] ❌ Cohere returned an empty response. Verify API Key limits or safety filters.
2026-05-26 02:42:25,047 [INFO] ✅ JSON store updated: /home/tomito/tomito seo (copy 1)/data/content/3291.json
2026-05-26 02:42:25,047 [INFO] ✅ movie 3291
2026-05-26 02:42:26,423 [WARNING] ⚠️ Rate limit hit on key index 5. Switching to next key...
2026-05-26 02:42:28,079 [WARNING] ⚠️ Rate limit hit on key index 0. Switching to next key...
2026-05-26 02:42:29,736 [WARNING] ⚠️ Error (401) hit on key index 1. Switching to next key...
2026-05-26 02:42:29,736 [ERROR] ❌ All Cohere API keys exhausted or rate limited.
2026-05-26 02:42:29,736 [ERROR] ❌ Cohere returned an empty response. Verify API Key limits or safety filters.
2026-05-26 02:42:29,739 [INFO] ✅ JSON store updated: /home/tomito/tomito seo (copy 1)/data/content/329505.json
2026-05-26 02:42:29,739 [INFO] ✅ movie 329505
2026-05-26 02:42:35,862 [WARNING] ⚠️ Rate limit hit on key index 2. Switching to next key...
2026-05-26 02:42:36,427 [WARNING] ⚠️ Rate limit hit on key index 3. Switching to next key...
2026-05-26 02:42:36,462 [WARNING] ⚠️ Rate limit hit on key index 4. Switching to next key...
2026-05-26 02:42:38,466 [ERROR] ❌ All Cohere API keys exhausted or rate limited.
2026-05-26 02:42:38,466 [ERROR] ❌ Cohere returned an empty response. Verify API Key limits or safety filters.
2026-05-26 02:42:38,468 [INFO] ✅ JSON store updated: /home/tomito/tomito seo (copy 1)/data/content/330457.json
2026-05-26 02:42:38,468 [INFO] ✅ movie 330457
2026-05-26 02:42:40,690 [WARNING] ⚠️ Rate limit hit on key index 5. Switching to next key...
2026-05-26 02:42:41,081 [WARNING] ⚠️ Rate limit hit on key index 0. Switching to next key...
2026-05-26 02:42:42,089 [WARNING] ⚠️ Rate limit hit on key index 1. Switching to next key...
2026-05-26 02:42:44,275 [ERROR] Cohere API Error: HTTPSConnectionPool(host='api.cohere.com', port=443): Read timed out. (read timeout=60)
2026-05-26 02:42:44,275 [ERROR] ❌ Cohere returned an empty response. Verify API Key limits or safety filters.
2026-05-26 02:42:44,277 [INFO] ✅ JSON store updated: /home/tomito/tomito seo (copy 1)/data/content/324857.json
2026-05-26 02:42:44,277 [INFO] ✅ movie 324857
2026-05-26 02:42:46,115 [ERROR] Cohere API Error: HTTPSConnectionPool(host='api.cohere.com', port=443): Read timed out. (read timeout=60)
2026-05-26 02:42:46,115 [ERROR] ❌ Cohere returned an empty response. Verify API Key limits or safety filters.
2026-05-26 02:42:46,118 [INFO] ✅ JSON store updated: /home/tomito/tomito seo (copy 1)/data/content/321612.json
2026-05-26 02:42:46,119 [INFO] ✅ movie 321612
2026-05-26 02:42:47,742 [WARNING] ⚠️ Rate limit hit on key index 2. Switching to next key...
2026-05-26 02:42:47,986 [WARNING] ⚠️ Rate limit hit on key index 3. Switching to next key...
2026-05-26 02:42:48,036 [WARNING] ⚠️ Rate limit hit on key index 4. Switching to next key...
2026-05-26 02:42:49,999 [WARNING] ⚠️ Rate limit hit on key index 5. Switching to next key...
2026-05-26 02:42:56,838 [WARNING] ⚠️ Rate limit hit on key index 0. Switching to next key...
2026-05-26 02:42:57,969 [WARNING] ⚠️ Rate limit hit on key index 1. Switching to next key...
2026-05-26 02:43:01,609 [WARNING] ⚠️ Rate limit hit on key index 2. Switching to next key...
2026-05-26 02:43:06,340 [WARNING] ⚠️ Rate limit hit on key index 3. Switching to next key...
2026-05-26 02:43:06,400 [WARNING] ⚠️ Rate limit hit on key index 4. Switching to next key...
2026-05-26 02:43:08,165 [WARNING] ⚠️ Rate limit hit on key index 5. Switching to next key...
2026-05-26 02:43:09,964 [WARNING] ⚠️ Rate limit hit on key index 0. Switching to next key...
2026-05-26 02:43:10,091 [WARNING] ⚠️ Rate limit hit on key index 1. Switching to next key...
2026-05-26 02:43:12,062 [WARNING] ⚠️ Rate limit hit on key index 2. Switching to next key...
2026-05-26 02:43:15,064 [WARNING] ⚠️ Rate limit hit on key index 3. Switching to next key...
2026-05-26 02:43:15,090 [WARNING] ⚠️ Rate limit hit on key index 4. Switching to next key...
2026-05-26 02:43:15,122 [WARNING] ⚠️ Rate limit hit on key index 5. Switching to next key...
2026-05-26 02:43:18,654 [WARNING] ⚠️ Rate limit hit on key index 0. Switching to next key...
2026-05-26 02:43:18,900 [WARNING] ⚠️ Rate limit hit on key index 1. Switching to next key...
2026-05-26 02:43:18,929 [WARNING] ⚠️ Rate limit hit on key index 2. Switching to next key...
2026-05-26 02:43:19,532 [WARNING] ⚠️ Rate limit hit on key index 3. Switching to next key...
2026-05-26 02:43:19,627 [WARNING] ⚠️ Rate limit hit on key index 4. Switching to next key...
2026-05-26 02:43:20,657 [ERROR] ❌ All Cohere API keys exhausted or rate limited.
2026-05-26 02:43:20,657 [ERROR] ❌ Cohere returned an empty response. Verify API Key limits or safety filters.
2026-05-26 02:43:20,659 [INFO] ✅ JSON store updated: /home/tomito/tomito seo (copy 1)/data/content/331482.json
2026-05-26 02:43:20,660 [INFO] ✅ movie 331482
2026-05-26 02:43:21,534 [ERROR] ❌ All Cohere API keys exhausted or rate limited.
2026-05-26 02:43:21,535 [ERROR] ❌ Cohere returned an empty response. Verify API Key limits or safety filters.
2026-05-26 02:43:21,536 [INFO] ✅ JSON store updated: /home/tomito/tomito seo (copy 1)/data/content/332562.json
2026-05-26 02:43:21,537 [INFO] ✅ movie 332562
2026-05-26 02:43:25,347 [WARNING] ⚠️ Rate limit hit on key index 5. Switching to next key...
2026-05-26 02:43:26,529 [WARNING] ⚠️ Rate limit hit on key index 0. Switching to next key...
2026-05-26 02:43:26,613 [WARNING] ⚠️ Rate limit hit on key index 1. Switching to next key...
2026-05-26 02:43:27,350 [ERROR] ❌ All Cohere API keys exhausted or rate limited.
2026-05-26 02:43:27,351 [ERROR] ❌ Cohere returned an empty response. Verify API Key limits or safety filters.
2026-05-26 02:43:27,353 [INFO] ✅ JSON store updated: /home/tomito/tomito seo (copy 1)/data/content/335984.json
2026-05-26 02:43:27,353 [INFO] ✅ movie 335984
2026-05-26 02:43:29,801 [WARNING] ⚠️ Rate limit hit on key index 2. Switching to next key...
2026-05-26 02:43:31,802 [ERROR] ❌ All Cohere API keys exhausted or rate limited.
2026-05-26 02:43:31,803 [ERROR] ❌ Cohere returned an empty response. Verify API Key limits or safety filters.
2026-05-26 02:43:31,804 [INFO] ✅ JSON store updated: /home/tomito/tomito seo (copy 1)/data/content/335797.json
2026-05-26 02:43:31,805 [INFO] ✅ movie 335797
2026-05-26 02:43:34,554 [WARNING] ⚠️ Rate limit hit on key index 3. Switching to next key...
2026-05-26 02:43:36,749 [WARNING] ⚠️ Rate limit hit on key index 4. Switching to next key...
2026-05-26 02:43:37,657 [WARNING] ⚠️ Rate limit hit on key index 5. Switching to next key...
2026-05-26 02:43:39,147 [WARNING] ⚠️ Rate limit hit on key index 0. Switching to next key...
2026-05-26 02:43:41,949 [WARNING] ⚠️ Rate limit hit on key index 1. Switching to next key...
2026-05-26 02:43:46,753 [WARNING] ⚠️ Error (401) hit on key index 2. Switching to next key...
2026-05-26 02:43:46,754 [ERROR] ❌ All Cohere API keys exhausted or rate limited.
2026-05-26 02:43:46,755 [ERROR] ❌ Cohere returned an empty response. Verify API Key limits or safety filters.
2026-05-26 02:43:46,756 [INFO] ✅ JSON store updated: /home/tomito/tomito seo (copy 1)/data/content/333339.json
2026-05-26 02:43:46,757 [INFO] ✅ movie 333339
2026-05-26 02:43:48,007 [WARNING] ⚠️ Rate limit hit on key index 3. Switching to next key...
2026-05-26 02:43:50,199 [WARNING] ⚠️ Rate limit hit on key index 4. Switching to next key...
2026-05-26 02:43:54,038 [WARNING] ⚠️ Rate limit hit on key index 5. Switching to next key...
2026-05-26 02:43:56,196 [WARNING] ⚠️ Rate limit hit on key index 0. Switching to next key...
2026-05-26 02:43:56,915 [WARNING] ⚠️ Rate limit hit on key index 1. Switching to next key...
2026-05-26 02:43:57,823 [WARNING] ⚠️ Rate limit hit on key index 2. Switching to next key...
2026-05-26 02:43:58,200 [ERROR] ❌ All Cohere API keys exhausted or rate limited.
2026-05-26 02:43:58,200 [ERROR] ❌ Cohere returned an empty response. Verify API Key limits or safety filters.
2026-05-26 02:43:58,202 [INFO] ✅ JSON store updated: /home/tomito/tomito seo (copy 1)/data/content/336843.json
2026-05-26 02:43:58,202 [INFO] ✅ movie 336843
2026-05-26 02:43:58,223 [INFO] 💾 Index saved — 500 / 1936 done
2026-05-26 02:44:00,378 [WARNING] ⚠️ Error (401) hit on key index 3. Switching to next key...
2026-05-26 02:44:00,544 [WARNING] ⚠️ Rate limit hit on key index 4. Switching to next key...
2026-05-26 02:44:00,718 [WARNING] ⚠️ Rate limit hit on key index 5. Switching to next key...
2026-05-26 02:44:02,012 [WARNING] ⚠️ Rate limit hit on key index 0. Switching to next key...
2026-05-26 02:44:02,591 [WARNING] ⚠️ Error (401) hit on key index 1. Switching to next key...
2026-05-26 02:44:03,796 [WARNING] ⚠️ Error (401) hit on key index 2. Switching to next key...
2026-05-26 02:44:04,186 [WARNING] ⚠️ Rate limit hit on key index 3. Switching to next key...
2026-05-26 02:44:06,450 [WARNING] ⚠️ Rate limit hit on key index 4. Switching to next key...
2026-05-26 02:44:08,516 [WARNING] ⚠️ Rate limit hit on key index 5. Switching to next key...
2026-05-26 02:44:08,575 [WARNING] ⚠️ Rate limit hit on key index 0. Switching to next key...
2026-05-26 02:44:11,927 [WARNING] ⚠️ Error (401) hit on key index 1. Switching to next key...
2026-05-26 02:44:13,278 [WARNING] ⚠️ Rate limit hit on key index 2. Switching to next key...
2026-05-26 02:44:14,869 [WARNING] ⚠️ Rate limit hit on key index 3. Switching to next key...
2026-05-26 02:44:15,558 [WARNING] ⚠️ Error (401) hit on key index 4. Switching to next key...
2026-05-26 02:44:16,384 [WARNING] ⚠️ Rate limit hit on key index 5. Switching to next key...
2026-05-26 02:44:16,437 [WARNING] ⚠️ Rate limit hit on key index 0. Switching to next key...
2026-05-26 02:44:16,873 [ERROR] ❌ All Cohere API keys exhausted or rate limited.
2026-05-26 02:44:16,873 [ERROR] ❌ Cohere returned an empty response. Verify API Key limits or safety filters.
2026-05-26 02:44:16,874 [INFO] ✅ JSON store updated: /home/tomito/tomito seo (copy 1)/data/content/337339.json
2026-05-26 02:44:16,875 [INFO] ✅ movie 337339
2026-05-26 02:44:20,891 [WARNING] ⚠️ Rate limit hit on key index 1. Switching to next key...
2026-05-26 02:44:22,669 [WARNING] ⚠️ Error (401) hit on key index 2. Switching to next key...
2026-05-26 02:44:22,894 [ERROR] ❌ All Cohere API keys exhausted or rate limited.
2026-05-26 02:44:22,894 [ERROR] ❌ Cohere returned an empty response. Verify API Key limits or safety filters.
2026-05-26 02:44:22,896 [INFO] ✅ JSON store updated: /home/tomito/tomito seo (copy 1)/data/content/337404.json
2026-05-26 02:44:22,896 [INFO] ✅ movie 337404
2026-05-26 02:44:25,089 [WARNING] ⚠️ Rate limit hit on key index 3. Switching to next key...
2026-05-26 02:44:26,715 [WARNING] ⚠️ Rate limit hit on key index 4. Switching to next key...
2026-05-26 02:44:29,031 [WARNING] ⚠️ Rate limit hit on key index 5. Switching to next key...
2026-05-26 02:44:29,877 [WARNING] ⚠️ Rate limit hit on key index 0. Switching to next key...
2026-05-26 02:44:30,009 [WARNING] ⚠️ Error (401) hit on key index 1. Switching to next key...
2026-05-26 02:44:30,010 [ERROR] ❌ All Cohere API keys exhausted or rate limited.
2026-05-26 02:44:30,011 [ERROR] ❌ Cohere returned an empty response. Verify API Key limits or safety filters.
2026-05-26 02:44:30,012 [INFO] ✅ JSON store updated: /home/tomito/tomito seo (copy 1)/data/content/339403.json
2026-05-26 02:44:30,012 [INFO] ✅ movie 339403
2026-05-26 02:44:30,167 [WARNING] ⚠️ Rate limit hit on key index 2. Switching to next key...
2026-05-26 02:44:33,401 [WARNING] ⚠️ Rate limit hit on key index 3. Switching to next key...
2026-05-26 02:44:34,366 [WARNING] ⚠️ Rate limit hit on key index 4. Switching to next key...
2026-05-26 02:44:34,801 [WARNING] ⚠️ Rate limit hit on key index 5. Switching to next key...
2026-05-26 02:44:35,453 [WARNING] ⚠️ Rate limit hit on key index 0. Switching to next key...
2026-05-26 02:44:36,386 [WARNING] ⚠️ Rate limit hit on key index 1. Switching to next key...
2026-05-26 02:44:37,796 [WARNING] ⚠️ Rate limit hit on key index 2. Switching to next key...
2026-05-26 02:44:40,180 [WARNING] ⚠️ Error (401) hit on key index 3. Switching to next key...
2026-05-26 02:44:40,523 [WARNING] ⚠️ Rate limit hit on key index 4. Switching to next key...
2026-05-26 02:44:41,031 [WARNING] ⚠️ Rate limit hit on key index 5. Switching to next key...
2026-05-26 02:44:41,491 [WARNING] ⚠️ Rate limit hit on key index 0. Switching to next key...
2026-05-26 02:44:41,881 [WARNING] ⚠️ Rate limit hit on key index 1. Switching to next key...
2026-05-26 02:44:43,034 [ERROR] ❌ All Cohere API keys exhausted or rate limited.
2026-05-26 02:44:43,034 [ERROR] ❌ Cohere returned an empty response. Verify API Key limits or safety filters.
2026-05-26 02:44:43,036 [INFO] ✅ JSON store updated: /home/tomito/tomito seo (copy 1)/data/content/337401.json
2026-05-26 02:44:43,036 [INFO] ✅ movie 337401
2026-05-26 02:44:46,036 [WARNING] ⚠️ Rate limit hit on key index 2. Switching to next key...
2026-05-26 02:44:46,633 [WARNING] ⚠️ Rate limit hit on key index 3. Switching to next key...
2026-05-26 02:44:48,253 [WARNING] ⚠️ Rate limit hit on key index 4. Switching to next key...
2026-05-26 02:44:48,636 [ERROR] ❌ All Cohere API keys exhausted or rate limited.
2026-05-26 02:44:48,637 [ERROR] ❌ Cohere returned an empty response. Verify API Key limits or safety filters.
2026-05-26 02:44:48,638 [INFO] ✅ JSON store updated: /home/tomito/tomito seo (copy 1)/data/content/342521.json
2026-05-26 02:44:48,639 [INFO] ✅ movie 342521
2026-05-26 02:44:50,257 [ERROR] ❌ All Cohere API keys exhausted or rate limited.
2026-05-26 02:44:50,258 [ERROR] ❌ Cohere returned an empty response. Verify API Key limits or safety filters.
2026-05-26 02:44:50,259 [INFO] ✅ JSON store updated: /home/tomito/tomito seo (copy 1)/data/content/339846.json
2026-05-26 02:44:50,260 [INFO] ✅ movie 339846
2026-05-26 02:44:51,411 [WARNING] ⚠️ Rate limit hit on key index 5. Switching to next key...
2026-05-26 02:44:56,324 [INFO] Mirrored asset: doAzav9kfdtsoSdw1MDFvjKq3J4.jpg
2026-05-26 02:44:56,907 [WARNING] ⚠️ Rate limit hit on key index 0. Switching to next key...
2026-05-26 02:44:58,431 [WARNING] ⚠️ Rate limit hit on key index 1. Switching to next key...
2026-05-26 02:45:00,826 [WARNING] ⚠️ Error (401) hit on key index 2. Switching to next key...
2026-05-26 02:45:00,891 [WARNING] ⚠️ Error (401) hit on key index 3. Switching to next key...
2026-05-26 02:45:01,508 [WARNING] ⚠️ Rate limit hit on key index 4. Switching to next key...
2026-05-26 02:45:01,935 [WARNING] ⚠️ Rate limit hit on key index 5. Switching to next key...
2026-05-26 02:45:03,112 [WARNING] ⚠️ Rate limit hit on key index 0. Switching to next key...
2026-05-26 02:45:04,183 [WARNING] ⚠️ Rate limit hit on key index 1. Switching to next key...
2026-05-26 02:45:04,390 [WARNING] ⚠️ Error (401) hit on key index 2. Switching to next key...
2026-05-26 02:45:04,819 [ERROR] Cohere API Error: HTTPSConnectionPool(host='api.cohere.com', port=443): Read timed out. (read timeout=60)
2026-05-26 02:45:04,819 [ERROR] ❌ Cohere returned an empty response. Verify API Key limits or safety filters.
2026-05-26 02:45:04,820 [INFO] ✅ JSON store updated: /home/tomito/tomito seo (copy 1)/data/content/338803.json
2026-05-26 02:45:04,820 [INFO] ✅ movie 338803
2026-05-26 02:45:05,389 [WARNING] ⚠️ Rate limit hit on key index 3. Switching to next key...
2026-05-26 02:45:05,660 [WARNING] ⚠️ Error (401) hit on key index 4. Switching to next key...
2026-05-26 02:45:09,571 [WARNING] ⚠️ Rate limit hit on key index 5. Switching to next key...
2026-05-26 02:45:10,616 [WARNING] ⚠️ Rate limit hit on key index 0. Switching to next key...
2026-05-26 02:45:12,347 [WARNING] ⚠️ Error (401) hit on key index 1. Switching to next key...
2026-05-26 02:45:13,213 [WARNING] ⚠️ Rate limit hit on key index 2. Switching to next key...
2026-05-26 02:45:15,217 [ERROR] ❌ All Cohere API keys exhausted or rate limited.
2026-05-26 02:45:15,217 [ERROR] ❌ Cohere returned an empty response. Verify API Key limits or safety filters.
2026-05-26 02:45:15,220 [INFO] ✅ JSON store updated: /home/tomito/tomito seo (copy 1)/data/content/343611.json
2026-05-26 02:45:15,220 [INFO] ✅ movie 343611
2026-05-26 02:45:19,140 [WARNING] ⚠️ Rate limit hit on key index 3. Switching to next key...
2026-05-26 02:45:20,095 [WARNING] ⚠️ Rate limit hit on key index 4. Switching to next key...
2026-05-26 02:45:21,145 [ERROR] ❌ All Cohere API keys exhausted or rate limited.
2026-05-26 02:45:21,145 [ERROR] ❌ Cohere returned an empty response. Verify API Key limits or safety filters.
2026-05-26 02:45:21,146 [INFO] ✅ JSON store updated: /home/tomito/tomito seo (copy 1)/data/content/345887.json
2026-05-26 02:45:21,147 [INFO] ✅ movie 345887
2026-05-26 02:45:30,117 [WARNING] ⚠️ Rate limit hit on key index 5. Switching to next key...
2026-05-26 02:45:31,062 [WARNING] ⚠️ Rate limit hit on key index 0. Switching to next key...
2026-05-26 02:45:33,329 [WARNING] ⚠️ Error (401) hit on key index 1. Switching to next key...
2026-05-26 02:45:33,899 [WARNING] ⚠️ Error (401) hit on key index 2. Switching to next key...
2026-05-26 02:45:35,183 [WARNING] ⚠️ Rate limit hit on key index 3. Switching to next key...
2026-05-26 02:45:35,499 [WARNING] ⚠️ Rate limit hit on key index 4. Switching to next key...
2026-05-26 02:45:36,080 [WARNING] ⚠️ Rate limit hit on key index 5. Switching to next key...
2026-05-26 02:45:38,215 [WARNING] ⚠️ Rate limit hit on key index 0. Switching to next key...
2026-05-26 02:45:40,814 [WARNING] ⚠️ Error (401) hit on key index 1. Switching to next key...
2026-05-26 02:45:40,980 [WARNING] ⚠️ Rate limit hit on key index 2. Switching to next key...
2026-05-26 02:45:41,635 [WARNING] ⚠️ Rate limit hit on key index 3. Switching to next key...
2026-05-26 02:45:46,677 [WARNING] ⚠️ Rate limit hit on key index 4. Switching to next key...
2026-05-26 02:45:49,249 [WARNING] ⚠️ Rate limit hit on key index 5. Switching to next key...
2026-05-26 02:45:50,206 [WARNING] ⚠️ Rate limit hit on key index 0. Switching to next key...
2026-05-26 02:45:52,208 [ERROR] ❌ All Cohere API keys exhausted or rate limited.
2026-05-26 02:45:52,209 [ERROR] ❌ Cohere returned an empty response. Verify API Key limits or safety filters.
2026-05-26 02:45:52,210 [INFO] ✅ JSON store updated: /home/tomito/tomito seo (copy 1)/data/content/346698.json
2026-05-26 02:45:52,211 [INFO] ✅ movie 346698
2026-05-26 02:45:53,272 [WARNING] ⚠️ Error (401) hit on key index 1. Switching to next key...
2026-05-26 02:45:53,273 [ERROR] ❌ All Cohere API keys exhausted or rate limited.
2026-05-26 02:45:53,273 [ERROR] ❌ Cohere returned an empty response. Verify API Key limits or safety filters.
2026-05-26 02:45:53,274 [INFO] ✅ JSON store updated: /home/tomito/tomito seo (copy 1)/data/content/346810.json
2026-05-26 02:45:53,274 [INFO] ✅ movie 346810
2026-05-26 02:45:53,743 [ERROR] Cohere API Error: HTTPSConnectionPool(host='api.cohere.com', port=443): Read timed out. (read timeout=60)
2026-05-26 02:45:53,743 [ERROR] ❌ Cohere returned an empty response. Verify API Key limits or safety filters.
2026-05-26 02:45:53,745 [INFO] ✅ JSON store updated: /home/tomito/tomito seo (copy 1)/data/content/343668.json
2026-05-26 02:45:53,745 [INFO] ✅ movie 343668
2026-05-26 02:45:54,080 [WARNING] ⚠️ Rate limit hit on key index 2. Switching to next key...
2026-05-26 02:46:04,260 [WARNING] ⚠️ Rate limit hit on key index 3. Switching to next key...
2026-05-26 02:46:06,448 [ERROR] Cohere API Error: HTTPSConnectionPool(host='api.cohere.com', port=443): Read timed out. (read timeout=60)
2026-05-26 02:46:06,449 [ERROR] ❌ Cohere returned an empty response. Verify API Key limits or safety filters.
2026-05-26 02:46:06,452 [INFO] ✅ JSON store updated: /home/tomito/tomito seo (copy 1)/data/content/345938.json
2026-05-26 02:46:06,452 [INFO] ✅ movie 345938
2026-05-26 02:46:09,517 [WARNING] ⚠️ Rate limit hit on key index 4. Switching to next key...
2026-05-26 02:46:11,518 [ERROR] ❌ All Cohere API keys exhausted or rate limited.
2026-05-26 02:46:11,519 [ERROR] ❌ Cohere returned an empty response. Verify API Key limits or safety filters.
2026-05-26 02:46:11,520 [INFO] ✅ JSON store updated: /home/tomito/tomito seo (copy 1)/data/content/346.json
2026-05-26 02:46:11,520 [INFO] ✅ movie 346
2026-05-26 02:46:11,979 [WARNING] ⚠️ Rate limit hit on key index 5. Switching to next key...
2026-05-26 02:46:13,892 [WARNING] ⚠️ Rate limit hit on key index 0. Switching to next key...
2026-05-26 02:46:18,308 [WARNING] ⚠️ Error (401) hit on key index 1. Switching to next key...
2026-05-26 02:46:18,416 [WARNING] ⚠️ Rate limit hit on key index 2. Switching to next key...
2026-05-26 02:46:18,422 [WARNING] ⚠️ Error (401) hit on key index 3. Switching to next key...
2026-05-26 02:46:19,501 [WARNING] ⚠️ Rate limit hit on key index 4. Switching to next key...
2026-05-26 02:46:21,313 [INFO] Mirrored asset: lonGvu7rQ4D1WboRLsJ5Pzpy0dm.jpg
2026-05-26 02:46:22,365 [WARNING] ⚠️ Rate limit hit on key index 5. Switching to next key...
2026-05-26 02:46:22,588 [WARNING] ⚠️ Rate limit hit on key index 0. Switching to next key...
2026-05-26 02:46:23,430 [WARNING] ⚠️ Rate limit hit on key index 1. Switching to next key...
2026-05-26 02:46:25,444 [WARNING] ⚠️ Rate limit hit on key index 2. Switching to next key...
2026-05-26 02:46:26,820 [WARNING] ⚠️ Rate limit hit on key index 3. Switching to next key...
2026-05-26 02:46:27,383 [WARNING] ⚠️ Rate limit hit on key index 4. Switching to next key...
2026-05-26 02:46:27,410 [WARNING] ⚠️ Rate limit hit on key index 5. Switching to next key...
2026-05-26 02:46:28,603 [WARNING] ⚠️ Rate limit hit on key index 0. Switching to next key...
2026-05-26 02:46:29,240 [WARNING] ⚠️ Rate limit hit on key index 1. Switching to next key...
2026-05-26 02:46:30,331 [WARNING] ⚠️ Rate limit hit on key index 2. Switching to next key...
2026-05-26 02:46:30,606 [ERROR] ❌ All Cohere API keys exhausted or rate limited.
2026-05-26 02:46:30,607 [ERROR] ❌ Cohere returned an empty response. Verify API Key limits or safety filters.
2026-05-26 02:46:30,609 [INFO] ✅ JSON store updated: /home/tomito/tomito seo (copy 1)/data/content/353979.json
2026-05-26 02:46:30,609 [INFO] ✅ movie 353979
2026-05-26 02:46:31,014 [WARNING] ⚠️ Rate limit hit on key index 3. Switching to next key...
2026-05-26 02:46:31,348 [WARNING] ⚠️ Rate limit hit on key index 4. Switching to next key...
2026-05-26 02:46:33,971 [WARNING] ⚠️ Error (401) hit on key index 5. Switching to next key...
2026-05-26 02:46:35,141 [WARNING] ⚠️ Rate limit hit on key index 0. Switching to next key...
2026-05-26 02:46:36,183 [WARNING] ⚠️ Rate limit hit on key index 1. Switching to next key...
2026-05-26 02:46:36,897 [WARNING] ⚠️ Rate limit hit on key index 2. Switching to next key...
2026-05-26 02:46:37,146 [ERROR] ❌ All Cohere API keys exhausted or rate limited.
2026-05-26 02:46:37,147 [ERROR] ❌ Cohere returned an empty response. Verify API Key limits or safety filters.
2026-05-26 02:46:37,149 [INFO] ✅ JSON store updated: /home/tomito/tomito seo (copy 1)/data/content/346364.json
2026-05-26 02:46:37,149 [INFO] ✅ movie 346364
2026-05-26 02:46:40,258 [WARNING] ⚠️ Rate limit hit on key index 3. Switching to next key...
2026-05-26 02:46:42,007 [WARNING] ⚠️ Rate limit hit on key index 4. Switching to next key...
2026-05-26 02:46:42,635 [WARNING] ⚠️ Rate limit hit on key index 5. Switching to next key...
2026-05-26 02:46:42,904 [WARNING] ⚠️ Rate limit hit on key index 0. Switching to next key...
2026-05-26 02:46:43,293 [WARNING] ⚠️ Rate limit hit on key index 1. Switching to next key...
2026-05-26 02:46:45,295 [ERROR] ❌ All Cohere API keys exhausted or rate limited.
2026-05-26 02:46:45,295 [ERROR] ❌ Cohere returned an empty response. Verify API Key limits or safety filters.
2026-05-26 02:46:45,298 [INFO] ✅ JSON store updated: /home/tomito/tomito seo (copy 1)/data/content/354912.json
2026-05-26 02:46:45,299 [INFO] ✅ movie 354912
2026-05-26 02:46:45,473 [WARNING] ⚠️ Rate limit hit on key index 2. Switching to next key...
2026-05-26 02:46:48,607 [WARNING] ⚠️ Rate limit hit on key index 3. Switching to next key...
2026-05-26 02:46:51,621 [WARNING] ⚠️ Rate limit hit on key index 4. Switching to next key...
2026-05-26 02:46:54,685 [WARNING] ⚠️ Rate limit hit on key index 5. Switching to next key...
2026-05-26 02:46:54,922 [WARNING] ⚠️ Rate limit hit on key index 0. Switching to next key...
2026-05-26 02:46:55,595 [WARNING] ⚠️ Rate limit hit on key index 1. Switching to next key...
2026-05-26 02:46:55,970 [WARNING] ⚠️ Rate limit hit on key index 2. Switching to next key...
2026-05-26 02:46:57,160 [WARNING] ⚠️ Rate limit hit on key index 3. Switching to next key...
2026-05-26 02:46:57,394 [WARNING] ⚠️ Rate limit hit on key index 4. Switching to next key...
2026-05-26 02:46:58,084 [WARNING] ⚠️ Rate limit hit on key index 5. Switching to next key...
2026-05-26 02:46:58,528 [WARNING] ⚠️ Rate limit hit on key index 0. Switching to next key...
2026-05-26 02:47:00,086 [ERROR] ❌ All Cohere API keys exhausted or rate limited.
2026-05-26 02:47:00,087 [ERROR] ❌ Cohere returned an empty response. Verify API Key limits or safety filters.
2026-05-26 02:47:00,088 [INFO] ✅ JSON store updated: /home/tomito/tomito seo (copy 1)/data/content/35739.json
2026-05-26 02:47:00,088 [INFO] ✅ movie 35739
2026-05-26 02:47:01,439 [WARNING] ⚠️ Error (401) hit on key index 1. Switching to next key...
2026-05-26 02:47:03,782 [WARNING] ⚠️ Error (401) hit on key index 2. Switching to next key...
2026-05-26 02:47:05,058 [WARNING] ⚠️ Rate limit hit on key index 3. Switching to next key...
2026-05-26 02:47:07,061 [ERROR] ❌ All Cohere API keys exhausted or rate limited.
2026-05-26 02:47:07,062 [ERROR] ❌ Cohere returned an empty response. Verify API Key limits or safety filters.
2026-05-26 02:47:07,064 [INFO] ✅ JSON store updated: /home/tomito/tomito seo (copy 1)/data/content/353081.json
2026-05-26 02:47:07,065 [INFO] ✅ movie 353081
2026-05-26 02:47:08,787 [WARNING] ⚠️ Rate limit hit on key index 4. Switching to next key...
2026-05-26 02:47:14,250 [WARNING] ⚠️ Rate limit hit on key index 5. Switching to next key...
2026-05-26 02:47:14,617 [WARNING] ⚠️ Rate limit hit on key index 0. Switching to next key...
2026-05-26 02:47:14,977 [WARNING] ⚠️ Rate limit hit on key index 1. Switching to next key...
2026-05-26 02:47:15,184 [WARNING] ⚠️ Rate limit hit on key index 2. Switching to next key...
2026-05-26 02:47:19,200 [WARNING] ⚠️ Rate limit hit on key index 3. Switching to next key...
2026-05-26 02:47:21,575 [WARNING] ⚠️ Rate limit hit on key index 4. Switching to next key...
2026-05-26 02:47:22,554 [WARNING] ⚠️ Rate limit hit on key index 5. Switching to next key...
2026-05-26 02:47:22,630 [WARNING] ⚠️ Error (401) hit on key index 0. Switching to next key...
2026-05-26 02:47:23,578 [ERROR] ❌ All Cohere API keys exhausted or rate limited.
2026-05-26 02:47:23,579 [ERROR] ❌ Cohere returned an empty response. Verify API Key limits or safety filters.
2026-05-26 02:47:23,580 [INFO] ✅ JSON store updated: /home/tomito/tomito seo (copy 1)/data/content/350.json
2026-05-26 02:47:23,580 [INFO] ✅ movie 350
2026-05-26 02:47:23,620 [INFO] 💾 Index saved — 520 / 1936 done
2026-05-26 02:47:24,034 [WARNING] ⚠️ Rate limit hit on key index 1. Switching to next key...
2026-05-26 02:47:27,361 [WARNING] ⚠️ Rate limit hit on key index 2. Switching to next key...
2026-05-26 02:47:30,330 [WARNING] ⚠️ Rate limit hit on key index 3. Switching to next key...
2026-05-26 02:47:30,540 [WARNING] ⚠️ Rate limit hit on key index 4. Switching to next key...
2026-05-26 02:47:32,800 [WARNING] ⚠️ Rate limit hit on key index 5. Switching to next key...
2026-05-26 02:47:33,632 [WARNING] ⚠️ Rate limit hit on key index 0. Switching to next key...
2026-05-26 02:47:34,249 [WARNING] ⚠️ Rate limit hit on key index 1. Switching to next key...
2026-05-26 02:47:35,820 [WARNING] ⚠️ Rate limit hit on key index 2. Switching to next key...
2026-05-26 02:47:36,250 [ERROR] ❌ All Cohere API keys exhausted or rate limited.
2026-05-26 02:47:36,251 [ERROR] ❌ Cohere returned an empty response. Verify API Key limits or safety filters.
2026-05-26 02:47:36,253 [INFO] ✅ JSON store updated: /home/tomito/tomito seo (copy 1)/data/content/348893.json
2026-05-26 02:47:36,253 [INFO] ✅ movie 348893
2026-05-26 02:47:37,822 [ERROR] ❌ All Cohere API keys exhausted or rate limited.
2026-05-26 02:47:37,823 [ERROR] ❌ Cohere returned an empty response. Verify API Key limits or safety filters.
2026-05-26 02:47:37,824 [INFO] ✅ JSON store updated: /home/tomito/tomito seo (copy 1)/data/content/3604.json
2026-05-26 02:47:37,824 [INFO] ✅ movie 3604
2026-05-26 02:47:40,465 [WARNING] ⚠️ Rate limit hit on key index 3. Switching to next key...
2026-05-26 02:47:43,003 [WARNING] ⚠️ Rate limit hit on key index 4. Switching to next key...
2026-05-26 02:47:43,909 [WARNING] ⚠️ Error (401) hit on key index 5. Switching to next key...
2026-05-26 02:47:44,526 [WARNING] ⚠️ Rate limit hit on key index 0. Switching to next key...
2026-05-26 02:47:45,047 [WARNING] ⚠️ Rate limit hit on key index 1. Switching to next key...
2026-05-26 02:47:45,081 [WARNING] ⚠️ Rate limit hit on key index 2. Switching to next key...
2026-05-26 02:47:47,881 [WARNING] ⚠️ Rate limit hit on key index 3. Switching to next key...
2026-05-26 02:47:48,055 [WARNING] ⚠️ Rate limit hit on key index 4. Switching to next key...
2026-05-26 02:47:48,397 [WARNING] ⚠️ Rate limit hit on key index 5. Switching to next key...
2026-05-26 02:47:49,586 [WARNING] ⚠️ Rate limit hit on key index 0. Switching to next key...
2026-05-26 02:47:50,058 [ERROR] ❌ All Cohere API keys exhausted or rate limited.
2026-05-26 02:47:50,059 [ERROR] ❌ Cohere returned an empty response. Verify API Key limits or safety filters.
2026-05-26 02:47:50,060 [INFO] ✅ JSON store updated: /home/tomito/tomito seo (copy 1)/data/content/355338.json
2026-05-26 02:47:50,060 [INFO] ✅ movie 355338
2026-05-26 02:47:50,944 [WARNING] ⚠️ Error (401) hit on key index 1. Switching to next key...
2026-05-26 02:47:51,589 [ERROR] ❌ All Cohere API keys exhausted or rate limited.
2026-05-26 02:47:51,589 [ERROR] ❌ Cohere returned an empty response. Verify API Key limits or safety filters.
2026-05-26 02:47:51,592 [INFO] ✅ JSON store updated: /home/tomito/tomito seo (copy 1)/data/content/359410.json
2026-05-26 02:47:51,592 [INFO] ✅ movie 359410
2026-05-26 02:47:51,877 [WARNING] ⚠️ Error (401) hit on key index 2. Switching to next key...
2026-05-26 02:47:51,941 [WARNING] ⚠️ Error (401) hit on key index 3. Switching to next key...
2026-05-26 02:47:53,516 [WARNING] ⚠️ Rate limit hit on key index 4. Switching to next key...
2026-05-26 02:47:54,370 [WARNING] ⚠️ Rate limit hit on key index 5. Switching to next key...
2026-05-26 02:47:55,939 [INFO] Mirrored asset: zp1qvp5TuJKIQaLY3Vuehs2vgLq.jpg
2026-05-26 02:47:57,285 [WARNING] ⚠️ Rate limit hit on key index 0. Switching to next key...
2026-05-26 02:47:58,076 [WARNING] ⚠️ Rate limit hit on key index 1. Switching to next key...
2026-05-26 02:47:58,804 [WARNING] ⚠️ Rate limit hit on key index 2. Switching to next key...
2026-05-26 02:48:01,984 [WARNING] ⚠️ Rate limit hit on key index 3. Switching to next key...
2026-05-26 02:48:02,945 [WARNING] ⚠️ Rate limit hit on key index 4. Switching to next key...
2026-05-26 02:48:03,878 [WARNING] ⚠️ Rate limit hit on key index 5. Switching to next key...
2026-05-26 02:48:03,986 [ERROR] ❌ All Cohere API keys exhausted or rate limited.
2026-05-26 02:48:03,987 [ERROR] ❌ Cohere returned an empty response. Verify API Key limits or safety filters.
2026-05-26 02:48:03,989 [INFO] ✅ JSON store updated: /home/tomito/tomito seo (copy 1)/data/content/361743.json
2026-05-26 02:48:03,989 [INFO] ✅ movie 361743
2026-05-26 02:48:04,205 [WARNING] ⚠️ Rate limit hit on key index 0. Switching to next key...
2026-05-26 02:48:05,882 [ERROR] ❌ All Cohere API keys exhausted or rate limited.
2026-05-26 02:48:05,882 [ERROR] ❌ Cohere returned an empty response. Verify API Key limits or safety filters.
2026-05-26 02:48:05,884 [INFO] ✅ JSON store updated: /home/tomito/tomito seo (copy 1)/data/content/36557.json
2026-05-26 02:48:05,885 [INFO] ✅ movie 36557
2026-05-26 02:48:06,258 [WARNING] ⚠️ Rate limit hit on key index 1. Switching to next key...
2026-05-26 02:48:06,814 [WARNING] ⚠️ Error (401) hit on key index 2. Switching to next key...
2026-05-26 02:48:06,815 [ERROR] ❌ All Cohere API keys exhausted or rate limited.
2026-05-26 02:48:06,815 [ERROR] ❌ Cohere returned an empty response. Verify API Key limits or safety filters.
2026-05-26 02:48:06,817 [INFO] ✅ JSON store updated: /home/tomito/tomito seo (copy 1)/data/content/37135.json
2026-05-26 02:48:06,822 [INFO] ✅ movie 37135
2026-05-26 02:48:07,323 [WARNING] ⚠️ Error (401) hit on key index 3. Switching to next key...
2026-05-26 02:48:07,970 [WARNING] ⚠️ Rate limit hit on key index 4. Switching to next key...
2026-05-26 02:48:11,103 [WARNING] ⚠️ Rate limit hit on key index 5. Switching to next key...
2026-05-26 02:48:11,298 [WARNING] ⚠️ Rate limit hit on key index 0. Switching to next key...
2026-05-26 02:48:11,570 [WARNING] ⚠️ Rate limit hit on key index 1. Switching to next key...
2026-05-26 02:48:13,191 [WARNING] ⚠️ Rate limit hit on key index 2. Switching to next key...
2026-05-26 02:48:14,287 [WARNING] ⚠️ Rate limit hit on key index 3. Switching to next key...
2026-05-26 02:48:15,802 [WARNING] ⚠️ Rate limit hit on key index 4. Switching to next key...
2026-05-26 02:48:16,290 [ERROR] ❌ All Cohere API keys exhausted or rate limited.
2026-05-26 02:48:16,291 [ERROR] ❌ Cohere returned an empty response. Verify API Key limits or safety filters.
2026-05-26 02:48:16,293 [INFO] ✅ JSON store updated: /home/tomito/tomito seo (copy 1)/data/content/372761.json
2026-05-26 02:48:16,295 [INFO] ✅ movie 372761
2026-05-26 02:48:18,139 [WARNING] ⚠️ Rate limit hit on key index 5. Switching to next key...
2026-05-26 02:48:18,475 [WARNING] ⚠️ Rate limit hit on key index 0. Switching to next key...
2026-05-26 02:48:21,332 [WARNING] ⚠️ Error (401) hit on key index 1. Switching to next key...
2026-05-26 02:48:21,473 [INFO] Mirrored asset: d0IVecFQvsGdSbnMAHqiYsNYaJT.jpg
2026-05-26 02:48:21,627 [WARNING] ⚠️ Error (401) hit on key index 2. Switching to next key...
2026-05-26 02:48:23,803 [WARNING] ⚠️ Rate limit hit on key index 3. Switching to next key...
2026-05-26 02:48:24,160 [WARNING] ⚠️ Rate limit hit on key index 4. Switching to next key...
2026-05-26 02:48:25,141 [ERROR] Cohere API Error: HTTPSConnectionPool(host='api.cohere.com', port=443): Read timed out. (read timeout=60)
2026-05-26 02:48:25,142 [ERROR] ❌ Cohere returned an empty response. Verify API Key limits or safety filters.
2026-05-26 02:48:25,144 [INFO] ✅ JSON store updated: /home/tomito/tomito seo (copy 1)/data/content/359724.json
2026-05-26 02:48:25,144 [INFO] ✅ movie 359724
2026-05-26 02:48:28,975 [WARNING] ⚠️ Rate limit hit on key index 5. Switching to next key...
2026-05-26 02:48:32,239 [WARNING] ⚠️ Rate limit hit on key index 0. Switching to next key...
2026-05-26 02:48:33,101 [INFO] Mirrored asset: toDPO6Q5AVCCTYrwehbqW44I8Ul.jpg
2026-05-26 02:48:33,687 [WARNING] ⚠️ Rate limit hit on key index 1. Switching to next key...
2026-05-26 02:48:39,615 [WARNING] ⚠️ Rate limit hit on key index 2. Switching to next key...
2026-05-26 02:48:46,271 [WARNING] ⚠️ Rate limit hit on key index 3. Switching to next key...
2026-05-26 02:48:51,677 [WARNING] ⚠️ Rate limit hit on key index 4. Switching to next key...
2026-05-26 02:48:53,214 [WARNING] ⚠️ Rate limit hit on key index 5. Switching to next key...
2026-05-26 02:48:53,713 [WARNING] ⚠️ Rate limit hit on key index 0. Switching to next key...
2026-05-26 02:48:53,744 [WARNING] ⚠️ Rate limit hit on key index 1. Switching to next key...
2026-05-26 02:48:54,263 [WARNING] ⚠️ Rate limit hit on key index 2. Switching to next key...
2026-05-26 02:48:55,217 [ERROR] ❌ All Cohere API keys exhausted or rate limited.
2026-05-26 02:48:55,218 [ERROR] ❌ Cohere returned an empty response. Verify API Key limits or safety filters.
2026-05-26 02:48:55,219 [INFO] ✅ JSON store updated: /home/tomito/tomito seo (copy 1)/data/content/374671.json
2026-05-26 02:48:55,219 [INFO] ✅ movie 374671
2026-05-26 02:48:55,663 [WARNING] ⚠️ Rate limit hit on key index 3. Switching to next key...
2026-05-26 02:48:55,717 [ERROR] ❌ All Cohere API keys exhausted or rate limited.
2026-05-26 02:48:55,717 [ERROR] ❌ Cohere returned an empty response. Verify API Key limits or safety filters.
2026-05-26 02:48:55,719 [INFO] ✅ JSON store updated: /home/tomito/tomito seo (copy 1)/data/content/37724.json
2026-05-26 02:48:55,720 [INFO] ✅ movie 37724
2026-05-26 02:48:56,934 [WARNING] ⚠️ Rate limit hit on key index 4. Switching to next key...
2026-05-26 02:48:59,513 [WARNING] ⚠️ Rate limit hit on key index 5. Switching to next key...
2026-05-26 02:49:02,908 [WARNING] ⚠️ Rate limit hit on key index 0. Switching to next key...
2026-05-26 02:49:07,939 [ERROR] Cohere API Error: HTTPSConnectionPool(host='api.cohere.com', port=443): Max retries exceeded with url: /v2/chat (Caused by SSLError(SSLEOFError(8, '[SSL: UNEXPECTED_EOF_WHILE_READING] EOF occurred in violation of protocol (_ssl.c:1007)')))
2026-05-26 02:49:07,940 [ERROR] ❌ Cohere returned an empty response. Verify API Key limits or safety filters.
2026-05-26 02:49:07,942 [INFO] ✅ JSON store updated: /home/tomito/tomito seo (copy 1)/data/content/37165.json
2026-05-26 02:49:07,942 [INFO] ✅ movie 37165
2026-05-26 02:49:08,417 [WARNING] ⚠️ Error (401) hit on key index 1. Switching to next key...
2026-05-26 02:49:09,323 [WARNING] ⚠️ Rate limit hit on key index 2. Switching to next key...
2026-05-26 02:49:09,489 [WARNING] ⚠️ Rate limit hit on key index 3. Switching to next key...
2026-05-26 02:49:11,326 [ERROR] ❌ All Cohere API keys exhausted or rate limited.
2026-05-26 02:49:11,327 [ERROR] ❌ Cohere returned an empty response. Verify API Key limits or safety filters.
2026-05-26 02:49:11,328 [INFO] ✅ JSON store updated: /home/tomito/tomito seo (copy 1)/data/content/373200.json
2026-05-26 02:49:11,328 [INFO] ✅ movie 373200
2026-05-26 02:49:21,747 [ERROR] Cohere API Error: HTTPSConnectionPool(host='api.cohere.com', port=443): Read timed out. (read timeout=60)
2026-05-26 02:49:21,747 [ERROR] ❌ Cohere returned an empty response. Verify API Key limits or safety filters.
2026-05-26 02:49:21,750 [INFO] ✅ JSON store updated: /home/tomito/tomito seo (copy 1)/data/content/376290.json
2026-05-26 02:49:21,750 [INFO] ✅ movie 376290
2026-05-26 02:49:25,467 [WARNING] ⚠️ Rate limit hit on key index 4. Switching to next key...
2026-05-26 02:49:30,101 [WARNING] ⚠️ Rate limit hit on key index 5. Switching to next key...
2026-05-26 02:49:31,723 [WARNING] ⚠️ Rate limit hit on key index 0. Switching to next key...
2026-05-26 02:49:32,109 [ERROR] ❌ All Cohere API keys exhausted or rate limited.
2026-05-26 02:49:32,109 [ERROR] ❌ Cohere returned an empty response. Verify API Key limits or safety filters.
2026-05-26 02:49:32,111 [INFO] ✅ JSON store updated: /home/tomito/tomito seo (copy 1)/data/content/37799.json
2026-05-26 02:49:32,111 [INFO] ✅ movie 37799
2026-05-26 02:49:37,394 [WARNING] ⚠️ Error (401) hit on key index 1. Switching to next key...
2026-05-26 02:49:37,954 [WARNING] ⚠️ Error (401) hit on key index 2. Switching to next key...
2026-05-26 02:49:39,930 [WARNING] ⚠️ Rate limit hit on key index 3. Switching to next key...
2026-05-26 02:49:40,897 [WARNING] ⚠️ Rate limit hit on key index 4. Switching to next key...
2026-05-26 02:49:43,808 [WARNING] ⚠️ Rate limit hit on key index 5. Switching to next key...
2026-05-26 02:49:46,199 [WARNING] ⚠️ Rate limit hit on key index 0. Switching to next key...
2026-05-26 02:49:48,207 [WARNING] ⚠️ Error (401) hit on key index 1. Switching to next key...
2026-05-26 02:49:48,543 [WARNING] ⚠️ Rate limit hit on key index 2. Switching to next key...
2026-05-26 02:49:48,879 [WARNING] ⚠️ Rate limit hit on key index 3. Switching to next key...
2026-05-26 02:49:53,568 [WARNING] ⚠️ Rate limit hit on key index 4. Switching to next key...
2026-05-26 02:49:56,325 [WARNING] ⚠️ Rate limit hit on key index 5. Switching to next key...
2026-05-26 02:49:58,328 [ERROR] ❌ All Cohere API keys exhausted or rate limited.
2026-05-26 02:49:58,328 [ERROR] ❌ Cohere returned an empty response. Verify API Key limits or safety filters.
2026-05-26 02:49:58,329 [INFO] ✅ JSON store updated: /home/tomito/tomito seo (copy 1)/data/content/381284.json
2026-05-26 02:49:58,330 [INFO] ✅ movie 381284
2026-05-26 02:50:06,259 [ERROR] Cohere API Error: HTTPSConnectionPool(host='api.cohere.com', port=443): Read timed out. (read timeout=60)
2026-05-26 02:50:06,259 [ERROR] ❌ Cohere returned an empty response. Verify API Key limits or safety filters.
2026-05-26 02:50:06,260 [INFO] ✅ JSON store updated: /home/tomito/tomito seo (copy 1)/data/content/38055.json
2026-05-26 02:50:06,260 [INFO] ✅ movie 38055
2026-05-26 02:50:07,647 [ERROR] Cohere API Error: HTTPSConnectionPool(host='api.cohere.com', port=443): Read timed out. (read timeout=60)
2026-05-26 02:50:07,647 [ERROR] ❌ Cohere returned an empty response. Verify API Key limits or safety filters.
2026-05-26 02:50:07,648 [INFO] ✅ JSON store updated: /home/tomito/tomito seo (copy 1)/data/content/378236.json
2026-05-26 02:50:07,648 [INFO] ✅ movie 378236
2026-05-26 02:50:10,411 [WARNING] ⚠️ Rate limit hit on key index 0. Switching to next key...
2026-05-26 02:50:14,574 [WARNING] ⚠️ Error (401) hit on key index 1. Switching to next key...
2026-05-26 02:50:15,367 [WARNING] ⚠️ Error (401) hit on key index 2. Switching to next key...
2026-05-26 02:50:20,275 [WARNING] ⚠️ Rate limit hit on key index 3. Switching to next key...
2026-05-26 02:50:20,734 [WARNING] ⚠️ Rate limit hit on key index 4. Switching to next key...
2026-05-26 02:50:24,936 [WARNING] ⚠️ Rate limit hit on key index 5. Switching to next key...
2026-05-26 02:50:32,079 [WARNING] ⚠️ Rate limit hit on key index 0. Switching to next key...
2026-05-26 02:50:41,419 [WARNING] ⚠️ Error (401) hit on key index 1. Switching to next key...
2026-05-26 02:50:45,413 [WARNING] ⚠️ Rate limit hit on key index 2. Switching to next key...
2026-05-26 02:50:47,902 [WARNING] ⚠️ Rate limit hit on key index 3. Switching to next key...
2026-05-26 02:50:48,791 [ERROR] Cohere API Error: HTTPSConnectionPool(host='api.cohere.com', port=443): Read timed out. (read timeout=60)
2026-05-26 02:50:48,791 [ERROR] ❌ Cohere returned an empty response. Verify API Key limits or safety filters.
2026-05-26 02:50:48,793 [INFO] ✅ JSON store updated: /home/tomito/tomito seo (copy 1)/data/content/38234.json
2026-05-26 02:50:48,793 [INFO] ✅ movie 38234
2026-05-26 02:50:52,287 [ERROR] Cohere API Error: HTTPSConnectionPool(host='api.cohere.com', port=443): Read timed out. (read timeout=60)
2026-05-26 02:50:52,287 [ERROR] ❌ Cohere returned an empty response. Verify API Key limits or safety filters.
2026-05-26 02:50:52,289 [INFO] ✅ JSON store updated: /home/tomito/tomito seo (copy 1)/data/content/383498.json
2026-05-26 02:50:52,289 [INFO] ✅ movie 383498
2026-05-26 02:50:52,323 [INFO] 💾 Index saved — 540 / 1936 done
2026-05-26 02:50:54,883 [ERROR] Cohere API Error: HTTPSConnectionPool(host='api.cohere.com', port=443): Read timed out. (read timeout=60)
2026-05-26 02:50:54,883 [ERROR] ❌ Cohere returned an empty response. Verify API Key limits or safety filters.
2026-05-26 02:50:54,884 [INFO] ✅ JSON store updated: /home/tomito/tomito seo (copy 1)/data/content/385687.json
2026-05-26 02:50:54,885 [INFO] ✅ movie 385687
2026-05-26 02:50:58,520 [WARNING] ⚠️ Rate limit hit on key index 4. Switching to next key...
2026-05-26 02:51:01,132 [WARNING] ⚠️ Rate limit hit on key index 5. Switching to next key...
2026-05-26 02:51:05,333 [WARNING] ⚠️ Rate limit hit on key index 0. Switching to next key...
2026-05-26 02:51:06,221 [WARNING] ⚠️ Rate limit hit on key index 1. Switching to next key...
2026-05-26 02:51:07,029 [WARNING] ⚠️ Rate limit hit on key index 2. Switching to next key...
2026-05-26 02:51:07,221 [WARNING] ⚠️ Rate limit hit on key index 3. Switching to next key...
2026-05-26 02:51:10,203 [WARNING] ⚠️ Rate limit hit on key index 4. Switching to next key...
2026-05-26 02:51:12,481 [WARNING] ⚠️ Rate limit hit on key index 5. Switching to next key...
2026-05-26 02:51:13,009 [WARNING] ⚠️ Rate limit hit on key index 0. Switching to next key...
2026-05-26 02:51:13,570 [WARNING] ⚠️ Rate limit hit on key index 1. Switching to next key...
2026-05-26 02:51:14,271 [WARNING] ⚠️ Rate limit hit on key index 2. Switching to next key...
2026-05-26 02:51:15,249 [WARNING] ⚠️ Rate limit hit on key index 3. Switching to next key...
2026-05-26 02:51:15,573 [ERROR] ❌ All Cohere API keys exhausted or rate limited.
2026-05-26 02:51:15,573 [ERROR] ❌ Cohere returned an empty response. Verify API Key limits or safety filters.
2026-05-26 02:51:15,575 [INFO] ✅ JSON store updated: /home/tomito/tomito seo (copy 1)/data/content/38700.json
2026-05-26 02:51:15,575 [INFO] ✅ movie 38700
2026-05-26 02:51:15,848 [WARNING] ⚠️ Rate limit hit on key index 4. Switching to next key...
2026-05-26 02:51:15,948 [WARNING] ⚠️ Rate limit hit on key index 5. Switching to next key...
2026-05-26 02:51:17,454 [WARNING] ⚠️ Rate limit hit on key index 0. Switching to next key...
2026-05-26 02:51:18,157 [WARNING] ⚠️ Rate limit hit on key index 1. Switching to next key...
2026-05-26 02:51:21,953 [WARNING] ⚠️ Rate limit hit on key index 2. Switching to next key...
2026-05-26 02:51:23,954 [ERROR] ❌ All Cohere API keys exhausted or rate limited.
2026-05-26 02:51:23,956 [ERROR] ❌ Cohere returned an empty response. Verify API Key limits or safety filters.
2026-05-26 02:51:23,958 [INFO] ✅ JSON store updated: /home/tomito/tomito seo (copy 1)/data/content/388776.json
2026-05-26 02:51:23,958 [INFO] ✅ movie 388776
2026-05-26 02:51:24,536 [WARNING] ⚠️ Rate limit hit on key index 3. Switching to next key...
2026-05-26 02:51:26,616 [WARNING] ⚠️ Rate limit hit on key index 4. Switching to next key...
2026-05-26 02:51:29,292 [WARNING] ⚠️ Rate limit hit on key index 5. Switching to next key...
2026-05-26 02:51:30,608 [WARNING] ⚠️ Rate limit hit on key index 0. Switching to next key...
2026-05-26 02:51:31,936 [WARNING] ⚠️ Rate limit hit on key index 1. Switching to next key...
2026-05-26 02:51:32,074 [WARNING] ⚠️ Error (401) hit on key index 2. Switching to next key...
2026-05-26 02:51:33,366 [WARNING] ⚠️ Rate limit hit on key index 3. Switching to next key...
2026-05-26 02:51:34,193 [WARNING] ⚠️ Rate limit hit on key index 4. Switching to next key...
2026-05-26 02:51:36,442 [WARNING] ⚠️ Error (401) hit on key index 5. Switching to next key...
2026-05-26 02:51:38,075 [WARNING] ⚠️ Rate limit hit on key index 0. Switching to next key...
2026-05-26 02:51:38,793 [WARNING] ⚠️ Rate limit hit on key index 1. Switching to next key...
2026-05-26 02:51:39,402 [WARNING] ⚠️ Rate limit hit on key index 2. Switching to next key...
2026-05-26 02:51:41,279 [WARNING] ⚠️ Rate limit hit on key index 3. Switching to next key...
2026-05-26 02:51:41,925 [WARNING] ⚠️ Error (401) hit on key index 4. Switching to next key...
2026-05-26 02:51:43,282 [ERROR] ❌ All Cohere API keys exhausted or rate limited.
2026-05-26 02:51:43,283 [ERROR] ❌ Cohere returned an empty response. Verify API Key limits or safety filters.
2026-05-26 02:51:43,284 [INFO] ✅ JSON store updated: /home/tomito/tomito seo (copy 1)/data/content/389.json
2026-05-26 02:51:43,284 [INFO] ✅ movie 389
2026-05-26 02:51:43,723 [WARNING] ⚠️ Rate limit hit on key index 5. Switching to next key...
2026-05-26 02:51:43,839 [WARNING] ⚠️ Rate limit hit on key index 0. Switching to next key...
2026-05-26 02:51:44,325 [WARNING] ⚠️ Rate limit hit on key index 1. Switching to next key...
2026-05-26 02:51:45,726 [ERROR] ❌ All Cohere API keys exhausted or rate limited.
2026-05-26 02:51:45,727 [ERROR] ❌ Cohere returned an empty response. Verify API Key limits or safety filters.
2026-05-26 02:51:45,728 [INFO] ✅ JSON store updated: /home/tomito/tomito seo (copy 1)/data/content/38757.json
2026-05-26 02:51:45,729 [INFO] ✅ movie 38757
2026-05-26 02:51:46,326 [ERROR] ❌ All Cohere API keys exhausted or rate limited.
2026-05-26 02:51:46,327 [ERROR] ❌ Cohere returned an empty response. Verify API Key limits or safety filters.
2026-05-26 02:51:46,328 [INFO] ✅ JSON store updated: /home/tomito/tomito seo (copy 1)/data/content/392044.json
2026-05-26 02:51:46,328 [INFO] ✅ movie 392044
2026-05-26 02:51:46,845 [WARNING] ⚠️ Rate limit hit on key index 2. Switching to next key...
2026-05-26 02:51:51,449 [WARNING] ⚠️ Rate limit hit on key index 3. Switching to next key...
2026-05-26 02:51:51,519 [ERROR] Cohere API Error: HTTPSConnectionPool(host='api.cohere.com', port=443): Read timed out. (read timeout=60)
2026-05-26 02:51:51,519 [ERROR] ❌ Cohere returned an empty response. Verify API Key limits or safety filters.
2026-05-26 02:51:51,521 [INFO] ✅ JSON store updated: /home/tomito/tomito seo (copy 1)/data/content/38575.json
2026-05-26 02:51:51,521 [INFO] ✅ movie 38575
2026-05-26 02:51:51,651 [WARNING] ⚠️ Rate limit hit on key index 4. Switching to next key...
2026-05-26 02:51:53,652 [ERROR] ❌ All Cohere API keys exhausted or rate limited.
2026-05-26 02:51:53,652 [ERROR] ❌ Cohere returned an empty response. Verify API Key limits or safety filters.
2026-05-26 02:51:53,654 [INFO] ✅ JSON store updated: /home/tomito/tomito seo (copy 1)/data/content/391757.json
2026-05-26 02:51:53,654 [INFO] ✅ movie 391757
2026-05-26 02:51:55,803 [WARNING] ⚠️ Rate limit hit on key index 5. Switching to next key...
2026-05-26 02:51:56,551 [WARNING] ⚠️ Rate limit hit on key index 0. Switching to next key...
2026-05-26 02:51:57,593 [WARNING] ⚠️ Error (401) hit on key index 1. Switching to next key...
2026-05-26 02:51:58,290 [WARNING] ⚠️ Rate limit hit on key index 2. Switching to next key...
2026-05-26 02:51:58,554 [ERROR] ❌ All Cohere API keys exhausted or rate limited.
2026-05-26 02:51:58,554 [ERROR] ❌ Cohere returned an empty response. Verify API Key limits or safety filters.
2026-05-26 02:51:58,556 [INFO] ✅ JSON store updated: /home/tomito/tomito seo (copy 1)/data/content/39254.json
2026-05-26 02:51:58,556 [INFO] ✅ movie 39254
2026-05-26 02:52:01,350 [WARNING] ⚠️ Rate limit hit on key index 3. Switching to next key...
2026-05-26 02:52:03,358 [WARNING] ⚠️ Rate limit hit on key index 4. Switching to next key...
2026-05-26 02:52:03,957 [WARNING] ⚠️ Rate limit hit on key index 5. Switching to next key...
2026-05-26 02:52:06,260 [WARNING] ⚠️ Rate limit hit on key index 0. Switching to next key...
2026-05-26 02:52:06,881 [WARNING] ⚠️ Rate limit hit on key index 1. Switching to next key...
2026-05-26 02:52:07,481 [WARNING] ⚠️ Rate limit hit on key index 2. Switching to next key...
2026-05-26 02:52:08,287 [WARNING] ⚠️ Rate limit hit on key index 3. Switching to next key...
2026-05-26 02:52:08,711 [WARNING] ⚠️ Rate limit hit on key index 4. Switching to next key...
2026-05-26 02:52:08,811 [WARNING] ⚠️ Rate limit hit on key index 5. Switching to next key...
2026-05-26 02:52:10,331 [WARNING] ⚠️ Rate limit hit on key index 0. Switching to next key...
2026-05-26 02:52:12,334 [ERROR] ❌ All Cohere API keys exhausted or rate limited.
2026-05-26 02:52:12,335 [ERROR] ❌ Cohere returned an empty response. Verify API Key limits or safety filters.
2026-05-26 02:52:12,336 [INFO] ✅ JSON store updated: /home/tomito/tomito seo (copy 1)/data/content/395834.json
2026-05-26 02:52:12,336 [INFO] ✅ movie 395834
2026-05-26 02:52:12,402 [WARNING] ⚠️ Error (401) hit on key index 1. Switching to next key...
2026-05-26 02:52:12,437 [WARNING] ⚠️ Rate limit hit on key index 2. Switching to next key...
2026-05-26 02:52:14,595 [WARNING] ⚠️ Rate limit hit on key index 3. Switching to next key...
2026-05-26 02:52:14,729 [WARNING] ⚠️ Error (401) hit on key index 4. Switching to next key...
2026-05-26 02:52:14,916 [WARNING] ⚠️ Rate limit hit on key index 5. Switching to next key...
2026-05-26 02:52:15,467 [WARNING] ⚠️ Rate limit hit on key index 0. Switching to next key...
2026-05-26 02:52:15,711 [WARNING] ⚠️ Rate limit hit on key index 1. Switching to next key...
2026-05-26 02:52:15,749 [WARNING] ⚠️ Rate limit hit on key index 2. Switching to next key...
2026-05-26 02:52:16,598 [ERROR] ❌ All Cohere API keys exhausted or rate limited.
2026-05-26 02:52:16,598 [ERROR] ❌ Cohere returned an empty response. Verify API Key limits or safety filters.
2026-05-26 02:52:16,600 [INFO] ✅ JSON store updated: /home/tomito/tomito seo (copy 1)/data/content/39514.json
2026-05-26 02:52:16,600 [INFO] ✅ movie 39514
2026-05-26 02:52:17,949 [WARNING] ⚠️ Rate limit hit on key index 3. Switching to next key...
2026-05-26 02:52:18,367 [WARNING] ⚠️ Rate limit hit on key index 4. Switching to next key...
2026-05-26 02:52:18,671 [WARNING] ⚠️ Rate limit hit on key index 5. Switching to next key...
2026-05-26 02:52:18,993 [WARNING] ⚠️ Rate limit hit on key index 0. Switching to next key...
2026-05-26 02:52:19,530 [INFO] Mirrored asset: sQYr9634GY0ZRX68pyEh1XNXhCR.jpg
2026-05-26 02:52:21,187 [WARNING] ⚠️ Error (401) hit on key index 1. Switching to next key...
2026-05-26 02:52:21,534 [WARNING] ⚠️ Error (401) hit on key index 2. Switching to next key...
2026-05-26 02:52:22,092 [WARNING] ⚠️ Rate limit hit on key index 3. Switching to next key...
2026-05-26 02:52:22,553 [WARNING] ⚠️ Rate limit hit on key index 4. Switching to next key...
2026-05-26 02:52:22,682 [WARNING] ⚠️ Error (401) hit on key index 5. Switching to next key...
2026-05-26 02:52:24,390 [WARNING] ⚠️ Rate limit hit on key index 0. Switching to next key...
2026-05-26 02:52:24,556 [ERROR] ❌ All Cohere API keys exhausted or rate limited.
2026-05-26 02:52:24,556 [ERROR] ❌ Cohere returned an empty response. Verify API Key limits or safety filters.
2026-05-26 02:52:24,557 [INFO] ✅ JSON store updated: /home/tomito/tomito seo (copy 1)/data/content/396535.json
2026-05-26 02:52:24,558 [INFO] ✅ movie 396535
2026-05-26 02:52:25,863 [WARNING] ⚠️ Rate limit hit on key index 1. Switching to next key...
2026-05-26 02:52:27,175 [WARNING] ⚠️ Rate limit hit on key index 2. Switching to next key...
2026-05-26 02:52:28,492 [WARNING] ⚠️ Rate limit hit on key index 3. Switching to next key...
2026-05-26 02:52:29,074 [WARNING] ⚠️ Rate limit hit on key index 4. Switching to next key...
2026-05-26 02:52:30,245 [WARNING] ⚠️ Rate limit hit on key index 5. Switching to next key...
2026-05-26 02:52:30,871 [WARNING] ⚠️ Error (401) hit on key index 0. Switching to next key...
2026-05-26 02:52:31,381 [WARNING] ⚠️ Rate limit hit on key index 1. Switching to next key...
2026-05-26 02:52:31,867 [WARNING] ⚠️ Error (401) hit on key index 2. Switching to next key...
2026-05-26 02:52:32,246 [ERROR] ❌ All Cohere API keys exhausted or rate limited.
2026-05-26 02:52:32,247 [ERROR] ❌ Cohere returned an empty response. Verify API Key limits or safety filters.
2026-05-26 02:52:32,248 [INFO] ✅ JSON store updated: /home/tomito/tomito seo (copy 1)/data/content/393.json
2026-05-26 02:52:32,248 [INFO] ✅ movie 393
2026-05-26 02:52:32,352 [WARNING] ⚠️ Error (401) hit on key index 3. Switching to next key...
2026-05-26 02:52:32,354 [ERROR] ❌ All Cohere API keys exhausted or rate limited.
2026-05-26 02:52:32,354 [ERROR] ❌ Cohere returned an empty response. Verify API Key limits or safety filters.
2026-05-26 02:52:32,356 [INFO] ✅ JSON store updated: /home/tomito/tomito seo (copy 1)/data/content/399106.json
2026-05-26 02:52:32,356 [INFO] ✅ movie 399106
2026-05-26 02:52:33,058 [WARNING] ⚠️ Rate limit hit on key index 4. Switching to next key...
2026-05-26 02:52:34,019 [WARNING] ⚠️ Rate limit hit on key index 5. Switching to next key...
2026-05-26 02:52:35,499 [WARNING] ⚠️ Rate limit hit on key index 0. Switching to next key...
2026-05-26 02:52:36,022 [ERROR] ❌ All Cohere API keys exhausted or rate limited.
2026-05-26 02:52:36,022 [ERROR] ❌ Cohere returned an empty response. Verify API Key limits or safety filters.
2026-05-26 02:52:36,024 [INFO] ✅ JSON store updated: /home/tomito/tomito seo (copy 1)/data/content/399366.json
2026-05-26 02:52:36,024 [INFO] ✅ movie 399366
2026-05-26 02:52:37,762 [WARNING] ⚠️ Error (401) hit on key index 1. Switching to next key...
2026-05-26 02:52:38,293 [WARNING] ⚠️ Error (401) hit on key index 2. Switching to next key...
2026-05-26 02:52:38,411 [WARNING] ⚠️ Rate limit hit on key index 3. Switching to next key...
2026-05-26 02:52:38,891 [WARNING] ⚠️ Rate limit hit on key index 4. Switching to next key...
2026-05-26 02:52:39,557 [WARNING] ⚠️ Rate limit hit on key index 5. Switching to next key...
2026-05-26 02:52:40,894 [ERROR] ❌ All Cohere API keys exhausted or rate limited.
2026-05-26 02:52:40,894 [ERROR] ❌ Cohere returned an empty response. Verify API Key limits or safety filters.
2026-05-26 02:52:40,896 [INFO] ✅ JSON store updated: /home/tomito/tomito seo (copy 1)/data/content/400535.json
2026-05-26 02:52:40,896 [INFO] ✅ movie 400535
2026-05-26 02:52:41,452 [WARNING] ⚠️ Rate limit hit on key index 0. Switching to next key...
2026-05-26 02:52:41,633 [WARNING] ⚠️ Rate limit hit on key index 1. Switching to next key...
2026-05-26 02:52:42,293 [WARNING] ⚠️ Rate limit hit on key index 2. Switching to next key...
2026-05-26 02:52:42,705 [WARNING] ⚠️ Error (401) hit on key index 3. Switching to next key...
2026-05-26 02:52:43,427 [WARNING] ⚠️ Rate limit hit on key index 4. Switching to next key...
2026-05-26 02:52:44,645 [WARNING] ⚠️ Rate limit hit on key index 5. Switching to next key...
2026-05-26 02:52:45,036 [WARNING] ⚠️ Rate limit hit on key index 0. Switching to next key...
2026-05-26 02:52:46,504 [WARNING] ⚠️ Rate limit hit on key index 1. Switching to next key...
2026-05-26 02:52:46,942 [WARNING] ⚠️ Error (401) hit on key index 2. Switching to next key...
2026-05-26 02:52:46,958 [WARNING] ⚠️ Error (401) hit on key index 3. Switching to next key...
2026-05-26 02:52:47,970 [WARNING] ⚠️ Rate limit hit on key index 4. Switching to next key...
2026-05-26 02:52:48,236 [WARNING] ⚠️ Rate limit hit on key index 5. Switching to next key...
2026-05-26 02:52:48,285 [WARNING] ⚠️ Rate limit hit on key index 0. Switching to next key...
2026-05-26 02:52:48,900 [WARNING] ⚠️ Rate limit hit on key index 1. Switching to next key...
2026-05-26 02:52:49,152 [WARNING] ⚠️ Error (401) hit on key index 2. Switching to next key...
2026-05-26 02:52:49,341 [WARNING] ⚠️ Error (401) hit on key index 3. Switching to next key...
2026-05-26 02:52:49,790 [WARNING] ⚠️ Rate limit hit on key index 4. Switching to next key...
2026-05-26 02:52:50,565 [WARNING] ⚠️ Rate limit hit on key index 5. Switching to next key...
2026-05-26 02:52:50,724 [WARNING] ⚠️ Rate limit hit on key index 0. Switching to next key...
2026-05-26 02:52:50,929 [WARNING] ⚠️ Rate limit hit on key index 1. Switching to next key...
2026-05-26 02:52:51,577 [WARNING] ⚠️ Error (401) hit on key index 2. Switching to next key...
2026-05-26 02:52:51,578 [ERROR] ❌ All Cohere API keys exhausted or rate limited.
2026-05-26 02:52:51,578 [ERROR] ❌ Cohere returned an empty response. Verify API Key limits or safety filters.
2026-05-26 02:52:51,580 [INFO] ✅ JSON store updated: /home/tomito/tomito seo (copy 1)/data/content/402431.json
2026-05-26 02:52:51,580 [INFO] ✅ movie 402431
2026-05-26 02:52:52,566 [ERROR] ❌ All Cohere API keys exhausted or rate limited.
2026-05-26 02:52:52,567 [ERROR] ❌ Cohere returned an empty response. Verify API Key limits or safety filters.
2026-05-26 02:52:52,568 [INFO] ✅ JSON store updated: /home/tomito/tomito seo (copy 1)/data/content/398.json
2026-05-26 02:52:52,568 [INFO] ✅ movie 398
2026-05-26 02:52:52,676 [WARNING] ⚠️ Rate limit hit on key index 3. Switching to next key...
2026-05-26 02:52:53,458 [WARNING] ⚠️ Rate limit hit on key index 4. Switching to next key...
2026-05-26 02:52:53,652 [WARNING] ⚠️ Rate limit hit on key index 5. Switching to next key...
2026-05-26 02:52:53,710 [WARNING] ⚠️ Rate limit hit on key index 0. Switching to next key...
2026-05-26 02:52:54,831 [INFO] Mirrored asset: 8eHHqMg8qEYtVw8LQLygsHXSR2q.jpg
2026-05-26 02:52:55,462 [ERROR] ❌ All Cohere API keys exhausted or rate limited.
2026-05-26 02:52:55,463 [ERROR] ❌ Cohere returned an empty response. Verify API Key limits or safety filters.
2026-05-26 02:52:55,464 [INFO] ✅ JSON store updated: /home/tomito/tomito seo (copy 1)/data/content/402900.json
2026-05-26 02:52:55,465 [INFO] ✅ movie 402900
2026-05-26 02:52:55,949 [WARNING] ⚠️ Error (401) hit on key index 1. Switching to next key...
2026-05-26 02:52:55,950 [ERROR] ❌ All Cohere API keys exhausted or rate limited.
2026-05-26 02:52:55,950 [ERROR] ❌ Cohere returned an empty response. Verify API Key limits or safety filters.
2026-05-26 02:52:55,952 [INFO] ✅ JSON store updated: /home/tomito/tomito seo (copy 1)/data/content/400155.json
2026-05-26 02:52:55,952 [INFO] ✅ movie 400155
2026-05-26 02:52:55,981 [INFO] 💾 Index saved — 560 / 1936 done
2026-05-26 02:52:56,484 [WARNING] ⚠️ Error (401) hit on key index 2. Switching to next key...
2026-05-26 02:52:56,485 [ERROR] ❌ All Cohere API keys exhausted or rate limited.
2026-05-26 02:52:56,485 [ERROR] ❌ Cohere returned an empty response. Verify API Key limits or safety filters.
2026-05-26 02:52:56,487 [INFO] ✅ JSON store updated: /home/tomito/tomito seo (copy 1)/data/content/406.json
2026-05-26 02:52:56,487 [INFO] ✅ movie 406
2026-05-26 02:52:56,954 [WARNING] ⚠️ Error (401) hit on key index 3. Switching to next key...
2026-05-26 02:52:58,699 [WARNING] ⚠️ Error (401) hit on key index 4. Switching to next key...
2026-05-26 02:52:59,608 [WARNING] ⚠️ Rate limit hit on key index 5. Switching to next key...
2026-05-26 02:53:00,557 [WARNING] ⚠️ Rate limit hit on key index 0. Switching to next key...
2026-05-26 02:53:00,964 [WARNING] ⚠️ Rate limit hit on key index 1. Switching to next key...
2026-05-26 02:53:01,610 [ERROR] ❌ All Cohere API keys exhausted or rate limited.
2026-05-26 02:53:01,611 [ERROR] ❌ Cohere returned an empty response. Verify API Key limits or safety filters.
2026-05-26 02:53:01,612 [INFO] ✅ JSON store updated: /home/tomito/tomito seo (copy 1)/data/content/406997.json
2026-05-26 02:53:01,613 [INFO] ✅ movie 406997
2026-05-26 02:53:02,968 [WARNING] ⚠️ Error (401) hit on key index 2. Switching to next key...
2026-05-26 02:53:04,431 [WARNING] ⚠️ Rate limit hit on key index 3. Switching to next key...
2026-05-26 02:53:04,709 [WARNING] ⚠️ Rate limit hit on key index 4. Switching to next key...
2026-05-26 02:53:04,862 [WARNING] ⚠️ Rate limit hit on key index 5. Switching to next key...
2026-05-26 02:53:05,389 [WARNING] ⚠️ Rate limit hit on key index 0. Switching to next key...
2026-05-26 02:53:07,933 [WARNING] ⚠️ Error (401) hit on key index 1. Switching to next key...
2026-05-26 02:53:08,394 [WARNING] ⚠️ Error (401) hit on key index 2. Switching to next key...
2026-05-26 02:53:08,492 [WARNING] ⚠️ Error (401) hit on key index 3. Switching to next key...
2026-05-26 02:53:08,627 [WARNING] ⚠️ Error (401) hit on key index 4. Switching to next key...
2026-05-26 02:53:09,793 [WARNING] ⚠️ Rate limit hit on key index 5. Switching to next key...
2026-05-26 02:53:10,175 [WARNING] ⚠️ Rate limit hit on key index 0. Switching to next key...
2026-05-26 02:53:10,347 [INFO] Mirrored asset: hpHvGuMc46pppwpcW0Xk7eys3L4.jpg
2026-05-26 02:53:10,980 [WARNING] ⚠️ Rate limit hit on key index 1. Switching to next key...
2026-05-26 02:53:11,239 [WARNING] ⚠️ Error (401) hit on key index 2. Switching to next key...
2026-05-26 02:53:11,472 [WARNING] ⚠️ Rate limit hit on key index 3. Switching to next key...
2026-05-26 02:53:12,921 [WARNING] ⚠️ Rate limit hit on key index 4. Switching to next key...
2026-05-26 02:53:13,943 [WARNING] ⚠️ Rate limit hit on key index 5. Switching to next key...
2026-05-26 02:53:15,421 [WARNING] ⚠️ Rate limit hit on key index 0. Switching to next key...
2026-05-26 02:53:17,043 [WARNING] ⚠️ Rate limit hit on key index 1. Switching to next key...
2026-05-26 02:53:17,506 [WARNING] ⚠️ Rate limit hit on key index 2. Switching to next key...
2026-05-26 02:53:19,046 [ERROR] ❌ All Cohere API keys exhausted or rate limited.
2026-05-26 02:53:19,046 [ERROR] ❌ Cohere returned an empty response. Verify API Key limits or safety filters.
2026-05-26 02:53:19,048 [INFO] ✅ JSON store updated: /home/tomito/tomito seo (copy 1)/data/content/4108.json
2026-05-26 02:53:19,048 [INFO] ✅ movie 4108
2026-05-26 02:53:19,180 [WARNING] ⚠️ Rate limit hit on key index 3. Switching to next key...
2026-05-26 02:53:20,260 [WARNING] ⚠️ Rate limit hit on key index 4. Switching to next key...
2026-05-26 02:53:22,006 [WARNING] ⚠️ Rate limit hit on key index 5. Switching to next key...
2026-05-26 02:53:24,009 [ERROR] ❌ All Cohere API keys exhausted or rate limited.
2026-05-26 02:53:24,009 [ERROR] ❌ Cohere returned an empty response. Verify API Key limits or safety filters.
2026-05-26 02:53:24,012 [INFO] ✅ JSON store updated: /home/tomito/tomito seo (copy 1)/data/content/412117.json
2026-05-26 02:53:24,012 [INFO] ✅ movie 412117
2026-05-26 02:53:24,444 [INFO] Mirrored asset: ii6w8gu4n0XKJIIslxkGOV4a3cR.jpg
2026-05-26 02:53:25,719 [WARNING] ⚠️ Error (401) hit on key index 0. Switching to next key...
2026-05-26 02:53:25,721 [ERROR] ❌ All Cohere API keys exhausted or rate limited.
2026-05-26 02:53:25,721 [ERROR] ❌ Cohere returned an empty response. Verify API Key limits or safety filters.
2026-05-26 02:53:25,725 [INFO] ✅ JSON store updated: /home/tomito/tomito seo (copy 1)/data/content/410119.json
2026-05-26 02:53:25,728 [INFO] ✅ movie 410119
2026-05-26 02:53:25,764 [WARNING] ⚠️ Rate limit hit on key index 1. Switching to next key...
2026-05-26 02:53:28,553 [WARNING] ⚠️ Rate limit hit on key index 2. Switching to next key...
2026-05-26 02:53:31,051 [WARNING] ⚠️ Rate limit hit on key index 3. Switching to next key...
2026-05-26 02:53:31,727 [WARNING] ⚠️ Rate limit hit on key index 4. Switching to next key...
2026-05-26 02:53:32,140 [WARNING] ⚠️ Rate limit hit on key index 5. Switching to next key...
2026-05-26 02:53:33,511 [WARNING] ⚠️ Rate limit hit on key index 0. Switching to next key...
2026-05-26 02:53:34,683 [WARNING] ⚠️ Error (401) hit on key index 1. Switching to next key...
2026-05-26 02:53:35,295 [WARNING] ⚠️ Error (401) hit on key index 2. Switching to next key...
2026-05-26 02:53:35,570 [WARNING] ⚠️ Rate limit hit on key index 3. Switching to next key...
2026-05-26 02:53:36,074 [WARNING] ⚠️ Rate limit hit on key index 4. Switching to next key...
2026-05-26 02:53:36,926 [WARNING] ⚠️ Rate limit hit on key index 5. Switching to next key...
2026-05-26 02:53:38,077 [ERROR] ❌ All Cohere API keys exhausted or rate limited.
2026-05-26 02:53:38,078 [ERROR] ❌ Cohere returned an empty response. Verify API Key limits or safety filters.
2026-05-26 02:53:38,080 [INFO] ✅ JSON store updated: /home/tomito/tomito seo (copy 1)/data/content/411.json
2026-05-26 02:53:38,080 [INFO] ✅ movie 411
2026-05-26 02:53:40,568 [WARNING] ⚠️ Rate limit hit on key index 0. Switching to next key...
2026-05-26 02:53:40,876 [WARNING] ⚠️ Rate limit hit on key index 1. Switching to next key...
2026-05-26 02:53:41,311 [WARNING] ⚠️ Rate limit hit on key index 2. Switching to next key...
2026-05-26 02:53:43,270 [WARNING] ⚠️ Rate limit hit on key index 3. Switching to next key...
2026-05-26 02:53:43,312 [ERROR] ❌ All Cohere API keys exhausted or rate limited.
2026-05-26 02:53:43,313 [ERROR] ❌ Cohere returned an empty response. Verify API Key limits or safety filters.
2026-05-26 02:53:43,314 [INFO] ✅ JSON store updated: /home/tomito/tomito seo (copy 1)/data/content/41411.json
2026-05-26 02:53:43,314 [INFO] ✅ movie 41411
2026-05-26 02:53:43,586 [WARNING] ⚠️ Rate limit hit on key index 4. Switching to next key...
2026-05-26 02:53:43,768 [WARNING] ⚠️ Rate limit hit on key index 5. Switching to next key...
2026-05-26 02:53:46,889 [WARNING] ⚠️ Rate limit hit on key index 0. Switching to next key...
2026-05-26 02:53:47,149 [WARNING] ⚠️ Rate limit hit on key index 1. Switching to next key...
2026-05-26 02:53:47,967 [WARNING] ⚠️ Rate limit hit on key index 2. Switching to next key...
2026-05-26 02:53:48,434 [WARNING] ⚠️ Rate limit hit on key index 3. Switching to next key...
2026-05-26 02:53:49,970 [ERROR] ❌ All Cohere API keys exhausted or rate limited.
2026-05-26 02:53:49,971 [ERROR] ❌ Cohere returned an empty response. Verify API Key limits or safety filters.
2026-05-26 02:53:49,972 [INFO] ✅ JSON store updated: /home/tomito/tomito seo (copy 1)/data/content/414906.json
2026-05-26 02:53:49,972 [INFO] ✅ movie 414906
2026-05-26 02:53:50,386 [WARNING] ⚠️ Rate limit hit on key index 4. Switching to next key...
2026-05-26 02:53:50,717 [WARNING] ⚠️ Rate limit hit on key index 5. Switching to next key...
2026-05-26 02:53:51,199 [WARNING] ⚠️ Rate limit hit on key index 0. Switching to next key...
2026-05-26 02:53:51,791 [WARNING] ⚠️ Rate limit hit on key index 1. Switching to next key...
2026-05-26 02:53:53,885 [WARNING] ⚠️ Rate limit hit on key index 2. Switching to next key...
2026-05-26 02:53:54,640 [WARNING] ⚠️ Rate limit hit on key index 3. Switching to next key...
2026-05-26 02:53:54,759 [WARNING] ⚠️ Rate limit hit on key index 4. Switching to next key...
2026-05-26 02:53:55,886 [ERROR] ❌ All Cohere API keys exhausted or rate limited.
2026-05-26 02:53:55,887 [ERROR] ❌ Cohere returned an empty response. Verify API Key limits or safety filters.
2026-05-26 02:53:55,888 [INFO] ✅ JSON store updated: /home/tomito/tomito seo (copy 1)/data/content/409.json
2026-05-26 02:53:55,888 [INFO] ✅ movie 409
2026-05-26 02:53:57,660 [WARNING] ⚠️ Rate limit hit on key index 5. Switching to next key...
2026-05-26 02:53:57,852 [WARNING] ⚠️ Rate limit hit on key index 0. Switching to next key...
2026-05-26 02:53:58,497 [WARNING] ⚠️ Rate limit hit on key index 1. Switching to next key...
2026-05-26 02:53:59,365 [WARNING] ⚠️ Rate limit hit on key index 2. Switching to next key...
2026-05-26 02:53:59,810 [WARNING] ⚠️ Rate limit hit on key index 3. Switching to next key...
2026-05-26 02:54:00,127 [WARNING] ⚠️ Rate limit hit on key index 4. Switching to next key...
2026-05-26 02:54:01,381 [WARNING] ⚠️ Rate limit hit on key index 5. Switching to next key...
2026-05-26 02:54:01,408 [WARNING] ⚠️ Rate limit hit on key index 0. Switching to next key...
2026-05-26 02:54:02,156 [WARNING] ⚠️ Rate limit hit on key index 1. Switching to next key...
2026-05-26 02:54:02,592 [WARNING] ⚠️ Error (401) hit on key index 2. Switching to next key...
2026-05-26 02:54:02,594 [ERROR] ❌ All Cohere API keys exhausted or rate limited.
2026-05-26 02:54:02,594 [ERROR] ❌ Cohere returned an empty response. Verify API Key limits or safety filters.
2026-05-26 02:54:02,596 [INFO] ✅ JSON store updated: /home/tomito/tomito seo (copy 1)/data/content/420809.json
2026-05-26 02:54:02,597 [INFO] ✅ movie 420809
2026-05-26 02:54:02,859 [WARNING] ⚠️ Rate limit hit on key index 3. Switching to next key...
2026-05-26 02:54:04,099 [WARNING] ⚠️ Rate limit hit on key index 4. Switching to next key...
2026-05-26 02:54:04,680 [WARNING] ⚠️ Rate limit hit on key index 5. Switching to next key...
2026-05-26 02:54:04,778 [WARNING] ⚠️ Rate limit hit on key index 0. Switching to next key...
2026-05-26 02:54:05,385 [WARNING] ⚠️ Error (401) hit on key index 1. Switching to next key...
2026-05-26 02:54:05,385 [ERROR] ❌ All Cohere API keys exhausted or rate limited.
2026-05-26 02:54:05,385 [ERROR] ❌ Cohere returned an empty response. Verify API Key limits or safety filters.
2026-05-26 02:54:05,387 [INFO] ✅ JSON store updated: /home/tomito/tomito seo (copy 1)/data/content/413279.json
2026-05-26 02:54:05,388 [INFO] ✅ movie 413279
2026-05-26 02:54:06,782 [ERROR] ❌ All Cohere API keys exhausted or rate limited.
2026-05-26 02:54:06,782 [ERROR] ❌ Cohere returned an empty response. Verify API Key limits or safety filters.
2026-05-26 02:54:06,784 [INFO] ✅ JSON store updated: /home/tomito/tomito seo (copy 1)/data/content/414419.json
2026-05-26 02:54:06,784 [INFO] ✅ movie 414419
2026-05-26 02:54:07,362 [WARNING] ⚠️ Error (401) hit on key index 2. Switching to next key...
2026-05-26 02:54:07,551 [WARNING] ⚠️ Rate limit hit on key index 3. Switching to next key...
2026-05-26 02:54:08,057 [WARNING] ⚠️ Rate limit hit on key index 4. Switching to next key...
2026-05-26 02:54:08,612 [WARNING] ⚠️ Rate limit hit on key index 5. Switching to next key...
2026-05-26 02:54:09,554 [ERROR] ❌ All Cohere API keys exhausted or rate limited.
2026-05-26 02:54:09,555 [ERROR] ❌ Cohere returned an empty response. Verify API Key limits or safety filters.
2026-05-26 02:54:09,557 [INFO] ✅ JSON store updated: /home/tomito/tomito seo (copy 1)/data/content/420817.json
2026-05-26 02:54:09,557 [INFO] ✅ movie 420817
2026-05-26 02:54:11,084 [WARNING] ⚠️ Rate limit hit on key index 0. Switching to next key...
2026-05-26 02:54:11,439 [WARNING] ⚠️ Rate limit hit on key index 1. Switching to next key...
2026-05-26 02:54:11,757 [WARNING] ⚠️ Rate limit hit on key index 2. Switching to next key...
2026-05-26 02:54:12,495 [WARNING] ⚠️ Rate limit hit on key index 3. Switching to next key...
2026-05-26 02:54:14,061 [WARNING] ⚠️ Rate limit hit on key index 4. Switching to next key...
2026-05-26 02:54:14,145 [WARNING] ⚠️ Rate limit hit on key index 5. Switching to next key...
2026-05-26 02:54:14,432 [WARNING] ⚠️ Rate limit hit on key index 0. Switching to next key...
2026-05-26 02:54:14,756 [WARNING] ⚠️ Rate limit hit on key index 1. Switching to next key...
2026-05-26 02:54:15,306 [WARNING] ⚠️ Error (401) hit on key index 2. Switching to next key...
2026-05-26 02:54:16,434 [ERROR] ❌ All Cohere API keys exhausted or rate limited.
2026-05-26 02:54:16,435 [ERROR] ❌ Cohere returned an empty response. Verify API Key limits or safety filters.
2026-05-26 02:54:16,436 [INFO] ✅ JSON store updated: /home/tomito/tomito seo (copy 1)/data/content/420818.json
2026-05-26 02:54:16,436 [INFO] ✅ movie 420818
2026-05-26 02:54:17,330 [WARNING] ⚠️ Rate limit hit on key index 3. Switching to next key...
2026-05-26 02:54:17,768 [WARNING] ⚠️ Rate limit hit on key index 4. Switching to next key...
2026-05-26 02:54:18,124 [WARNING] ⚠️ Rate limit hit on key index 5. Switching to next key...
2026-05-26 02:54:18,533 [WARNING] ⚠️ Rate limit hit on key index 0. Switching to next key...
2026-05-26 02:54:20,126 [ERROR] ❌ All Cohere API keys exhausted or rate limited.
2026-05-26 02:54:20,127 [ERROR] ❌ Cohere returned an empty response. Verify API Key limits or safety filters.
2026-05-26 02:54:20,128 [INFO] ✅ JSON store updated: /home/tomito/tomito seo (copy 1)/data/content/4232.json
2026-05-26 02:54:20,128 [INFO] ✅ movie 4232
2026-05-26 02:54:20,274 [WARNING] ⚠️ Error (401) hit on key index 1. Switching to next key...
2026-05-26 02:54:20,659 [WARNING] ⚠️ Error (401) hit on key index 2. Switching to next key...
2026-05-26 02:54:21,331 [WARNING] ⚠️ Rate limit hit on key index 3. Switching to next key...
2026-05-26 02:54:21,721 [WARNING] ⚠️ Rate limit hit on key index 4. Switching to next key...
2026-05-26 02:54:23,102 [WARNING] ⚠️ Rate limit hit on key index 5. Switching to next key...
2026-05-26 02:54:23,604 [WARNING] ⚠️ Rate limit hit on key index 0. Switching to next key...
2026-05-26 02:54:24,396 [WARNING] ⚠️ Rate limit hit on key index 1. Switching to next key...
2026-05-26 02:54:24,482 [WARNING] ⚠️ Rate limit hit on key index 2. Switching to next key...
2026-05-26 02:54:25,626 [WARNING] ⚠️ Rate limit hit on key index 3. Switching to next key...
2026-05-26 02:54:26,398 [WARNING] ⚠️ Rate limit hit on key index 4. Switching to next key...
2026-05-26 02:54:26,601 [WARNING] ⚠️ Error (401) hit on key index 5. Switching to next key...
2026-05-26 02:54:27,669 [WARNING] ⚠️ Rate limit hit on key index 0. Switching to next key...
2026-05-26 02:54:29,265 [WARNING] ⚠️ Rate limit hit on key index 1. Switching to next key...
2026-05-26 02:54:29,447 [WARNING] ⚠️ Error (401) hit on key index 2. Switching to next key...
2026-05-26 02:54:30,424 [WARNING] ⚠️ Rate limit hit on key index 3. Switching to next key...
2026-05-26 02:54:30,686 [WARNING] ⚠️ Rate limit hit on key index 4. Switching to next key...
2026-05-26 02:54:30,830 [WARNING] ⚠️ Rate limit hit on key index 5. Switching to next key...
2026-05-26 02:54:32,393 [WARNING] ⚠️ Rate limit hit on key index 0. Switching to next key...
2026-05-26 02:54:33,321 [WARNING] ⚠️ Error (401) hit on key index 1. Switching to next key...
2026-05-26 02:54:34,395 [ERROR] ❌ All Cohere API keys exhausted or rate limited.
2026-05-26 02:54:34,395 [ERROR] ❌ Cohere returned an empty response. Verify API Key limits or safety filters.
2026-05-26 02:54:34,396 [INFO] ✅ JSON store updated: /home/tomito/tomito seo (copy 1)/data/content/425577.json
2026-05-26 02:54:34,397 [INFO] ✅ movie 425577
2026-05-26 02:54:35,775 [WARNING] ⚠️ Error (401) hit on key index 2. Switching to next key...
2026-05-26 02:54:36,219 [WARNING] ⚠️ Rate limit hit on key index 3. Switching to next key...
2026-05-26 02:54:36,684 [WARNING] ⚠️ Rate limit hit on key index 4. Switching to next key...
2026-05-26 02:54:38,116 [WARNING] ⚠️ Error (401) hit on key index 5. Switching to next key...
2026-05-26 02:54:38,220 [ERROR] ❌ All Cohere API keys exhausted or rate limited.
2026-05-26 02:54:38,222 [ERROR] ❌ Cohere returned an empty response. Verify API Key limits or safety filters.
2026-05-26 02:54:38,225 [INFO] ✅ JSON store updated: /home/tomito/tomito seo (copy 1)/data/content/429.json
2026-05-26 02:54:38,227 [INFO] ✅ movie 429
2026-05-26 02:54:38,347 [WARNING] ⚠️ Rate limit hit on key index 0. Switching to next key...
2026-05-26 02:54:38,686 [ERROR] ❌ All Cohere API keys exhausted or rate limited.
2026-05-26 02:54:38,687 [ERROR] ❌ Cohere returned an empty response. Verify API Key limits or safety filters.
2026-05-26 02:54:38,688 [INFO] ✅ JSON store updated: /home/tomito/tomito seo (copy 1)/data/content/425274.json
2026-05-26 02:54:38,689 [INFO] ✅ movie 425274
2026-05-26 02:54:39,331 [WARNING] ⚠️ Rate limit hit on key index 1. Switching to next key...
2026-05-26 02:54:39,619 [WARNING] ⚠️ Rate limit hit on key index 2. Switching to next key...
2026-05-26 02:54:40,350 [ERROR] ❌ All Cohere API keys exhausted or rate limited.
2026-05-26 02:54:40,351 [ERROR] ❌ Cohere returned an empty response. Verify API Key limits or safety filters.
2026-05-26 02:54:40,352 [INFO] ✅ JSON store updated: /home/tomito/tomito seo (copy 1)/data/content/424.json
2026-05-26 02:54:40,352 [INFO] ✅ movie 424
2026-05-26 02:54:41,507 [WARNING] ⚠️ Rate limit hit on key index 3. Switching to next key...
2026-05-26 02:54:41,914 [INFO] Mirrored asset: xayv8vZgN3aoqy8ADWvPz8RJOE8.jpg
2026-05-26 02:54:42,536 [INFO] Mirrored asset: 3xTImsBYSIqLZfWCHfqWj9IC365.jpg
2026-05-26 02:54:42,989 [WARNING] ⚠️ Rate limit hit on key index 4. Switching to next key...
2026-05-26 02:54:43,901 [WARNING] ⚠️ Rate limit hit on key index 5. Switching to next key...
2026-05-26 02:54:44,884 [WARNING] ⚠️ Rate limit hit on key index 0. Switching to next key...
2026-05-26 02:54:44,990 [ERROR] ❌ All Cohere API keys exhausted or rate limited.
2026-05-26 02:54:44,991 [ERROR] ❌ Cohere returned an empty response. Verify API Key limits or safety filters.
2026-05-26 02:54:44,992 [INFO] ✅ JSON store updated: /home/tomito/tomito seo (copy 1)/data/content/429617.json
2026-05-26 02:54:44,993 [INFO] ✅ movie 429617
2026-05-26 02:54:45,030 [INFO] 💾 Index saved — 580 / 1936 done
2026-05-26 02:54:45,317 [INFO] Mirrored asset: fawU2yYZYOmZOlIR7zKd9qaRd8D.jpg
2026-05-26 02:54:46,218 [WARNING] ⚠️ Rate limit hit on key index 1. Switching to next key...
2026-05-26 02:54:46,427 [WARNING] ⚠️ Error (401) hit on key index 2. Switching to next key...
2026-05-26 02:54:46,588 [WARNING] ⚠️ Error (401) hit on key index 3. Switching to next key...
2026-05-26 02:54:46,980 [WARNING] ⚠️ Rate limit hit on key index 4. Switching to next key...
2026-05-26 02:54:47,158 [WARNING] ⚠️ Rate limit hit on key index 5. Switching to next key...
2026-05-26 02:54:47,378 [WARNING] ⚠️ Rate limit hit on key index 0. Switching to next key...
2026-05-26 02:54:47,474 [WARNING] ⚠️ Rate limit hit on key index 1. Switching to next key...
2026-05-26 02:54:48,982 [ERROR] ❌ All Cohere API keys exhausted or rate limited.
2026-05-26 02:54:48,983 [ERROR] ❌ Cohere returned an empty response. Verify API Key limits or safety filters.
2026-05-26 02:54:48,984 [INFO] ✅ JSON store updated: /home/tomito/tomito seo (copy 1)/data/content/425.json
2026-05-26 02:54:48,985 [INFO] ✅ movie 425
2026-05-26 02:54:49,052 [WARNING] ⚠️ Rate limit hit on key index 2. Switching to next key...
2026-05-26 02:54:49,464 [WARNING] ⚠️ Rate limit hit on key index 3. Switching to next key...
2026-05-26 02:54:50,133 [WARNING] ⚠️ Rate limit hit on key index 4. Switching to next key...
2026-05-26 02:54:50,467 [WARNING] ⚠️ Rate limit hit on key index 5. Switching to next key...
2026-05-26 02:54:50,521 [WARNING] ⚠️ Rate limit hit on key index 0. Switching to next key...
2026-05-26 02:54:52,111 [WARNING] ⚠️ Error (401) hit on key index 1. Switching to next key...
2026-05-26 02:54:52,371 [WARNING] ⚠️ Error (401) hit on key index 2. Switching to next key...
2026-05-26 02:54:52,754 [WARNING] ⚠️ Rate limit hit on key index 3. Switching to next key...
2026-05-26 02:54:53,871 [WARNING] ⚠️ Rate limit hit on key index 4. Switching to next key...
2026-05-26 02:54:54,032 [WARNING] ⚠️ Rate limit hit on key index 5. Switching to next key...
2026-05-26 02:54:54,038 [WARNING] ⚠️ Rate limit hit on key index 0. Switching to next key...
2026-05-26 02:54:54,284 [WARNING] ⚠️ Rate limit hit on key index 1. Switching to next key...
2026-05-26 02:54:56,692 [WARNING] ⚠️ Rate limit hit on key index 2. Switching to next key...
2026-05-26 02:54:56,929 [WARNING] ⚠️ Rate limit hit on key index 3. Switching to next key...
2026-05-26 02:54:57,305 [WARNING] ⚠️ Rate limit hit on key index 4. Switching to next key...
2026-05-26 02:54:58,426 [WARNING] ⚠️ Rate limit hit on key index 5. Switching to next key...
2026-05-26 02:54:59,306 [ERROR] ❌ All Cohere API keys exhausted or rate limited.
2026-05-26 02:54:59,307 [ERROR] ❌ Cohere returned an empty response. Verify API Key limits or safety filters.
2026-05-26 02:54:59,308 [INFO] ✅ JSON store updated: /home/tomito/tomito seo (copy 1)/data/content/430424.json
2026-05-26 02:54:59,309 [INFO] ✅ movie 430424
2026-05-26 02:55:00,354 [WARNING] ⚠️ Rate limit hit on key index 0. Switching to next key...
2026-05-26 02:55:01,362 [WARNING] ⚠️ Error (401) hit on key index 1. Switching to next key...
2026-05-26 02:55:01,477 [WARNING] ⚠️ Rate limit hit on key index 2. Switching to next key...
2026-05-26 02:55:02,346 [WARNING] ⚠️ Rate limit hit on key index 3. Switching to next key...
2026-05-26 02:55:02,490 [WARNING] ⚠️ Rate limit hit on key index 4. Switching to next key...
2026-05-26 02:55:03,478 [ERROR] ❌ All Cohere API keys exhausted or rate limited.
2026-05-26 02:55:03,479 [ERROR] ❌ Cohere returned an empty response. Verify API Key limits or safety filters.
2026-05-26 02:55:03,480 [INFO] ✅ JSON store updated: /home/tomito/tomito seo (copy 1)/data/content/438148.json
2026-05-26 02:55:03,481 [INFO] ✅ movie 438148
2026-05-26 02:55:03,642 [WARNING] ⚠️ Rate limit hit on key index 5. Switching to next key...
2026-05-26 02:55:04,257 [WARNING] ⚠️ Rate limit hit on key index 0. Switching to next key...
2026-05-26 02:55:04,392 [WARNING] ⚠️ Rate limit hit on key index 1. Switching to next key...
2026-05-26 02:55:04,492 [ERROR] ❌ All Cohere API keys exhausted or rate limited.
2026-05-26 02:55:04,493 [ERROR] ❌ Cohere returned an empty response. Verify API Key limits or safety filters.
2026-05-26 02:55:04,494 [INFO] ✅ JSON store updated: /home/tomito/tomito seo (copy 1)/data/content/4382.json
2026-05-26 02:55:04,494 [INFO] ✅ movie 4382
2026-05-26 02:55:04,889 [WARNING] ⚠️ Error (401) hit on key index 2. Switching to next key...
2026-05-26 02:55:04,890 [ERROR] ❌ All Cohere API keys exhausted or rate limited.
2026-05-26 02:55:04,890 [ERROR] ❌ Cohere returned an empty response. Verify API Key limits or safety filters.
2026-05-26 02:55:04,893 [INFO] ✅ JSON store updated: /home/tomito/tomito seo (copy 1)/data/content/431.json
2026-05-26 02:55:04,894 [INFO] ✅ movie 431
2026-05-26 02:55:06,216 [WARNING] ⚠️ Rate limit hit on key index 3. Switching to next key...
2026-05-26 02:55:07,141 [WARNING] ⚠️ Rate limit hit on key index 4. Switching to next key...
2026-05-26 02:55:07,174 [INFO] Mirrored asset: gp2ZbLAH1mlcGHoM1c8Bo2t13JI.jpg
2026-05-26 02:55:07,179 [WARNING] ⚠️ Rate limit hit on key index 5. Switching to next key...
2026-05-26 02:55:08,328 [WARNING] ⚠️ Rate limit hit on key index 0. Switching to next key...
2026-05-26 02:55:09,182 [ERROR] ❌ All Cohere API keys exhausted or rate limited.
2026-05-26 02:55:09,182 [ERROR] ❌ Cohere returned an empty response. Verify API Key limits or safety filters.
2026-05-26 02:55:09,184 [INFO] ✅ JSON store updated: /home/tomito/tomito seo (copy 1)/data/content/436969.json
2026-05-26 02:55:09,184 [INFO] ✅ movie 436969
2026-05-26 02:55:09,362 [WARNING] ⚠️ Error (401) hit on key index 1. Switching to next key...
2026-05-26 02:55:10,352 [WARNING] ⚠️ Error (401) hit on key index 2. Switching to next key...
2026-05-26 02:55:10,353 [ERROR] ❌ All Cohere API keys exhausted or rate limited.
2026-05-26 02:55:10,353 [ERROR] ❌ Cohere returned an empty response. Verify API Key limits or safety filters.
2026-05-26 02:55:10,356 [INFO] ✅ JSON store updated: /home/tomito/tomito seo (copy 1)/data/content/438631.json
2026-05-26 02:55:10,358 [WARNING] ⚠️ Rate limit hit on key index 3. Switching to next key...
2026-05-26 02:55:10,358 [INFO] ✅ movie 438631
2026-05-26 02:55:10,501 [WARNING] ⚠️ Rate limit hit on key index 4. Switching to next key...
2026-05-26 02:55:10,846 [WARNING] ⚠️ Rate limit hit on key index 5. Switching to next key...
2026-05-26 02:55:11,259 [WARNING] ⚠️ Rate limit hit on key index 0. Switching to next key...
2026-05-26 02:55:13,330 [WARNING] ⚠️ Error (401) hit on key index 1. Switching to next key...
2026-05-26 02:55:13,347 [WARNING] ⚠️ Error (401) hit on key index 2. Switching to next key...
2026-05-26 02:55:14,472 [WARNING] ⚠️ Error (401) hit on key index 3. Switching to next key...
2026-05-26 02:55:15,020 [WARNING] ⚠️ Rate limit hit on key index 4. Switching to next key...
2026-05-26 02:55:15,609 [WARNING] ⚠️ Error (401) hit on key index 5. Switching to next key...
2026-05-26 02:55:16,453 [WARNING] ⚠️ Error (401) hit on key index 0. Switching to next key...
2026-05-26 02:55:16,894 [WARNING] ⚠️ Rate limit hit on key index 1. Switching to next key...
2026-05-26 02:55:17,217 [WARNING] ⚠️ Rate limit hit on key index 2. Switching to next key...
2026-05-26 02:55:17,474 [WARNING] ⚠️ Rate limit hit on key index 3. Switching to next key...
2026-05-26 02:55:19,635 [WARNING] ⚠️ Rate limit hit on key index 4. Switching to next key...
2026-05-26 02:55:19,888 [WARNING] ⚠️ Rate limit hit on key index 5. Switching to next key...
2026-05-26 02:55:20,695 [WARNING] ⚠️ Rate limit hit on key index 0. Switching to next key...
2026-05-26 02:55:22,364 [WARNING] ⚠️ Error (401) hit on key index 1. Switching to next key...
2026-05-26 02:55:22,614 [WARNING] ⚠️ Error (401) hit on key index 2. Switching to next key...
2026-05-26 02:55:22,698 [ERROR] ❌ All Cohere API keys exhausted or rate limited.
2026-05-26 02:55:22,698 [ERROR] ❌ Cohere returned an empty response. Verify API Key limits or safety filters.
2026-05-26 02:55:22,699 [INFO] ✅ JSON store updated: /home/tomito/tomito seo (copy 1)/data/content/440249.json
2026-05-26 02:55:22,700 [INFO] ✅ movie 440249
2026-05-26 02:55:22,803 [WARNING] ⚠️ Rate limit hit on key index 3. Switching to next key...
2026-05-26 02:55:23,079 [WARNING] ⚠️ Rate limit hit on key index 4. Switching to next key...
2026-05-26 02:55:23,243 [WARNING] ⚠️ Rate limit hit on key index 5. Switching to next key...
2026-05-26 02:55:24,302 [WARNING] ⚠️ Rate limit hit on key index 0. Switching to next key...
2026-05-26 02:55:25,081 [ERROR] ❌ All Cohere API keys exhausted or rate limited.
2026-05-26 02:55:25,082 [ERROR] ❌ Cohere returned an empty response. Verify API Key limits or safety filters.
2026-05-26 02:55:25,083 [INFO] ✅ JSON store updated: /home/tomito/tomito seo (copy 1)/data/content/43943.json
2026-05-26 02:55:25,083 [INFO] ✅ movie 43943
2026-05-26 02:55:25,694 [WARNING] ⚠️ Error (401) hit on key index 1. Switching to next key...
2026-05-26 02:55:26,056 [WARNING] ⚠️ Error (401) hit on key index 2. Switching to next key...
2026-05-26 02:55:26,355 [WARNING] ⚠️ Rate limit hit on key index 3. Switching to next key...
2026-05-26 02:55:26,661 [WARNING] ⚠️ Rate limit hit on key index 4. Switching to next key...
2026-05-26 02:55:26,696 [WARNING] ⚠️ Error (401) hit on key index 5. Switching to next key...
2026-05-26 02:55:26,847 [WARNING] ⚠️ Rate limit hit on key index 0. Switching to next key...
2026-05-26 02:55:27,139 [WARNING] ⚠️ Rate limit hit on key index 1. Switching to next key...
2026-05-26 02:55:28,850 [ERROR] ❌ All Cohere API keys exhausted or rate limited.
2026-05-26 02:55:28,851 [ERROR] ❌ Cohere returned an empty response. Verify API Key limits or safety filters.
2026-05-26 02:55:28,852 [INFO] ✅ JSON store updated: /home/tomito/tomito seo (copy 1)/data/content/440762.json
2026-05-26 02:55:28,852 [INFO] ✅ movie 440762
2026-05-26 02:55:29,681 [WARNING] ⚠️ Rate limit hit on key index 2. Switching to next key...
2026-05-26 02:55:30,574 [WARNING] ⚠️ Rate limit hit on key index 3. Switching to next key...
2026-05-26 02:55:30,984 [INFO] Mirrored asset: A7rxO6QpngbK2hGlCKKA5INrRFd.jpg
2026-05-26 02:55:31,272 [WARNING] ⚠️ Rate limit hit on key index 4. Switching to next key...
2026-05-26 02:55:32,059 [WARNING] ⚠️ Rate limit hit on key index 5. Switching to next key...
2026-05-26 02:55:32,577 [ERROR] ❌ All Cohere API keys exhausted or rate limited.
2026-05-26 02:55:32,577 [ERROR] ❌ Cohere returned an empty response. Verify API Key limits or safety filters.
2026-05-26 02:55:32,579 [INFO] ✅ JSON store updated: /home/tomito/tomito seo (copy 1)/data/content/43920.json
2026-05-26 02:55:32,579 [INFO] ✅ movie 43920
2026-05-26 02:55:32,652 [WARNING] ⚠️ Rate limit hit on key index 0. Switching to next key...
2026-05-26 02:55:34,654 [ERROR] ❌ All Cohere API keys exhausted or rate limited.
2026-05-26 02:55:34,655 [ERROR] ❌ Cohere returned an empty response. Verify API Key limits or safety filters.
2026-05-26 02:55:34,657 [INFO] ✅ JSON store updated: /home/tomito/tomito seo (copy 1)/data/content/441130.json
2026-05-26 02:55:34,658 [INFO] ✅ movie 441130
2026-05-26 02:55:34,777 [WARNING] ⚠️ Error (401) hit on key index 1. Switching to next key...
2026-05-26 02:55:34,904 [WARNING] ⚠️ Error (401) hit on key index 2. Switching to next key...
2026-05-26 02:55:35,589 [WARNING] ⚠️ Rate limit hit on key index 3. Switching to next key...
2026-05-26 02:55:35,699 [WARNING] ⚠️ Error (401) hit on key index 4. Switching to next key...
2026-05-26 02:55:36,620 [WARNING] ⚠️ Rate limit hit on key index 5. Switching to next key...
2026-05-26 02:55:36,969 [WARNING] ⚠️ Rate limit hit on key index 0. Switching to next key...
2026-05-26 02:55:37,944 [WARNING] ⚠️ Error (401) hit on key index 1. Switching to next key...
2026-05-26 02:55:38,770 [WARNING] ⚠️ Error (401) hit on key index 2. Switching to next key...
2026-05-26 02:55:38,771 [ERROR] ❌ All Cohere API keys exhausted or rate limited.
2026-05-26 02:55:38,771 [ERROR] ❌ Cohere returned an empty response. Verify API Key limits or safety filters.
2026-05-26 02:55:38,773 [INFO] ✅ JSON store updated: /home/tomito/tomito seo (copy 1)/data/content/441168.json
2026-05-26 02:55:38,773 [INFO] ✅ movie 441168
2026-05-26 02:55:38,830 [WARNING] ⚠️ Error (401) hit on key index 3. Switching to next key...
2026-05-26 02:55:39,442 [WARNING] ⚠️ Rate limit hit on key index 4. Switching to next key...
2026-05-26 02:55:39,750 [WARNING] ⚠️ Rate limit hit on key index 5. Switching to next key...
2026-05-26 02:55:40,488 [WARNING] ⚠️ Rate limit hit on key index 0. Switching to next key...
2026-05-26 02:55:41,442 [ERROR] ❌ All Cohere API keys exhausted or rate limited.
2026-05-26 02:55:41,443 [ERROR] ❌ Cohere returned an empty response. Verify API Key limits or safety filters.
2026-05-26 02:55:41,444 [INFO] ✅ JSON store updated: /home/tomito/tomito seo (copy 1)/data/content/438808.json
2026-05-26 02:55:41,444 [INFO] ✅ movie 438808
2026-05-26 02:55:41,863 [WARNING] ⚠️ Rate limit hit on key index 1. Switching to next key...
2026-05-26 02:55:42,341 [WARNING] ⚠️ Error (401) hit on key index 2. Switching to next key...
2026-05-26 02:55:43,123 [WARNING] ⚠️ Rate limit hit on key index 3. Switching to next key...
2026-05-26 02:55:43,877 [WARNING] ⚠️ Rate limit hit on key index 4. Switching to next key...
2026-05-26 02:55:44,684 [INFO] Mirrored asset: tiqgOGacYEzwb0ByflQlidc9ooy.jpg
2026-05-26 02:55:45,878 [ERROR] ❌ All Cohere API keys exhausted or rate limited.
2026-05-26 02:55:45,879 [ERROR] ❌ Cohere returned an empty response. Verify API Key limits or safety filters.
2026-05-26 02:55:45,880 [INFO] ✅ JSON store updated: /home/tomito/tomito seo (copy 1)/data/content/446893.json
2026-05-26 02:55:45,881 [INFO] ✅ movie 446893
2026-05-26 02:55:46,179 [WARNING] ⚠️ Rate limit hit on key index 5. Switching to next key...
2026-05-26 02:55:46,335 [WARNING] ⚠️ Rate limit hit on key index 0. Switching to next key...
2026-05-26 02:55:46,507 [WARNING] ⚠️ Rate limit hit on key index 1. Switching to next key...
2026-05-26 02:55:46,886 [WARNING] ⚠️ Rate limit hit on key index 2. Switching to next key...
2026-05-26 02:55:48,146 [WARNING] ⚠️ Rate limit hit on key index 3. Switching to next key...
2026-05-26 02:55:49,595 [WARNING] ⚠️ Rate limit hit on key index 4. Switching to next key...
2026-05-26 02:55:51,013 [WARNING] ⚠️ Rate limit hit on key index 5. Switching to next key...
2026-05-26 02:55:51,164 [WARNING] ⚠️ Rate limit hit on key index 0. Switching to next key...
2026-05-26 02:55:51,625 [WARNING] ⚠️ Rate limit hit on key index 1. Switching to next key...
2026-05-26 02:55:52,354 [WARNING] ⚠️ Error (401) hit on key index 2. Switching to next key...
2026-05-26 02:55:53,075 [WARNING] ⚠️ Rate limit hit on key index 3. Switching to next key...
2026-05-26 02:55:53,779 [WARNING] ⚠️ Rate limit hit on key index 4. Switching to next key...
2026-05-26 02:55:54,636 [WARNING] ⚠️ Rate limit hit on key index 5. Switching to next key...
2026-05-26 02:55:55,564 [WARNING] ⚠️ Rate limit hit on key index 0. Switching to next key...
2026-05-26 02:55:56,067 [WARNING] ⚠️ Rate limit hit on key index 1. Switching to next key...
2026-05-26 02:55:56,291 [WARNING] ⚠️ Error (401) hit on key index 2. Switching to next key...
2026-05-26 02:55:56,638 [ERROR] ❌ All Cohere API keys exhausted or rate limited.
2026-05-26 02:55:56,639 [ERROR] ❌ Cohere returned an empty response. Verify API Key limits or safety filters.
2026-05-26 02:55:56,640 [INFO] ✅ JSON store updated: /home/tomito/tomito seo (copy 1)/data/content/447273.json
2026-05-26 02:55:56,641 [INFO] ✅ movie 447273
2026-05-26 02:55:56,857 [WARNING] ⚠️ Rate limit hit on key index 3. Switching to next key...
2026-05-26 02:55:57,125 [WARNING] ⚠️ Rate limit hit on key index 4. Switching to next key...
2026-05-26 02:55:58,069 [ERROR] ❌ All Cohere API keys exhausted or rate limited.
2026-05-26 02:55:58,070 [ERROR] ❌ Cohere returned an empty response. Verify API Key limits or safety filters.
2026-05-26 02:55:58,071 [INFO] ✅ JSON store updated: /home/tomito/tomito seo (copy 1)/data/content/447277.json
2026-05-26 02:55:58,071 [INFO] ✅ movie 447277
2026-05-26 02:55:58,449 [WARNING] ⚠️ Rate limit hit on key index 5. Switching to next key...
2026-05-26 02:55:59,670 [WARNING] ⚠️ Rate limit hit on key index 0. Switching to next key...
2026-05-26 02:56:00,450 [ERROR] ❌ All Cohere API keys exhausted or rate limited.
2026-05-26 02:56:00,451 [ERROR] ❌ Cohere returned an empty response. Verify API Key limits or safety filters.
2026-05-26 02:56:00,452 [INFO] ✅ JSON store updated: /home/tomito/tomito seo (copy 1)/data/content/44896.json
2026-05-26 02:56:00,453 [INFO] ✅ movie 44896
2026-05-26 02:56:00,599 [WARNING] ⚠️ Rate limit hit on key index 1. Switching to next key...
2026-05-26 02:56:00,921 [WARNING] ⚠️ Rate limit hit on key index 2. Switching to next key...
2026-05-26 02:56:00,996 [WARNING] ⚠️ Rate limit hit on key index 3. Switching to next key...
2026-05-26 02:56:02,592 [WARNING] ⚠️ Rate limit hit on key index 4. Switching to next key...
2026-05-26 02:56:03,868 [WARNING] ⚠️ Rate limit hit on key index 5. Switching to next key...
2026-05-26 02:56:04,270 [WARNING] ⚠️ Rate limit hit on key index 0. Switching to next key...
2026-05-26 02:56:04,274 [WARNING] ⚠️ Rate limit hit on key index 1. Switching to next key...
2026-05-26 02:56:04,594 [ERROR] ❌ All Cohere API keys exhausted or rate limited.
2026-05-26 02:56:04,595 [ERROR] ❌ Cohere returned an empty response. Verify API Key limits or safety filters.
2026-05-26 02:56:04,596 [INFO] ✅ JSON store updated: /home/tomito/tomito seo (copy 1)/data/content/449443.json
2026-05-26 02:56:04,596 [INFO] ✅ movie 449443
2026-05-26 02:56:04,735 [WARNING] ⚠️ Rate limit hit on key index 2. Switching to next key...
2026-05-26 02:56:04,877 [WARNING] ⚠️ Rate limit hit on key index 3. Switching to next key...
2026-05-26 02:56:06,377 [WARNING] ⚠️ Rate limit hit on key index 4. Switching to next key...
2026-05-26 02:56:07,139 [WARNING] ⚠️ Rate limit hit on key index 5. Switching to next key...
2026-05-26 02:56:07,302 [WARNING] ⚠️ Rate limit hit on key index 0. Switching to next key...
2026-05-26 02:56:07,617 [WARNING] ⚠️ Rate limit hit on key index 1. Switching to next key...
2026-05-26 02:56:07,847 [WARNING] ⚠️ Rate limit hit on key index 2. Switching to next key...
2026-05-26 02:56:08,281 [WARNING] ⚠️ Rate limit hit on key index 3. Switching to next key...
2026-05-26 02:56:08,806 [WARNING] ⚠️ Rate limit hit on key index 4. Switching to next key...
2026-05-26 02:56:09,914 [WARNING] ⚠️ Rate limit hit on key index 5. Switching to next key...
2026-05-26 02:56:10,451 [WARNING] ⚠️ Rate limit hit on key index 0. Switching to next key...
2026-05-26 02:56:11,615 [WARNING] ⚠️ Rate limit hit on key index 1. Switching to next key...
2026-05-26 02:56:11,917 [ERROR] ❌ All Cohere API keys exhausted or rate limited.
2026-05-26 02:56:11,917 [ERROR] ❌ Cohere returned an empty response. Verify API Key limits or safety filters.
2026-05-26 02:56:11,919 [INFO] ✅ JSON store updated: /home/tomito/tomito seo (copy 1)/data/content/447332.json
2026-05-26 02:56:11,919 [INFO] ✅ movie 447332
2026-05-26 02:56:11,943 [INFO] 💾 Index saved — 600 / 1936 done
2026-05-26 02:56:12,261 [WARNING] ⚠️ Rate limit hit on key index 2. Switching to next key...
2026-05-26 02:56:13,021 [WARNING] ⚠️ Rate limit hit on key index 3. Switching to next key...
2026-05-26 02:56:14,502 [WARNING] ⚠️ Rate limit hit on key index 4. Switching to next key...
2026-05-26 02:56:14,974 [WARNING] ⚠️ Rate limit hit on key index 5. Switching to next key...
2026-05-26 02:56:15,427 [WARNING] ⚠️ Rate limit hit on key index 0. Switching to next key...
2026-05-26 02:56:16,784 [WARNING] ⚠️ Rate limit hit on key index 1. Switching to next key...
2026-05-26 02:56:18,348 [WARNING] ⚠️ Error (401) hit on key index 2. Switching to next key...
2026-05-26 02:56:19,583 [WARNING] ⚠️ Rate limit hit on key index 3. Switching to next key...
2026-05-26 02:56:19,717 [WARNING] ⚠️ Rate limit hit on key index 4. Switching to next key...
2026-05-26 02:56:20,003 [WARNING] ⚠️ Rate limit hit on key index 5. Switching to next key...
2026-05-26 02:56:20,062 [WARNING] ⚠️ Error (401) hit on key index 0. Switching to next key...
2026-05-26 02:56:21,034 [WARNING] ⚠️ Error (401) hit on key index 1. Switching to next key...
2026-05-26 02:56:21,585 [ERROR] ❌ All Cohere API keys exhausted or rate limited.
2026-05-26 02:56:21,586 [ERROR] ❌ Cohere returned an empty response. Verify API Key limits or safety filters.
2026-05-26 02:56:21,588 [INFO] ✅ JSON store updated: /home/tomito/tomito seo (copy 1)/data/content/453395.json
2026-05-26 02:56:21,588 [INFO] ✅ movie 453395
2026-05-26 02:56:22,005 [ERROR] ❌ All Cohere API keys exhausted or rate limited.
2026-05-26 02:56:22,006 [ERROR] ❌ Cohere returned an empty response. Verify API Key limits or safety filters.
2026-05-26 02:56:22,007 [INFO] ✅ JSON store updated: /home/tomito/tomito seo (copy 1)/data/content/447365.json
2026-05-26 02:56:22,008 [INFO] ✅ movie 447365
2026-05-26 02:56:22,018 [WARNING] ⚠️ Rate limit hit on key index 2. Switching to next key...
2026-05-26 02:56:22,844 [WARNING] ⚠️ Rate limit hit on key index 3. Switching to next key...
2026-05-26 02:56:24,029 [ERROR] ❌ All Cohere API keys exhausted or rate limited.
2026-05-26 02:56:24,030 [ERROR] ❌ Cohere returned an empty response. Verify API Key limits or safety filters.
2026-05-26 02:56:24,031 [INFO] ✅ JSON store updated: /home/tomito/tomito seo (copy 1)/data/content/454626.json
2026-05-26 02:56:24,032 [INFO] ✅ movie 454626
2026-05-26 02:56:25,258 [WARNING] ⚠️ Rate limit hit on key index 4. Switching to next key...
2026-05-26 02:56:25,801 [WARNING] ⚠️ Rate limit hit on key index 5. Switching to next key...
2026-05-26 02:56:28,133 [WARNING] ⚠️ Rate limit hit on key index 0. Switching to next key...
2026-05-26 02:56:28,275 [WARNING] ⚠️ Rate limit hit on key index 1. Switching to next key...
2026-05-26 02:56:28,513 [WARNING] ⚠️ Rate limit hit on key index 2. Switching to next key...
2026-05-26 02:56:29,481 [WARNING] ⚠️ Rate limit hit on key index 3. Switching to next key...
2026-05-26 02:56:30,371 [WARNING] ⚠️ Rate limit hit on key index 4. Switching to next key...
2026-05-26 02:56:30,514 [ERROR] ❌ All Cohere API keys exhausted or rate limited.
2026-05-26 02:56:30,515 [ERROR] ❌ Cohere returned an empty response. Verify API Key limits or safety filters.
2026-05-26 02:56:30,517 [INFO] ✅ JSON store updated: /home/tomito/tomito seo (copy 1)/data/content/451048.json
2026-05-26 02:56:30,517 [INFO] ✅ movie 451048
2026-05-26 02:56:31,037 [WARNING] ⚠️ Rate limit hit on key index 5. Switching to next key...
2026-05-26 02:56:31,551 [WARNING] ⚠️ Rate limit hit on key index 0. Switching to next key...
2026-05-26 02:56:32,501 [WARNING] ⚠️ Rate limit hit on key index 1. Switching to next key...
2026-05-26 02:56:32,868 [WARNING] ⚠️ Error (401) hit on key index 2. Switching to next key...
2026-05-26 02:56:34,093 [WARNING] ⚠️ Rate limit hit on key index 3. Switching to next key...
2026-05-26 02:56:34,401 [WARNING] ⚠️ Rate limit hit on key index 4. Switching to next key...
2026-05-26 02:56:34,436 [WARNING] ⚠️ Rate limit hit on key index 5. Switching to next key...
2026-05-26 02:56:36,296 [WARNING] ⚠️ Rate limit hit on key index 0. Switching to next key...
2026-05-26 02:56:36,594 [WARNING] ⚠️ Rate limit hit on key index 1. Switching to next key...
2026-05-26 02:56:37,065 [WARNING] ⚠️ Error (401) hit on key index 2. Switching to next key...
2026-05-26 02:56:37,485 [WARNING] ⚠️ Error (401) hit on key index 3. Switching to next key...
2026-05-26 02:56:37,736 [WARNING] ⚠️ Rate limit hit on key index 4. Switching to next key...
2026-05-26 02:56:37,939 [WARNING] ⚠️ Rate limit hit on key index 5. Switching to next key...
2026-05-26 02:56:37,965 [WARNING] ⚠️ Rate limit hit on key index 0. Switching to next key...
2026-05-26 02:56:38,298 [ERROR] ❌ All Cohere API keys exhausted or rate limited.
2026-05-26 02:56:38,299 [ERROR] ❌ Cohere returned an empty response. Verify API Key limits or safety filters.
2026-05-26 02:56:38,301 [INFO] ✅ JSON store updated: /home/tomito/tomito seo (copy 1)/data/content/458156.json
2026-05-26 02:56:38,301 [INFO] ✅ movie 458156
2026-05-26 02:56:39,036 [WARNING] ⚠️ Error (401) hit on key index 1. Switching to next key...
2026-05-26 02:56:39,037 [ERROR] ❌ All Cohere API keys exhausted or rate limited.
2026-05-26 02:56:39,037 [ERROR] ❌ Cohere returned an empty response. Verify API Key limits or safety filters.
2026-05-26 02:56:39,038 [INFO] ✅ JSON store updated: /home/tomito/tomito seo (copy 1)/data/content/4584.json
2026-05-26 02:56:39,038 [INFO] ✅ movie 4584
2026-05-26 02:56:41,223 [WARNING] ⚠️ Rate limit hit on key index 2. Switching to next key...
2026-05-26 02:56:41,599 [WARNING] ⚠️ Rate limit hit on key index 3. Switching to next key...
2026-05-26 02:56:41,980 [WARNING] ⚠️ Rate limit hit on key index 4. Switching to next key...
2026-05-26 02:56:42,866 [WARNING] ⚠️ Rate limit hit on key index 5. Switching to next key...
2026-05-26 02:56:43,226 [ERROR] ❌ All Cohere API keys exhausted or rate limited.
2026-05-26 02:56:43,227 [ERROR] ❌ Cohere returned an empty response. Verify API Key limits or safety filters.
2026-05-26 02:56:43,228 [INFO] ✅ JSON store updated: /home/tomito/tomito seo (copy 1)/data/content/458293.json
2026-05-26 02:56:43,228 [INFO] ✅ movie 458293
2026-05-26 02:56:43,602 [ERROR] ❌ All Cohere API keys exhausted or rate limited.
2026-05-26 02:56:43,603 [ERROR] ❌ Cohere returned an empty response. Verify API Key limits or safety filters.
2026-05-26 02:56:43,604 [INFO] ✅ JSON store updated: /home/tomito/tomito seo (copy 1)/data/content/459151.json
2026-05-26 02:56:43,605 [INFO] ✅ movie 459151
2026-05-26 02:56:45,426 [WARNING] ⚠️ Rate limit hit on key index 0. Switching to next key...
2026-05-26 02:56:45,820 [WARNING] ⚠️ Rate limit hit on key index 1. Switching to next key...
2026-05-26 02:56:47,758 [WARNING] ⚠️ Rate limit hit on key index 2. Switching to next key...
2026-05-26 02:56:47,808 [INFO] Mirrored asset: 5Jx9VyVPiK9GQ7ouKLkTUYnZSQ4.jpg
2026-05-26 02:56:48,049 [WARNING] ⚠️ Rate limit hit on key index 3. Switching to next key...
2026-05-26 02:56:48,579 [WARNING] ⚠️ Rate limit hit on key index 4. Switching to next key...
2026-05-26 02:56:50,658 [WARNING] ⚠️ Rate limit hit on key index 5. Switching to next key...
2026-05-26 02:56:50,968 [WARNING] ⚠️ Rate limit hit on key index 0. Switching to next key...
2026-05-26 02:56:51,578 [WARNING] ⚠️ Rate limit hit on key index 1. Switching to next key...
2026-05-26 02:56:52,022 [WARNING] ⚠️ Rate limit hit on key index 2. Switching to next key...
2026-05-26 02:56:52,338 [WARNING] ⚠️ Rate limit hit on key index 3. Switching to next key...
2026-05-26 02:56:54,967 [WARNING] ⚠️ Rate limit hit on key index 4. Switching to next key...
2026-05-26 02:56:55,060 [WARNING] ⚠️ Rate limit hit on key index 5. Switching to next key...
2026-05-26 02:56:55,113 [WARNING] ⚠️ Rate limit hit on key index 0. Switching to next key...
2026-05-26 02:56:55,805 [WARNING] ⚠️ Rate limit hit on key index 1. Switching to next key...
2026-05-26 02:56:57,806 [ERROR] ❌ All Cohere API keys exhausted or rate limited.
2026-05-26 02:56:57,807 [ERROR] ❌ Cohere returned an empty response. Verify API Key limits or safety filters.
2026-05-26 02:56:57,808 [INFO] ✅ JSON store updated: /home/tomito/tomito seo (copy 1)/data/content/460465.json
2026-05-26 02:56:57,808 [INFO] ✅ movie 460465
2026-05-26 02:56:58,297 [WARNING] ⚠️ Rate limit hit on key index 2. Switching to next key...
2026-05-26 02:56:58,571 [WARNING] ⚠️ Rate limit hit on key index 3. Switching to next key...
2026-05-26 02:56:58,924 [WARNING] ⚠️ Rate limit hit on key index 4. Switching to next key...
2026-05-26 02:56:59,075 [WARNING] ⚠️ Rate limit hit on key index 5. Switching to next key...
2026-05-26 02:57:01,225 [WARNING] ⚠️ Rate limit hit on key index 0. Switching to next key...
2026-05-26 02:57:01,587 [WARNING] ⚠️ Rate limit hit on key index 1. Switching to next key...
2026-05-26 02:57:01,951 [WARNING] ⚠️ Error (401) hit on key index 2. Switching to next key...
2026-05-26 02:57:02,166 [WARNING] ⚠️ Rate limit hit on key index 3. Switching to next key...
2026-05-26 02:57:02,386 [WARNING] ⚠️ Rate limit hit on key index 4. Switching to next key...
2026-05-26 02:57:02,735 [WARNING] ⚠️ Rate limit hit on key index 5. Switching to next key...
2026-05-26 02:57:04,115 [WARNING] ⚠️ Rate limit hit on key index 0. Switching to next key...
2026-05-26 02:57:04,232 [WARNING] ⚠️ Rate limit hit on key index 1. Switching to next key...
2026-05-26 02:57:04,576 [WARNING] ⚠️ Error (401) hit on key index 2. Switching to next key...
2026-05-26 02:57:04,738 [ERROR] ❌ All Cohere API keys exhausted or rate limited.
2026-05-26 02:57:04,738 [ERROR] ❌ Cohere returned an empty response. Verify API Key limits or safety filters.
2026-05-26 02:57:04,740 [INFO] ✅ JSON store updated: /home/tomito/tomito seo (copy 1)/data/content/466272.json
2026-05-26 02:57:04,740 [INFO] ✅ movie 466272
2026-05-26 02:57:04,830 [WARNING] ⚠️ Rate limit hit on key index 3. Switching to next key...
2026-05-26 02:57:06,234 [ERROR] ❌ All Cohere API keys exhausted or rate limited.
2026-05-26 02:57:06,235 [ERROR] ❌ Cohere returned an empty response. Verify API Key limits or safety filters.
2026-05-26 02:57:06,238 [INFO] ✅ JSON store updated: /home/tomito/tomito seo (copy 1)/data/content/466420.json
2026-05-26 02:57:06,238 [INFO] ✅ movie 466420
2026-05-26 02:57:06,814 [WARNING] ⚠️ Rate limit hit on key index 4. Switching to next key...
2026-05-26 02:57:07,542 [WARNING] ⚠️ Rate limit hit on key index 5. Switching to next key...
2026-05-26 02:57:08,038 [WARNING] ⚠️ Rate limit hit on key index 0. Switching to next key...
2026-05-26 02:57:08,816 [ERROR] ❌ All Cohere API keys exhausted or rate limited.
2026-05-26 02:57:08,816 [ERROR] ❌ Cohere returned an empty response. Verify API Key limits or safety filters.
2026-05-26 02:57:08,818 [INFO] ✅ JSON store updated: /home/tomito/tomito seo (copy 1)/data/content/474395.json
2026-05-26 02:57:08,818 [INFO] ✅ movie 474395
2026-05-26 02:57:10,500 [WARNING] ⚠️ Error (401) hit on key index 1. Switching to next key...
2026-05-26 02:57:10,855 [WARNING] ⚠️ Error (401) hit on key index 2. Switching to next key...
2026-05-26 02:57:11,388 [WARNING] ⚠️ Rate limit hit on key index 3. Switching to next key...
2026-05-26 02:57:12,101 [WARNING] ⚠️ Rate limit hit on key index 4. Switching to next key...
2026-05-26 02:57:12,415 [WARNING] ⚠️ Error (401) hit on key index 5. Switching to next key...
2026-05-26 02:57:13,390 [ERROR] ❌ All Cohere API keys exhausted or rate limited.
2026-05-26 02:57:13,391 [ERROR] ❌ Cohere returned an empty response. Verify API Key limits or safety filters.
2026-05-26 02:57:13,392 [INFO] ✅ JSON store updated: /home/tomito/tomito seo (copy 1)/data/content/472674.json
2026-05-26 02:57:13,392 [INFO] ✅ movie 472674
2026-05-26 02:57:13,894 [WARNING] ⚠️ Rate limit hit on key index 0. Switching to next key...
2026-05-26 02:57:14,506 [WARNING] ⚠️ Error (401) hit on key index 1. Switching to next key...
2026-05-26 02:57:15,682 [INFO] Mirrored asset: rm3Dl8DWYGO3UQ3w2kju62L9rkn.jpg
2026-05-26 02:57:15,687 [WARNING] ⚠️ Rate limit hit on key index 2. Switching to next key...
2026-05-26 02:57:15,970 [WARNING] ⚠️ Rate limit hit on key index 3. Switching to next key...
2026-05-26 02:57:16,197 [WARNING] ⚠️ Rate limit hit on key index 4. Switching to next key...
2026-05-26 02:57:16,566 [WARNING] ⚠️ Rate limit hit on key index 5. Switching to next key...
2026-05-26 02:57:17,455 [ERROR] Cohere API Error: HTTPSConnectionPool(host='api.cohere.com', port=443): Read timed out. (read timeout=60)
2026-05-26 02:57:17,455 [ERROR] ❌ Cohere returned an empty response. Verify API Key limits or safety filters.
2026-05-26 02:57:17,457 [INFO] ✅ JSON store updated: /home/tomito/tomito seo (copy 1)/data/content/453.json
2026-05-26 02:57:17,457 [INFO] ✅ movie 453
2026-05-26 02:57:17,690 [ERROR] ❌ All Cohere API keys exhausted or rate limited.
2026-05-26 02:57:17,691 [ERROR] ❌ Cohere returned an empty response. Verify API Key limits or safety filters.
2026-05-26 02:57:17,692 [INFO] ✅ JSON store updated: /home/tomito/tomito seo (copy 1)/data/content/475557.json
2026-05-26 02:57:17,692 [INFO] ✅ movie 475557
2026-05-26 02:57:17,889 [WARNING] ⚠️ Rate limit hit on key index 0. Switching to next key...
2026-05-26 02:57:19,142 [WARNING] ⚠️ Error (401) hit on key index 1. Switching to next key...
2026-05-26 02:57:19,223 [WARNING] ⚠️ Error (401) hit on key index 2. Switching to next key...
2026-05-26 02:57:20,255 [WARNING] ⚠️ Rate limit hit on key index 3. Switching to next key...
2026-05-26 02:57:21,319 [WARNING] ⚠️ Rate limit hit on key index 4. Switching to next key...
2026-05-26 02:57:21,580 [WARNING] ⚠️ Rate limit hit on key index 5. Switching to next key...
2026-05-26 02:57:21,793 [WARNING] ⚠️ Rate limit hit on key index 0. Switching to next key...
2026-05-26 02:57:22,258 [ERROR] ❌ All Cohere API keys exhausted or rate limited.
2026-05-26 02:57:22,258 [ERROR] ❌ Cohere returned an empty response. Verify API Key limits or safety filters.
2026-05-26 02:57:22,260 [INFO] ✅ JSON store updated: /home/tomito/tomito seo (copy 1)/data/content/47648.json
2026-05-26 02:57:22,260 [INFO] ✅ movie 47648
2026-05-26 02:57:23,390 [WARNING] ⚠️ Error (401) hit on key index 1. Switching to next key...
2026-05-26 02:57:23,797 [ERROR] ❌ All Cohere API keys exhausted or rate limited.
2026-05-26 02:57:23,797 [ERROR] ❌ Cohere returned an empty response. Verify API Key limits or safety filters.
2026-05-26 02:57:23,799 [INFO] ✅ JSON store updated: /home/tomito/tomito seo (copy 1)/data/content/476299.json
2026-05-26 02:57:23,799 [INFO] ✅ movie 476299
2026-05-26 02:57:23,876 [WARNING] ⚠️ Error (401) hit on key index 2. Switching to next key...
2026-05-26 02:57:24,564 [WARNING] ⚠️ Rate limit hit on key index 3. Switching to next key...
2026-05-26 02:57:25,907 [WARNING] ⚠️ Rate limit hit on key index 4. Switching to next key...
2026-05-26 02:57:27,439 [WARNING] ⚠️ Rate limit hit on key index 5. Switching to next key...
2026-05-26 02:57:27,708 [WARNING] ⚠️ Rate limit hit on key index 0. Switching to next key...
2026-05-26 02:57:28,505 [WARNING] ⚠️ Error (401) hit on key index 1. Switching to next key...
2026-05-26 02:57:32,542 [WARNING] ⚠️ Error (401) hit on key index 2. Switching to next key...
2026-05-26 02:57:32,999 [WARNING] ⚠️ Rate limit hit on key index 3. Switching to next key...
2026-05-26 02:57:33,054 [WARNING] ⚠️ Rate limit hit on key index 4. Switching to next key...
2026-05-26 02:57:33,418 [WARNING] ⚠️ Rate limit hit on key index 5. Switching to next key...
2026-05-26 02:57:34,334 [WARNING] ⚠️ Rate limit hit on key index 0. Switching to next key...
2026-05-26 02:57:36,234 [WARNING] ⚠️ Error (401) hit on key index 1. Switching to next key...
2026-05-26 02:57:36,313 [WARNING] ⚠️ Error (401) hit on key index 2. Switching to next key...
2026-05-26 02:57:36,825 [WARNING] ⚠️ Rate limit hit on key index 3. Switching to next key...
2026-05-26 02:57:37,257 [WARNING] ⚠️ Error (401) hit on key index 4. Switching to next key...
2026-05-26 02:57:37,685 [WARNING] ⚠️ Rate limit hit on key index 5. Switching to next key...
2026-05-26 02:57:37,906 [WARNING] ⚠️ Rate limit hit on key index 0. Switching to next key...
2026-05-26 02:57:38,014 [WARNING] ⚠️ Rate limit hit on key index 1. Switching to next key...
2026-05-26 02:57:38,298 [WARNING] ⚠️ Rate limit hit on key index 2. Switching to next key...
2026-05-26 02:57:39,574 [WARNING] ⚠️ Rate limit hit on key index 3. Switching to next key...
2026-05-26 02:57:39,686 [ERROR] ❌ All Cohere API keys exhausted or rate limited.
2026-05-26 02:57:39,687 [ERROR] ❌ Cohere returned an empty response. Verify API Key limits or safety filters.
2026-05-26 02:57:39,688 [INFO] ✅ JSON store updated: /home/tomito/tomito seo (copy 1)/data/content/479197.json
2026-05-26 02:57:39,688 [INFO] ✅ movie 479197
2026-05-26 02:57:39,776 [WARNING] ⚠️ Rate limit hit on key index 4. Switching to next key...
2026-05-26 02:57:40,014 [ERROR] ❌ All Cohere API keys exhausted or rate limited.
2026-05-26 02:57:40,015 [ERROR] ❌ Cohere returned an empty response. Verify API Key limits or safety filters.
2026-05-26 02:57:40,016 [INFO] ✅ JSON store updated: /home/tomito/tomito seo (copy 1)/data/content/4771.json
2026-05-26 02:57:40,016 [INFO] ✅ movie 4771
2026-05-26 02:57:41,322 [WARNING] ⚠️ Rate limit hit on key index 5. Switching to next key...
2026-05-26 02:57:42,682 [WARNING] ⚠️ Rate limit hit on key index 0. Switching to next key...
2026-05-26 02:57:42,964 [WARNING] ⚠️ Rate limit hit on key index 1. Switching to next key...
2026-05-26 02:57:43,322 [ERROR] ❌ All Cohere API keys exhausted or rate limited.
2026-05-26 02:57:43,323 [ERROR] ❌ Cohere returned an empty response. Verify API Key limits or safety filters.
2026-05-26 02:57:43,324 [INFO] ✅ JSON store updated: /home/tomito/tomito seo (copy 1)/data/content/476669.json
2026-05-26 02:57:43,325 [INFO] ✅ movie 476669
2026-05-26 02:57:43,387 [INFO] 💾 Index saved — 620 / 1936 done
2026-05-26 02:57:43,533 [WARNING] ⚠️ Rate limit hit on key index 2. Switching to next key...
2026-05-26 02:57:44,608 [WARNING] ⚠️ Rate limit hit on key index 3. Switching to next key...
2026-05-26 02:57:44,969 [ERROR] ❌ All Cohere API keys exhausted or rate limited.
2026-05-26 02:57:44,969 [ERROR] ❌ Cohere returned an empty response. Verify API Key limits or safety filters.
2026-05-26 02:57:44,971 [INFO] ✅ JSON store updated: /home/tomito/tomito seo (copy 1)/data/content/47971.json
2026-05-26 02:57:44,971 [INFO] ✅ movie 47971
2026-05-26 02:57:46,089 [WARNING] ⚠️ Rate limit hit on key index 4. Switching to next key...
2026-05-26 02:57:46,415 [WARNING] ⚠️ Rate limit hit on key index 5. Switching to next key...
2026-05-26 02:57:46,650 [WARNING] ⚠️ Rate limit hit on key index 0. Switching to next key...
2026-05-26 02:57:48,367 [WARNING] ⚠️ Rate limit hit on key index 1. Switching to next key...
2026-05-26 02:57:48,740 [WARNING] ⚠️ Rate limit hit on key index 2. Switching to next key...
2026-05-26 02:57:49,076 [WARNING] ⚠️ Error (401) hit on key index 3. Switching to next key...
2026-05-26 02:57:49,477 [WARNING] ⚠️ Rate limit hit on key index 4. Switching to next key...
2026-05-26 02:57:50,163 [WARNING] ⚠️ Rate limit hit on key index 5. Switching to next key...
2026-05-26 02:57:50,269 [WARNING] ⚠️ Rate limit hit on key index 0. Switching to next key...
2026-05-26 02:57:50,624 [WARNING] ⚠️ Rate limit hit on key index 1. Switching to next key...
2026-05-26 02:57:51,107 [WARNING] ⚠️ Error (401) hit on key index 2. Switching to next key...
2026-05-26 02:57:51,432 [WARNING] ⚠️ Rate limit hit on key index 3. Switching to next key...
2026-05-26 02:57:51,555 [WARNING] ⚠️ Rate limit hit on key index 4. Switching to next key...
2026-05-26 02:57:51,898 [WARNING] ⚠️ Rate limit hit on key index 5. Switching to next key...
2026-05-26 02:57:52,655 [WARNING] ⚠️ Rate limit hit on key index 0. Switching to next key...
2026-05-26 02:57:52,812 [WARNING] ⚠️ Rate limit hit on key index 1. Switching to next key...
2026-05-26 02:57:53,057 [WARNING] ⚠️ Rate limit hit on key index 2. Switching to next key...
2026-05-26 02:57:53,434 [ERROR] ❌ All Cohere API keys exhausted or rate limited.
2026-05-26 02:57:53,435 [ERROR] ❌ Cohere returned an empty response. Verify API Key limits or safety filters.
2026-05-26 02:57:53,436 [INFO] ✅ JSON store updated: /home/tomito/tomito seo (copy 1)/data/content/481848.json
2026-05-26 02:57:53,436 [INFO] ✅ movie 481848
2026-05-26 02:57:54,014 [WARNING] ⚠️ Rate limit hit on key index 3. Switching to next key...
2026-05-26 02:57:54,426 [WARNING] ⚠️ Rate limit hit on key index 4. Switching to next key...
2026-05-26 02:57:55,405 [WARNING] ⚠️ Rate limit hit on key index 5. Switching to next key...
2026-05-26 02:57:55,961 [WARNING] ⚠️ Rate limit hit on key index 0. Switching to next key...
2026-05-26 02:57:56,433 [ERROR] ❌ All Cohere API keys exhausted or rate limited.
2026-05-26 02:57:56,433 [ERROR] ❌ Cohere returned an empty response. Verify API Key limits or safety filters.
2026-05-26 02:57:56,435 [INFO] ✅ JSON store updated: /home/tomito/tomito seo (copy 1)/data/content/4879.json
2026-05-26 02:57:56,435 [INFO] ✅ movie 4879
2026-05-26 02:57:57,017 [WARNING] ⚠️ Error (401) hit on key index 1. Switching to next key...
2026-05-26 02:57:57,497 [WARNING] ⚠️ Rate limit hit on key index 2. Switching to next key...
2026-05-26 02:57:57,654 [WARNING] ⚠️ Error (401) hit on key index 3. Switching to next key...
2026-05-26 02:57:57,654 [ERROR] ❌ All Cohere API keys exhausted or rate limited.
2026-05-26 02:57:57,655 [ERROR] ❌ Cohere returned an empty response. Verify API Key limits or safety filters.
2026-05-26 02:57:57,656 [INFO] ✅ JSON store updated: /home/tomito/tomito seo (copy 1)/data/content/49013.json
2026-05-26 02:57:57,656 [INFO] ✅ movie 49013
2026-05-26 02:57:57,951 [WARNING] ⚠️ Rate limit hit on key index 4. Switching to next key...
2026-05-26 02:57:58,681 [WARNING] ⚠️ Rate limit hit on key index 5. Switching to next key...
2026-05-26 02:57:58,787 [WARNING] ⚠️ Rate limit hit on key index 0. Switching to next key...
2026-05-26 02:57:59,340 [WARNING] ⚠️ Error (401) hit on key index 1. Switching to next key...
2026-05-26 02:57:59,788 [WARNING] ⚠️ Rate limit hit on key index 2. Switching to next key...
2026-05-26 02:58:00,153 [WARNING] ⚠️ Rate limit hit on key index 3. Switching to next key...
2026-05-26 02:58:00,823 [WARNING] ⚠️ Rate limit hit on key index 4. Switching to next key...
2026-05-26 02:58:01,182 [WARNING] ⚠️ Rate limit hit on key index 5. Switching to next key...
2026-05-26 02:58:01,666 [WARNING] ⚠️ Rate limit hit on key index 0. Switching to next key...
2026-05-26 02:58:02,403 [WARNING] ⚠️ Error (401) hit on key index 1. Switching to next key...
2026-05-26 02:58:02,571 [WARNING] ⚠️ Error (401) hit on key index 2. Switching to next key...
2026-05-26 02:58:02,825 [ERROR] ❌ All Cohere API keys exhausted or rate limited.
2026-05-26 02:58:02,825 [ERROR] ❌ Cohere returned an empty response. Verify API Key limits or safety filters.
2026-05-26 02:58:02,826 [INFO] ✅ JSON store updated: /home/tomito/tomito seo (copy 1)/data/content/490132.json
2026-05-26 02:58:02,827 [INFO] ✅ movie 490132
2026-05-26 02:58:03,148 [WARNING] ⚠️ Rate limit hit on key index 3. Switching to next key...
2026-05-26 02:58:03,671 [WARNING] ⚠️ Rate limit hit on key index 4. Switching to next key...
2026-05-26 02:58:03,672 [ERROR] ❌ All Cohere API keys exhausted or rate limited.
2026-05-26 02:58:03,672 [ERROR] ❌ Cohere returned an empty response. Verify API Key limits or safety filters.
2026-05-26 02:58:03,674 [INFO] ✅ JSON store updated: /home/tomito/tomito seo (copy 1)/data/content/489.json
2026-05-26 02:58:03,674 [INFO] ✅ movie 489
2026-05-26 02:58:04,354 [WARNING] ⚠️ Rate limit hit on key index 5. Switching to next key...
2026-05-26 02:58:05,678 [ERROR] ❌ All Cohere API keys exhausted or rate limited.
2026-05-26 02:58:05,679 [ERROR] ❌ Cohere returned an empty response. Verify API Key limits or safety filters.
2026-05-26 02:58:05,680 [INFO] ✅ JSON store updated: /home/tomito/tomito seo (copy 1)/data/content/49026.json
2026-05-26 02:58:05,681 [INFO] ✅ movie 49026
2026-05-26 02:58:06,149 [WARNING] ⚠️ Rate limit hit on key index 0. Switching to next key...
2026-05-26 02:58:06,804 [WARNING] ⚠️ Rate limit hit on key index 1. Switching to next key...
2026-05-26 02:58:07,534 [WARNING] ⚠️ Error (401) hit on key index 2. Switching to next key...
2026-05-26 02:58:07,534 [ERROR] ❌ All Cohere API keys exhausted or rate limited.
2026-05-26 02:58:07,534 [ERROR] ❌ Cohere returned an empty response. Verify API Key limits or safety filters.
2026-05-26 02:58:07,536 [INFO] ✅ JSON store updated: /home/tomito/tomito seo (copy 1)/data/content/49051.json
2026-05-26 02:58:07,536 [INFO] ✅ movie 49051
2026-05-26 02:58:07,568 [WARNING] ⚠️ Error (401) hit on key index 3. Switching to next key...
2026-05-26 02:58:08,694 [WARNING] ⚠️ Rate limit hit on key index 4. Switching to next key...
2026-05-26 02:58:09,758 [WARNING] ⚠️ Rate limit hit on key index 5. Switching to next key...
2026-05-26 02:58:10,147 [WARNING] ⚠️ Rate limit hit on key index 0. Switching to next key...
2026-05-26 02:58:12,052 [WARNING] ⚠️ Error (401) hit on key index 1. Switching to next key...
2026-05-26 02:58:12,063 [INFO] Mirrored asset: v7UF7ypAqjsFZFdjksjQ7IUpXdn.jpg
2026-05-26 02:58:12,150 [ERROR] ❌ All Cohere API keys exhausted or rate limited.
2026-05-26 02:58:12,150 [ERROR] ❌ Cohere returned an empty response. Verify API Key limits or safety filters.
2026-05-26 02:58:12,152 [INFO] ✅ JSON store updated: /home/tomito/tomito seo (copy 1)/data/content/4933.json
2026-05-26 02:58:12,152 [INFO] ✅ movie 4933
2026-05-26 02:58:13,271 [WARNING] ⚠️ Error (401) hit on key index 2. Switching to next key...
2026-05-26 02:58:13,399 [WARNING] ⚠️ Rate limit hit on key index 3. Switching to next key...
2026-05-26 02:58:13,445 [WARNING] ⚠️ Rate limit hit on key index 4. Switching to next key...
2026-05-26 02:58:15,691 [WARNING] ⚠️ Rate limit hit on key index 5. Switching to next key...
2026-05-26 02:58:15,909 [WARNING] ⚠️ Rate limit hit on key index 0. Switching to next key...
2026-05-26 02:58:16,165 [WARNING] ⚠️ Rate limit hit on key index 1. Switching to next key...
2026-05-26 02:58:16,367 [WARNING] ⚠️ Rate limit hit on key index 2. Switching to next key...
2026-05-26 02:58:19,052 [WARNING] ⚠️ Rate limit hit on key index 3. Switching to next key...
2026-05-26 02:58:19,635 [WARNING] ⚠️ Rate limit hit on key index 4. Switching to next key...
2026-05-26 02:58:19,769 [WARNING] ⚠️ Rate limit hit on key index 5. Switching to next key...
2026-05-26 02:58:19,777 [WARNING] ⚠️ Rate limit hit on key index 0. Switching to next key...
2026-05-26 02:58:19,804 [WARNING] ⚠️ Error (401) hit on key index 1. Switching to next key...
2026-05-26 02:58:21,410 [WARNING] ⚠️ Rate limit hit on key index 2. Switching to next key...
2026-05-26 02:58:22,120 [WARNING] ⚠️ Rate limit hit on key index 3. Switching to next key...
2026-05-26 02:58:22,350 [WARNING] ⚠️ Rate limit hit on key index 4. Switching to next key...
2026-05-26 02:58:22,689 [WARNING] ⚠️ Rate limit hit on key index 5. Switching to next key...
2026-05-26 02:58:23,045 [WARNING] ⚠️ Rate limit hit on key index 0. Switching to next key...
2026-05-26 02:58:24,122 [ERROR] ❌ All Cohere API keys exhausted or rate limited.
2026-05-26 02:58:24,123 [ERROR] ❌ Cohere returned an empty response. Verify API Key limits or safety filters.
2026-05-26 02:58:24,124 [INFO] ✅ JSON store updated: /home/tomito/tomito seo (copy 1)/data/content/49444.json
2026-05-26 02:58:24,125 [INFO] ✅ movie 49444
2026-05-26 02:58:25,737 [WARNING] ⚠️ Error (401) hit on key index 1. Switching to next key...
2026-05-26 02:58:25,983 [WARNING] ⚠️ Error (401) hit on key index 2. Switching to next key...
2026-05-26 02:58:26,115 [WARNING] ⚠️ Error (401) hit on key index 3. Switching to next key...
2026-05-26 02:58:26,118 [ERROR] ❌ All Cohere API keys exhausted or rate limited.
2026-05-26 02:58:26,118 [ERROR] ❌ Cohere returned an empty response. Verify API Key limits or safety filters.
2026-05-26 02:58:26,122 [INFO] ✅ JSON store updated: /home/tomito/tomito seo (copy 1)/data/content/49519.json
2026-05-26 02:58:26,127 [INFO] ✅ movie 49519
2026-05-26 02:58:26,410 [WARNING] ⚠️ Error (401) hit on key index 4. Switching to next key...
2026-05-26 02:58:26,891 [WARNING] ⚠️ Rate limit hit on key index 5. Switching to next key...
2026-05-26 02:58:27,255 [WARNING] ⚠️ Rate limit hit on key index 0. Switching to next key...
2026-05-26 02:58:27,397 [WARNING] ⚠️ Rate limit hit on key index 1. Switching to next key...
2026-05-26 02:58:28,205 [WARNING] ⚠️ Rate limit hit on key index 2. Switching to next key...
2026-05-26 02:58:28,894 [ERROR] ❌ All Cohere API keys exhausted or rate limited.
2026-05-26 02:58:28,894 [ERROR] ❌ Cohere returned an empty response. Verify API Key limits or safety filters.
2026-05-26 02:58:28,896 [INFO] ✅ JSON store updated: /home/tomito/tomito seo (copy 1)/data/content/4935.json
2026-05-26 02:58:28,896 [INFO] ✅ movie 4935
2026-05-26 02:58:29,256 [ERROR] ❌ All Cohere API keys exhausted or rate limited.
2026-05-26 02:58:29,257 [ERROR] ❌ Cohere returned an empty response. Verify API Key limits or safety filters.
2026-05-26 02:58:29,258 [INFO] ✅ JSON store updated: /home/tomito/tomito seo (copy 1)/data/content/493529.json
2026-05-26 02:58:29,258 [INFO] ✅ movie 493529
2026-05-26 02:58:29,287 [WARNING] ⚠️ Rate limit hit on key index 3. Switching to next key...
2026-05-26 02:58:30,088 [WARNING] ⚠️ Rate limit hit on key index 4. Switching to next key...
2026-05-26 02:58:32,481 [WARNING] ⚠️ Rate limit hit on key index 5. Switching to next key...
2026-05-26 02:58:32,500 [WARNING] ⚠️ Rate limit hit on key index 0. Switching to next key...
2026-05-26 02:58:32,528 [WARNING] ⚠️ Rate limit hit on key index 1. Switching to next key...
2026-05-26 02:58:33,085 [WARNING] ⚠️ Rate limit hit on key index 2. Switching to next key...
2026-05-26 02:58:33,249 [WARNING] ⚠️ Rate limit hit on key index 3. Switching to next key...
2026-05-26 02:58:33,365 [WARNING] ⚠️ Rate limit hit on key index 4. Switching to next key...
2026-05-26 02:58:34,502 [ERROR] ❌ All Cohere API keys exhausted or rate limited.
2026-05-26 02:58:34,503 [ERROR] ❌ Cohere returned an empty response. Verify API Key limits or safety filters.
2026-05-26 02:58:34,504 [INFO] ✅ JSON store updated: /home/tomito/tomito seo (copy 1)/data/content/49521.json
2026-05-26 02:58:34,504 [INFO] ✅ movie 49521
2026-05-26 02:58:35,739 [WARNING] ⚠️ Rate limit hit on key index 5. Switching to next key...
2026-05-26 02:58:35,942 [WARNING] ⚠️ Rate limit hit on key index 0. Switching to next key...
2026-05-26 02:58:36,316 [WARNING] ⚠️ Rate limit hit on key index 1. Switching to next key...
2026-05-26 02:58:36,530 [WARNING] ⚠️ Rate limit hit on key index 2. Switching to next key...
2026-05-26 02:58:37,088 [WARNING] ⚠️ Rate limit hit on key index 3. Switching to next key...
2026-05-26 02:58:38,171 [WARNING] ⚠️ Rate limit hit on key index 4. Switching to next key...
2026-05-26 02:58:38,356 [WARNING] ⚠️ Rate limit hit on key index 5. Switching to next key...
2026-05-26 02:58:38,758 [WARNING] ⚠️ Rate limit hit on key index 0. Switching to next key...
2026-05-26 02:58:39,028 [WARNING] ⚠️ Rate limit hit on key index 1. Switching to next key...
2026-05-26 02:58:39,422 [WARNING] ⚠️ Rate limit hit on key index 2. Switching to next key...
2026-05-26 02:58:39,562 [WARNING] ⚠️ Rate limit hit on key index 3. Switching to next key...
2026-05-26 02:58:41,300 [WARNING] ⚠️ Rate limit hit on key index 4. Switching to next key...
2026-05-26 02:58:41,520 [WARNING] ⚠️ Rate limit hit on key index 5. Switching to next key...
2026-05-26 02:58:41,559 [WARNING] ⚠️ Rate limit hit on key index 0. Switching to next key...
2026-05-26 02:58:41,733 [WARNING] ⚠️ Rate limit hit on key index 1. Switching to next key...
2026-05-26 02:58:42,153 [WARNING] ⚠️ Error (401) hit on key index 2. Switching to next key...
2026-05-26 02:58:42,178 [WARNING] ⚠️ Rate limit hit on key index 3. Switching to next key...
2026-05-26 02:58:42,578 [WARNING] ⚠️ Rate limit hit on key index 4. Switching to next key...
2026-05-26 02:58:44,179 [ERROR] ❌ All Cohere API keys exhausted or rate limited.
2026-05-26 02:58:44,179 [ERROR] ❌ Cohere returned an empty response. Verify API Key limits or safety filters.
2026-05-26 02:58:44,180 [INFO] ✅ JSON store updated: /home/tomito/tomito seo (copy 1)/data/content/49529.json
2026-05-26 02:58:44,181 [INFO] ✅ movie 49529
2026-05-26 02:58:44,656 [WARNING] ⚠️ Rate limit hit on key index 5. Switching to next key...
2026-05-26 02:58:45,209 [WARNING] ⚠️ Rate limit hit on key index 0. Switching to next key...
2026-05-26 02:58:45,295 [WARNING] ⚠️ Rate limit hit on key index 1. Switching to next key...
2026-05-26 02:58:47,122 [WARNING] ⚠️ Rate limit hit on key index 2. Switching to next key...
2026-05-26 02:58:47,210 [ERROR] ❌ All Cohere API keys exhausted or rate limited.
2026-05-26 02:58:47,211 [ERROR] ❌ Cohere returned an empty response. Verify API Key limits or safety filters.
2026-05-26 02:58:47,212 [INFO] ✅ JSON store updated: /home/tomito/tomito seo (copy 1)/data/content/497.json
2026-05-26 02:58:47,212 [INFO] ✅ movie 497
2026-05-26 02:58:48,221 [WARNING] ⚠️ Rate limit hit on key index 3. Switching to next key...
2026-05-26 02:58:49,820 [WARNING] ⚠️ Rate limit hit on key index 4. Switching to next key...
2026-05-26 02:58:50,222 [ERROR] ❌ All Cohere API keys exhausted or rate limited.
2026-05-26 02:58:50,223 [ERROR] ❌ Cohere returned an empty response. Verify API Key limits or safety filters.
2026-05-26 02:58:50,224 [INFO] ✅ JSON store updated: /home/tomito/tomito seo (copy 1)/data/content/496243.json
2026-05-26 02:58:50,225 [INFO] ✅ movie 496243
2026-05-26 02:58:51,984 [WARNING] ⚠️ Rate limit hit on key index 5. Switching to next key...
2026-05-26 02:58:52,521 [WARNING] ⚠️ Rate limit hit on key index 0. Switching to next key...
2026-05-26 02:58:53,588 [INFO] Mirrored asset: 7fIoEnnhZyjTbLQcDF3QuHFRYYs.jpg
2026-05-26 02:58:53,772 [WARNING] ⚠️ Rate limit hit on key index 1. Switching to next key...
2026-05-26 02:58:53,986 [ERROR] ❌ All Cohere API keys exhausted or rate limited.
2026-05-26 02:58:53,987 [ERROR] ❌ Cohere returned an empty response. Verify API Key limits or safety filters.
2026-05-26 02:58:53,988 [INFO] ✅ JSON store updated: /home/tomito/tomito seo (copy 1)/data/content/495764.json
2026-05-26 02:58:53,988 [INFO] ✅ movie 495764
2026-05-26 02:58:54,522 [ERROR] ❌ All Cohere API keys exhausted or rate limited.
2026-05-26 02:58:54,523 [ERROR] ❌ Cohere returned an empty response. Verify API Key limits or safety filters.
2026-05-26 02:58:54,526 [INFO] ✅ JSON store updated: /home/tomito/tomito seo (copy 1)/data/content/4982.json
2026-05-26 02:58:54,527 [INFO] ✅ movie 4982
2026-05-26 02:58:55,183 [WARNING] ⚠️ Rate limit hit on key index 2. Switching to next key...
2026-05-26 02:58:56,372 [WARNING] ⚠️ Rate limit hit on key index 3. Switching to next key...
2026-05-26 02:58:56,776 [WARNING] ⚠️ Rate limit hit on key index 4. Switching to next key...
2026-05-26 02:58:57,032 [WARNING] ⚠️ Rate limit hit on key index 5. Switching to next key...
2026-05-26 02:58:58,320 [WARNING] ⚠️ Rate limit hit on key index 0. Switching to next key...
2026-05-26 02:58:58,374 [ERROR] ❌ All Cohere API keys exhausted or rate limited.
2026-05-26 02:58:58,375 [ERROR] ❌ Cohere returned an empty response. Verify API Key limits or safety filters.
2026-05-26 02:58:58,376 [INFO] ✅ JSON store updated: /home/tomito/tomito seo (copy 1)/data/content/497698.json
2026-05-26 02:58:58,376 [INFO] ✅ movie 497698
2026-05-26 02:58:58,458 [INFO] 💾 Index saved — 640 / 1936 done
2026-05-26 02:58:58,549 [INFO] Mirrored asset: gpPmQfmDXp6JMwsSCA96qbotSTh.jpg
2026-05-26 02:58:58,887 [WARNING] ⚠️ Rate limit hit on key index 1. Switching to next key...
2026-05-26 02:58:59,944 [WARNING] ⚠️ Error (401) hit on key index 2. Switching to next key...
2026-05-26 02:59:00,621 [WARNING] ⚠️ Rate limit hit on key index 3. Switching to next key...
2026-05-26 02:59:01,311 [WARNING] ⚠️ Rate limit hit on key index 4. Switching to next key...
2026-05-26 02:59:01,471 [WARNING] ⚠️ Rate limit hit on key index 5. Switching to next key...
2026-05-26 02:59:01,519 [WARNING] ⚠️ Rate limit hit on key index 0. Switching to next key...
2026-05-26 02:59:01,927 [WARNING] ⚠️ Rate limit hit on key index 1. Switching to next key...
2026-05-26 02:59:02,909 [WARNING] ⚠️ Rate limit hit on key index 2. Switching to next key...
2026-05-26 02:59:03,154 [WARNING] ⚠️ Rate limit hit on key index 3. Switching to next key...
2026-05-26 02:59:04,203 [WARNING] ⚠️ Rate limit hit on key index 4. Switching to next key...
2026-05-26 02:59:04,332 [WARNING] ⚠️ Rate limit hit on key index 5. Switching to next key...
2026-05-26 02:59:04,384 [WARNING] ⚠️ Rate limit hit on key index 0. Switching to next key...
2026-05-26 02:59:06,015 [WARNING] ⚠️ Error (401) hit on key index 1. Switching to next key...
2026-05-26 02:59:06,982 [WARNING] ⚠️ Rate limit hit on key index 2. Switching to next key...
2026-05-26 02:59:07,521 [WARNING] ⚠️ Error (401) hit on key index 3. Switching to next key...
2026-05-26 02:59:07,547 [WARNING] ⚠️ Rate limit hit on key index 4. Switching to next key...
2026-05-26 02:59:07,609 [WARNING] ⚠️ Rate limit hit on key index 5. Switching to next key...
2026-05-26 02:59:09,241 [WARNING] ⚠️ Rate limit hit on key index 0. Switching to next key...
2026-05-26 02:59:09,352 [WARNING] ⚠️ Rate limit hit on key index 1. Switching to next key...
2026-05-26 02:59:09,816 [WARNING] ⚠️ Rate limit hit on key index 2. Switching to next key...
2026-05-26 02:59:10,238 [WARNING] ⚠️ Rate limit hit on key index 3. Switching to next key...
2026-05-26 02:59:10,566 [WARNING] ⚠️ Rate limit hit on key index 4. Switching to next key...
2026-05-26 02:59:10,921 [WARNING] ⚠️ Rate limit hit on key index 5. Switching to next key...
2026-05-26 02:59:11,729 [WARNING] ⚠️ Rate limit hit on key index 0. Switching to next key...
2026-05-26 02:59:11,955 [WARNING] ⚠️ Rate limit hit on key index 1. Switching to next key...
2026-05-26 02:59:12,240 [ERROR] ❌ All Cohere API keys exhausted or rate limited.
2026-05-26 02:59:12,240 [ERROR] ❌ Cohere returned an empty response. Verify API Key limits or safety filters.
2026-05-26 02:59:12,242 [INFO] ✅ JSON store updated: /home/tomito/tomito seo (copy 1)/data/content/498248.json
2026-05-26 02:59:12,242 [INFO] ✅ movie 498248
2026-05-26 02:59:12,304 [WARNING] ⚠️ Error (401) hit on key index 2. Switching to next key...
2026-05-26 02:59:12,306 [ERROR] ❌ All Cohere API keys exhausted or rate limited.
2026-05-26 02:59:12,306 [ERROR] ❌ Cohere returned an empty response. Verify API Key limits or safety filters.
2026-05-26 02:59:12,308 [INFO] ✅ JSON store updated: /home/tomito/tomito seo (copy 1)/data/content/505642.json
2026-05-26 02:59:12,308 [INFO] ✅ movie 505642
2026-05-26 02:59:13,575 [WARNING] ⚠️ Rate limit hit on key index 3. Switching to next key...
2026-05-26 02:59:13,730 [ERROR] ❌ All Cohere API keys exhausted or rate limited.
2026-05-26 02:59:13,731 [ERROR] ❌ Cohere returned an empty response. Verify API Key limits or safety filters.
2026-05-26 02:59:13,732 [INFO] ✅ JSON store updated: /home/tomito/tomito seo (copy 1)/data/content/500.json
2026-05-26 02:59:13,732 [INFO] ✅ movie 500
2026-05-26 02:59:14,172 [WARNING] ⚠️ Rate limit hit on key index 4. Switching to next key...
2026-05-26 02:59:15,353 [WARNING] ⚠️ Rate limit hit on key index 5. Switching to next key...
2026-05-26 02:59:17,031 [WARNING] ⚠️ Rate limit hit on key index 0. Switching to next key...
2026-05-26 02:59:17,483 [WARNING] ⚠️ Rate limit hit on key index 1. Switching to next key...
2026-05-26 02:59:18,362 [WARNING] ⚠️ Rate limit hit on key index 2. Switching to next key...
2026-05-26 02:59:18,581 [WARNING] ⚠️ Error (401) hit on key index 3. Switching to next key...
2026-05-26 02:59:18,583 [ERROR] ❌ All Cohere API keys exhausted or rate limited.
2026-05-26 02:59:18,583 [ERROR] ❌ Cohere returned an empty response. Verify API Key limits or safety filters.
2026-05-26 02:59:18,585 [INFO] ✅ JSON store updated: /home/tomito/tomito seo (copy 1)/data/content/50619.json
2026-05-26 02:59:18,585 [INFO] ✅ movie 50619
2026-05-26 02:59:18,686 [WARNING] ⚠️ Rate limit hit on key index 4. Switching to next key...
2026-05-26 02:59:19,033 [ERROR] ❌ All Cohere API keys exhausted or rate limited.
2026-05-26 02:59:19,034 [ERROR] ❌ Cohere returned an empty response. Verify API Key limits or safety filters.
2026-05-26 02:59:19,035 [INFO] ✅ JSON store updated: /home/tomito/tomito seo (copy 1)/data/content/502356.json
2026-05-26 02:59:19,036 [INFO] ✅ movie 502356
2026-05-26 02:59:19,486 [ERROR] ❌ All Cohere API keys exhausted or rate limited.
2026-05-26 02:59:19,487 [ERROR] ❌ Cohere returned an empty response. Verify API Key limits or safety filters.
2026-05-26 02:59:19,488 [INFO] ✅ JSON store updated: /home/tomito/tomito seo (copy 1)/data/content/504056.json
2026-05-26 02:59:19,488 [INFO] ✅ movie 504056
2026-05-26 02:59:19,977 [WARNING] ⚠️ Rate limit hit on key index 5. Switching to next key...
2026-05-26 02:59:21,423 [WARNING] ⚠️ Rate limit hit on key index 0. Switching to next key...
2026-05-26 02:59:23,538 [WARNING] ⚠️ Rate limit hit on key index 1. Switching to next key...
2026-05-26 02:59:23,740 [WARNING] ⚠️ Error (401) hit on key index 2. Switching to next key...
2026-05-26 02:59:24,476 [WARNING] ⚠️ Error (401) hit on key index 3. Switching to next key...
2026-05-26 02:59:24,521 [WARNING] ⚠️ Error (401) hit on key index 4. Switching to next key...
2026-05-26 02:59:25,537 [WARNING] ⚠️ Error (401) hit on key index 5. Switching to next key...
2026-05-26 02:59:26,368 [WARNING] ⚠️ Rate limit hit on key index 0. Switching to next key...
2026-05-26 02:59:26,985 [WARNING] ⚠️ Rate limit hit on key index 1. Switching to next key...
2026-05-26 02:59:27,659 [INFO] Mirrored asset: 8wBEye516IKul9sW7JKGcFXVGfV.jpg
2026-05-26 02:59:27,694 [WARNING] ⚠️ Rate limit hit on key index 2. Switching to next key...
2026-05-26 02:59:28,721 [WARNING] ⚠️ Rate limit hit on key index 3. Switching to next key...
2026-05-26 02:59:29,626 [WARNING] ⚠️ Rate limit hit on key index 4. Switching to next key...
2026-05-26 02:59:29,908 [WARNING] ⚠️ Rate limit hit on key index 5. Switching to next key...
2026-05-26 02:59:30,392 [WARNING] ⚠️ Rate limit hit on key index 0. Switching to next key...
2026-05-26 02:59:31,227 [WARNING] ⚠️ Error (401) hit on key index 1. Switching to next key...
2026-05-26 02:59:32,539 [WARNING] ⚠️ Rate limit hit on key index 2. Switching to next key...
2026-05-26 02:59:32,750 [WARNING] ⚠️ Rate limit hit on key index 3. Switching to next key...
2026-05-26 02:59:33,174 [WARNING] ⚠️ Rate limit hit on key index 4. Switching to next key...
2026-05-26 02:59:34,348 [WARNING] ⚠️ Rate limit hit on key index 5. Switching to next key...
2026-05-26 02:59:34,542 [WARNING] ⚠️ Rate limit hit on key index 0. Switching to next key...
2026-05-26 02:59:35,897 [WARNING] ⚠️ Rate limit hit on key index 1. Switching to next key...
2026-05-26 02:59:36,529 [WARNING] ⚠️ Error (401) hit on key index 2. Switching to next key...
2026-05-26 02:59:36,530 [ERROR] ❌ All Cohere API keys exhausted or rate limited.
2026-05-26 02:59:36,531 [ERROR] ❌ Cohere returned an empty response. Verify API Key limits or safety filters.
2026-05-26 02:59:36,535 [INFO] ✅ JSON store updated: /home/tomito/tomito seo (copy 1)/data/content/507086.json
2026-05-26 02:59:36,536 [INFO] ✅ movie 507086
2026-05-26 02:59:36,855 [WARNING] ⚠️ Rate limit hit on key index 3. Switching to next key...
2026-05-26 02:59:37,196 [WARNING] ⚠️ Rate limit hit on key index 4. Switching to next key...
2026-05-26 02:59:37,253 [WARNING] ⚠️ Error (401) hit on key index 5. Switching to next key...
2026-05-26 02:59:37,698 [WARNING] ⚠️ Rate limit hit on key index 0. Switching to next key...
2026-05-26 02:59:39,012 [WARNING] ⚠️ Error (401) hit on key index 1. Switching to next key...
2026-05-26 02:59:39,198 [ERROR] ❌ All Cohere API keys exhausted or rate limited.
2026-05-26 02:59:39,199 [ERROR] ❌ Cohere returned an empty response. Verify API Key limits or safety filters.
2026-05-26 02:59:39,200 [INFO] ✅ JSON store updated: /home/tomito/tomito seo (copy 1)/data/content/508439.json
2026-05-26 02:59:39,201 [INFO] ✅ movie 508439
2026-05-26 02:59:40,412 [WARNING] ⚠️ Error (401) hit on key index 2. Switching to next key...
2026-05-26 02:59:40,919 [WARNING] ⚠️ Rate limit hit on key index 3. Switching to next key...
2026-05-26 02:59:41,128 [WARNING] ⚠️ Rate limit hit on key index 4. Switching to next key...
2026-05-26 02:59:41,247 [WARNING] ⚠️ Rate limit hit on key index 5. Switching to next key...
2026-05-26 02:59:41,612 [WARNING] ⚠️ Rate limit hit on key index 0. Switching to next key...
2026-05-26 02:59:42,552 [INFO] Mirrored asset: tKz7XRXvdy1i7pW4eotaWZSrAx2.jpg
2026-05-26 02:59:43,130 [ERROR] ❌ All Cohere API keys exhausted or rate limited.
2026-05-26 02:59:43,131 [ERROR] ❌ Cohere returned an empty response. Verify API Key limits or safety filters.
2026-05-26 02:59:43,132 [INFO] ✅ JSON store updated: /home/tomito/tomito seo (copy 1)/data/content/508442.json
2026-05-26 02:59:43,133 [INFO] ✅ movie 508442
2026-05-26 02:59:43,262 [ERROR] ❌ All Cohere API keys exhausted or rate limited.
2026-05-26 02:59:43,263 [ERROR] ❌ Cohere returned an empty response. Verify API Key limits or safety filters.
2026-05-26 02:59:43,264 [INFO] ✅ JSON store updated: /home/tomito/tomito seo (copy 1)/data/content/512895.json
2026-05-26 02:59:43,264 [INFO] ✅ movie 512895
2026-05-26 02:59:43,598 [WARNING] ⚠️ Error (401) hit on key index 1. Switching to next key...
2026-05-26 02:59:43,599 [ERROR] ❌ All Cohere API keys exhausted or rate limited.
2026-05-26 02:59:43,599 [ERROR] ❌ Cohere returned an empty response. Verify API Key limits or safety filters.
2026-05-26 02:59:43,602 [INFO] ✅ JSON store updated: /home/tomito/tomito seo (copy 1)/data/content/508943.json
2026-05-26 02:59:43,603 [INFO] ✅ movie 508943
2026-05-26 02:59:43,763 [WARNING] ⚠️ Error (401) hit on key index 2. Switching to next key...
2026-05-26 02:59:44,396 [INFO] Mirrored asset: lJV358RHtiEsm02OVSxtlhQVv9p.jpg
2026-05-26 02:59:45,863 [WARNING] ⚠️ Rate limit hit on key index 3. Switching to next key...
2026-05-26 02:59:46,208 [WARNING] ⚠️ Rate limit hit on key index 4. Switching to next key...
2026-05-26 02:59:47,258 [INFO] Mirrored asset: voMB69AsLnPNmtfbrBl0lbeFKDH.jpg
2026-05-26 02:59:47,664 [INFO] Mirrored asset: uKrVg8dQUiXCR6Wf1yx573ElFT1.jpg
2026-05-26 02:59:47,813 [WARNING] ⚠️ Rate limit hit on key index 5. Switching to next key...
2026-05-26 02:59:48,146 [WARNING] ⚠️ Rate limit hit on key index 0. Switching to next key...
2026-05-26 02:59:48,210 [ERROR] ❌ All Cohere API keys exhausted or rate limited.
2026-05-26 02:59:48,211 [ERROR] ❌ Cohere returned an empty response. Verify API Key limits or safety filters.
2026-05-26 02:59:48,212 [INFO] ✅ JSON store updated: /home/tomito/tomito seo (copy 1)/data/content/508947.json
2026-05-26 02:59:48,212 [INFO] ✅ movie 508947
2026-05-26 02:59:49,554 [WARNING] ⚠️ Rate limit hit on key index 1. Switching to next key...
2026-05-26 02:59:49,865 [WARNING] ⚠️ Rate limit hit on key index 2. Switching to next key...
2026-05-26 02:59:50,558 [WARNING] ⚠️ Rate limit hit on key index 3. Switching to next key...
2026-05-26 02:59:50,778 [WARNING] ⚠️ Rate limit hit on key index 4. Switching to next key...
2026-05-26 02:59:52,061 [WARNING] ⚠️ Rate limit hit on key index 5. Switching to next key...
2026-05-26 02:59:52,491 [WARNING] ⚠️ Rate limit hit on key index 0. Switching to next key...
2026-05-26 02:59:53,456 [WARNING] ⚠️ Error (401) hit on key index 1. Switching to next key...
2026-05-26 02:59:53,913 [WARNING] ⚠️ Error (401) hit on key index 2. Switching to next key...
2026-05-26 02:59:54,379 [WARNING] ⚠️ Rate limit hit on key index 3. Switching to next key...
2026-05-26 02:59:54,763 [WARNING] ⚠️ Rate limit hit on key index 4. Switching to next key...
2026-05-26 02:59:55,429 [WARNING] ⚠️ Rate limit hit on key index 5. Switching to next key...
2026-05-26 02:59:55,506 [WARNING] ⚠️ Rate limit hit on key index 0. Switching to next key...
2026-05-26 02:59:56,038 [WARNING] ⚠️ Rate limit hit on key index 1. Switching to next key...
2026-05-26 02:59:57,104 [WARNING] ⚠️ Rate limit hit on key index 2. Switching to next key...
2026-05-26 02:59:57,286 [WARNING] ⚠️ Rate limit hit on key index 3. Switching to next key...
2026-05-26 02:59:58,589 [WARNING] ⚠️ Rate limit hit on key index 4. Switching to next key...
2026-05-26 02:59:58,840 [WARNING] ⚠️ Error (401) hit on key index 5. Switching to next key...
2026-05-26 02:59:59,259 [WARNING] ⚠️ Rate limit hit on key index 0. Switching to next key...
2026-05-26 02:59:59,303 [WARNING] ⚠️ Rate limit hit on key index 1. Switching to next key...
2026-05-26 02:59:59,965 [WARNING] ⚠️ Rate limit hit on key index 2. Switching to next key...
2026-05-26 03:00:00,032 [WARNING] ⚠️ Error (401) hit on key index 3. Switching to next key...
2026-05-26 03:00:00,033 [ERROR] ❌ All Cohere API keys exhausted or rate limited.
2026-05-26 03:00:00,033 [ERROR] ❌ Cohere returned an empty response. Verify API Key limits or safety filters.
2026-05-26 03:00:00,035 [INFO] ✅ JSON store updated: /home/tomito/tomito seo (copy 1)/data/content/5176.json
2026-05-26 03:00:00,035 [INFO] ✅ movie 5176
2026-05-26 03:00:00,080 [WARNING] ⚠️ Rate limit hit on key index 4. Switching to next key...
2026-05-26 03:00:01,691 [WARNING] ⚠️ Rate limit hit on key index 5. Switching to next key...
2026-05-26 03:00:01,749 [WARNING] ⚠️ Rate limit hit on key index 0. Switching to next key...
2026-05-26 03:00:01,867 [WARNING] ⚠️ Rate limit hit on key index 1. Switching to next key...
2026-05-26 03:00:01,966 [ERROR] ❌ All Cohere API keys exhausted or rate limited.
2026-05-26 03:00:01,967 [ERROR] ❌ Cohere returned an empty response. Verify API Key limits or safety filters.
2026-05-26 03:00:01,969 [INFO] ✅ JSON store updated: /home/tomito/tomito seo (copy 1)/data/content/519182.json
2026-05-26 03:00:01,969 [INFO] ✅ movie 519182
2026-05-26 03:00:02,082 [ERROR] ❌ All Cohere API keys exhausted or rate limited.
2026-05-26 03:00:02,083 [ERROR] ❌ Cohere returned an empty response. Verify API Key limits or safety filters.
2026-05-26 03:00:02,084 [INFO] ✅ JSON store updated: /home/tomito/tomito seo (copy 1)/data/content/514754.json
2026-05-26 03:00:02,085 [INFO] ✅ movie 514754
2026-05-26 03:00:04,574 [WARNING] ⚠️ Rate limit hit on key index 2. Switching to next key...
2026-05-26 03:00:04,724 [WARNING] ⚠️ Rate limit hit on key index 3. Switching to next key...
2026-05-26 03:00:05,762 [WARNING] ⚠️ Rate limit hit on key index 4. Switching to next key...
2026-05-26 03:00:06,284 [WARNING] ⚠️ Rate limit hit on key index 5. Switching to next key...
2026-05-26 03:00:06,618 [WARNING] ⚠️ Rate limit hit on key index 0. Switching to next key...
2026-05-26 03:00:07,364 [WARNING] ⚠️ Rate limit hit on key index 1. Switching to next key...
2026-05-26 03:00:08,282 [WARNING] ⚠️ Rate limit hit on key index 2. Switching to next key...
2026-05-26 03:00:08,548 [WARNING] ⚠️ Error (401) hit on key index 3. Switching to next key...
2026-05-26 03:00:09,362 [WARNING] ⚠️ Rate limit hit on key index 4. Switching to next key...
2026-05-26 03:00:09,366 [ERROR] ❌ All Cohere API keys exhausted or rate limited.
2026-05-26 03:00:09,367 [ERROR] ❌ Cohere returned an empty response. Verify API Key limits or safety filters.
2026-05-26 03:00:09,368 [INFO] ✅ JSON store updated: /home/tomito/tomito seo (copy 1)/data/content/522627.json
2026-05-26 03:00:09,368 [INFO] ✅ movie 522627
2026-05-26 03:00:09,396 [WARNING] ⚠️ Rate limit hit on key index 5. Switching to next key...
2026-05-26 03:00:09,403 [WARNING] ⚠️ Rate limit hit on key index 0. Switching to next key...
2026-05-26 03:00:09,593 [WARNING] ⚠️ Rate limit hit on key index 1. Switching to next key...
2026-05-26 03:00:10,285 [ERROR] ❌ All Cohere API keys exhausted or rate limited.
2026-05-26 03:00:10,285 [ERROR] ❌ Cohere returned an empty response. Verify API Key limits or safety filters.
2026-05-26 03:00:10,289 [INFO] ✅ JSON store updated: /home/tomito/tomito seo (copy 1)/data/content/517093.json
2026-05-26 03:00:10,289 [INFO] ✅ movie 517093
2026-05-26 03:00:11,599 [ERROR] ❌ All Cohere API keys exhausted or rate limited.
2026-05-26 03:00:11,599 [ERROR] ❌ Cohere returned an empty response. Verify API Key limits or safety filters.
2026-05-26 03:00:11,601 [INFO] ✅ JSON store updated: /home/tomito/tomito seo (copy 1)/data/content/518963.json
2026-05-26 03:00:11,601 [INFO] ✅ movie 518963
2026-05-26 03:00:13,069 [WARNING] ⚠️ Rate limit hit on key index 2. Switching to next key...
2026-05-26 03:00:13,289 [WARNING] ⚠️ Rate limit hit on key index 3. Switching to next key...
2026-05-26 03:00:15,390 [WARNING] ⚠️ Rate limit hit on key index 4. Switching to next key...
2026-05-26 03:00:16,558 [WARNING] ⚠️ Rate limit hit on key index 5. Switching to next key...
2026-05-26 03:00:19,436 [WARNING] ⚠️ Rate limit hit on key index 0. Switching to next key...
2026-05-26 03:00:19,612 [WARNING] ⚠️ Rate limit hit on key index 1. Switching to next key...
2026-05-26 03:00:20,061 [WARNING] ⚠️ Rate limit hit on key index 2. Switching to next key...
2026-05-26 03:00:21,604 [WARNING] ⚠️ Rate limit hit on key index 3. Switching to next key...
2026-05-26 03:00:21,968 [WARNING] ⚠️ Rate limit hit on key index 4. Switching to next key...
2026-05-26 03:00:22,950 [WARNING] ⚠️ Rate limit hit on key index 5. Switching to next key...
2026-05-26 03:00:22,973 [WARNING] ⚠️ Rate limit hit on key index 0. Switching to next key...
2026-05-26 03:00:24,107 [WARNING] ⚠️ Rate limit hit on key index 1. Switching to next key...
2026-05-26 03:00:25,280 [WARNING] ⚠️ Error (401) hit on key index 2. Switching to next key...
2026-05-26 03:00:25,765 [WARNING] ⚠️ Rate limit hit on key index 3. Switching to next key...
2026-05-26 03:00:26,815 [WARNING] ⚠️ Error (401) hit on key index 4. Switching to next key...
2026-05-26 03:00:26,929 [WARNING] ⚠️ Rate limit hit on key index 5. Switching to next key...
2026-05-26 03:00:28,197 [WARNING] ⚠️ Rate limit hit on key index 0. Switching to next key...
2026-05-26 03:00:28,930 [ERROR] ❌ All Cohere API keys exhausted or rate limited.
2026-05-26 03:00:28,931 [ERROR] ❌ Cohere returned an empty response. Verify API Key limits or safety filters.
2026-05-26 03:00:28,932 [INFO] ✅ JSON store updated: /home/tomito/tomito seo (copy 1)/data/content/524047.json
2026-05-26 03:00:28,932 [INFO] ✅ movie 524047
2026-05-26 03:00:30,081 [WARNING] ⚠️ Rate limit hit on key index 1. Switching to next key...
2026-05-26 03:00:31,228 [WARNING] ⚠️ Rate limit hit on key index 2. Switching to next key...
2026-05-26 03:00:32,692 [WARNING] ⚠️ Rate limit hit on key index 3. Switching to next key...
2026-05-26 03:00:32,975 [WARNING] ⚠️ Rate limit hit on key index 4. Switching to next key...
2026-05-26 03:00:33,230 [ERROR] ❌ All Cohere API keys exhausted or rate limited.
2026-05-26 03:00:33,231 [ERROR] ❌ Cohere returned an empty response. Verify API Key limits or safety filters.
2026-05-26 03:00:33,232 [INFO] ✅ JSON store updated: /home/tomito/tomito seo (copy 1)/data/content/524.json
2026-05-26 03:00:33,232 [INFO] ✅ movie 524
2026-05-26 03:00:33,261 [INFO] 💾 Index saved — 660 / 1936 done
2026-05-26 03:00:33,497 [WARNING] ⚠️ Rate limit hit on key index 5. Switching to next key...
2026-05-26 03:00:36,049 [WARNING] ⚠️ Rate limit hit on key index 0. Switching to next key...
2026-05-26 03:00:36,365 [WARNING] ⚠️ Rate limit hit on key index 1. Switching to next key...
2026-05-26 03:00:37,571 [WARNING] ⚠️ Rate limit hit on key index 2. Switching to next key...
2026-05-26 03:00:37,833 [WARNING] ⚠️ Rate limit hit on key index 3. Switching to next key...
2026-05-26 03:00:38,051 [ERROR] ❌ All Cohere API keys exhausted or rate limited.
2026-05-26 03:00:38,052 [ERROR] ❌ Cohere returned an empty response. Verify API Key limits or safety filters.
2026-05-26 03:00:38,053 [INFO] ✅ JSON store updated: /home/tomito/tomito seo (copy 1)/data/content/525.json
2026-05-26 03:00:38,053 [INFO] ✅ movie 525
2026-05-26 03:00:38,062 [WARNING] ⚠️ Rate limit hit on key index 4. Switching to next key...
2026-05-26 03:00:38,924 [WARNING] ⚠️ Rate limit hit on key index 5. Switching to next key...
2026-05-26 03:00:40,065 [ERROR] ❌ All Cohere API keys exhausted or rate limited.
2026-05-26 03:00:40,065 [ERROR] ❌ Cohere returned an empty response. Verify API Key limits or safety filters.
2026-05-26 03:00:40,067 [INFO] ✅ JSON store updated: /home/tomito/tomito seo (copy 1)/data/content/529203.json
2026-05-26 03:00:40,068 [INFO] ✅ movie 529203
2026-05-26 03:00:40,798 [WARNING] ⚠️ Rate limit hit on key index 0. Switching to next key...
2026-05-26 03:00:41,231 [WARNING] ⚠️ Rate limit hit on key index 1. Switching to next key...
2026-05-26 03:00:41,459 [WARNING] ⚠️ Error (401) hit on key index 2. Switching to next key...
2026-05-26 03:00:42,120 [WARNING] ⚠️ Rate limit hit on key index 3. Switching to next key...
2026-05-26 03:00:43,047 [WARNING] ⚠️ Rate limit hit on key index 4. Switching to next key...
2026-05-26 03:00:43,237 [WARNING] ⚠️ Rate limit hit on key index 5. Switching to next key...
2026-05-26 03:00:44,399 [WARNING] ⚠️ Rate limit hit on key index 0. Switching to next key...
2026-05-26 03:00:45,045 [WARNING] ⚠️ Rate limit hit on key index 1. Switching to next key...
2026-05-26 03:00:45,127 [WARNING] ⚠️ Rate limit hit on key index 2. Switching to next key...
2026-05-26 03:00:45,853 [WARNING] ⚠️ Rate limit hit on key index 3. Switching to next key...
2026-05-26 03:00:46,236 [WARNING] ⚠️ Rate limit hit on key index 4. Switching to next key...
2026-05-26 03:00:46,816 [WARNING] ⚠️ Rate limit hit on key index 5. Switching to next key...
2026-05-26 03:00:47,046 [ERROR] ❌ All Cohere API keys exhausted or rate limited.
2026-05-26 03:00:47,047 [ERROR] ❌ Cohere returned an empty response. Verify API Key limits or safety filters.
2026-05-26 03:00:47,049 [INFO] ✅ JSON store updated: /home/tomito/tomito seo (copy 1)/data/content/533533.json
2026-05-26 03:00:47,049 [INFO] ✅ movie 533533
2026-05-26 03:00:47,567 [WARNING] ⚠️ Rate limit hit on key index 0. Switching to next key...
2026-05-26 03:00:48,005 [WARNING] ⚠️ Rate limit hit on key index 1. Switching to next key...
2026-05-26 03:00:48,802 [WARNING] ⚠️ Error (401) hit on key index 2. Switching to next key...
2026-05-26 03:00:49,310 [WARNING] ⚠️ Rate limit hit on key index 3. Switching to next key...
2026-05-26 03:00:50,502 [WARNING] ⚠️ Rate limit hit on key index 4. Switching to next key...
2026-05-26 03:00:50,630 [WARNING] ⚠️ Rate limit hit on key index 5. Switching to next key...
2026-05-26 03:00:50,705 [WARNING] ⚠️ Rate limit hit on key index 0. Switching to next key...
2026-05-26 03:00:51,421 [WARNING] ⚠️ Error (401) hit on key index 1. Switching to next key...
2026-05-26 03:00:52,024 [WARNING] ⚠️ Error (401) hit on key index 2. Switching to next key...
2026-05-26 03:00:52,440 [WARNING] ⚠️ Rate limit hit on key index 3. Switching to next key...
2026-05-26 03:00:52,634 [ERROR] ❌ All Cohere API keys exhausted or rate limited.
2026-05-26 03:00:52,634 [ERROR] ❌ Cohere returned an empty response. Verify API Key limits or safety filters.
2026-05-26 03:00:52,637 [INFO] ✅ JSON store updated: /home/tomito/tomito seo (copy 1)/data/content/530915.json
2026-05-26 03:00:52,637 [INFO] ✅ movie 530915
2026-05-26 03:00:53,072 [WARNING] ⚠️ Rate limit hit on key index 4. Switching to next key...
2026-05-26 03:00:54,442 [ERROR] ❌ All Cohere API keys exhausted or rate limited.
2026-05-26 03:00:54,443 [ERROR] ❌ Cohere returned an empty response. Verify API Key limits or safety filters.
2026-05-26 03:00:54,445 [INFO] ✅ JSON store updated: /home/tomito/tomito seo (copy 1)/data/content/533.json
2026-05-26 03:00:54,445 [INFO] ✅ movie 533
2026-05-26 03:00:54,482 [WARNING] ⚠️ Rate limit hit on key index 5. Switching to next key...
2026-05-26 03:00:54,887 [WARNING] ⚠️ Rate limit hit on key index 0. Switching to next key...
2026-05-26 03:00:55,967 [WARNING] ⚠️ Error (401) hit on key index 1. Switching to next key...
2026-05-26 03:00:55,968 [ERROR] ❌ All Cohere API keys exhausted or rate limited.
2026-05-26 03:00:55,968 [ERROR] ❌ Cohere returned an empty response. Verify API Key limits or safety filters.
2026-05-26 03:00:55,971 [INFO] ✅ JSON store updated: /home/tomito/tomito seo (copy 1)/data/content/536554.json
2026-05-26 03:00:55,971 [INFO] ✅ movie 536554
2026-05-26 03:00:56,222 [WARNING] ⚠️ Error (401) hit on key index 2. Switching to next key...
2026-05-26 03:00:56,890 [ERROR] ❌ All Cohere API keys exhausted or rate limited.
2026-05-26 03:00:56,890 [ERROR] ❌ Cohere returned an empty response. Verify API Key limits or safety filters.
2026-05-26 03:00:56,892 [INFO] ✅ JSON store updated: /home/tomito/tomito seo (copy 1)/data/content/533535.json
2026-05-26 03:00:56,892 [INFO] ✅ movie 533535
2026-05-26 03:00:57,947 [WARNING] ⚠️ Rate limit hit on key index 3. Switching to next key...
2026-05-26 03:00:58,151 [WARNING] ⚠️ Rate limit hit on key index 4. Switching to next key...
2026-05-26 03:01:00,433 [WARNING] ⚠️ Rate limit hit on key index 5. Switching to next key...
2026-05-26 03:01:00,959 [WARNING] ⚠️ Rate limit hit on key index 0. Switching to next key...
2026-05-26 03:01:02,022 [WARNING] ⚠️ Rate limit hit on key index 1. Switching to next key...
2026-05-26 03:01:02,090 [WARNING] ⚠️ Rate limit hit on key index 2. Switching to next key...
2026-05-26 03:01:02,962 [ERROR] ❌ All Cohere API keys exhausted or rate limited.
2026-05-26 03:01:02,963 [ERROR] ❌ Cohere returned an empty response. Verify API Key limits or safety filters.
2026-05-26 03:01:02,967 [WARNING] ⚠️ Rate limit hit on key index 3. Switching to next key...
2026-05-26 03:01:02,968 [INFO] ✅ JSON store updated: /home/tomito/tomito seo (copy 1)/data/content/539.json
2026-05-26 03:01:02,969 [INFO] ✅ movie 539
2026-05-26 03:01:03,332 [WARNING] ⚠️ Rate limit hit on key index 4. Switching to next key...
2026-05-26 03:01:04,758 [WARNING] ⚠️ Rate limit hit on key index 5. Switching to next key...
2026-05-26 03:01:05,034 [WARNING] ⚠️ Rate limit hit on key index 0. Switching to next key...
2026-05-26 03:01:05,805 [WARNING] ⚠️ Rate limit hit on key index 1. Switching to next key...
2026-05-26 03:01:06,819 [WARNING] ⚠️ Error (401) hit on key index 2. Switching to next key...
2026-05-26 03:01:07,793 [WARNING] ⚠️ Rate limit hit on key index 3. Switching to next key...
2026-05-26 03:01:07,844 [WARNING] ⚠️ Rate limit hit on key index 4. Switching to next key...
2026-05-26 03:01:08,141 [WARNING] ⚠️ Rate limit hit on key index 5. Switching to next key...
2026-05-26 03:01:08,371 [WARNING] ⚠️ Rate limit hit on key index 0. Switching to next key...
2026-05-26 03:01:08,376 [WARNING] ⚠️ Rate limit hit on key index 1. Switching to next key...
2026-05-26 03:01:10,757 [WARNING] ⚠️ Rate limit hit on key index 2. Switching to next key...
2026-05-26 03:01:11,451 [WARNING] ⚠️ Rate limit hit on key index 3. Switching to next key...
2026-05-26 03:01:11,594 [WARNING] ⚠️ Rate limit hit on key index 4. Switching to next key...
2026-05-26 03:01:11,993 [WARNING] ⚠️ Rate limit hit on key index 5. Switching to next key...
2026-05-26 03:01:13,431 [WARNING] ⚠️ Rate limit hit on key index 0. Switching to next key...
2026-05-26 03:01:13,597 [ERROR] ❌ All Cohere API keys exhausted or rate limited.
2026-05-26 03:01:13,597 [ERROR] ❌ Cohere returned an empty response. Verify API Key limits or safety filters.
2026-05-26 03:01:13,600 [INFO] ✅ JSON store updated: /home/tomito/tomito seo (copy 1)/data/content/539972.json
2026-05-26 03:01:13,600 [INFO] ✅ movie 539972
2026-05-26 03:01:13,678 [WARNING] ⚠️ Rate limit hit on key index 1. Switching to next key...
2026-05-26 03:01:14,315 [WARNING] ⚠️ Error (401) hit on key index 2. Switching to next key...
2026-05-26 03:01:14,697 [WARNING] ⚠️ Rate limit hit on key index 3. Switching to next key...
2026-05-26 03:01:15,095 [WARNING] ⚠️ Rate limit hit on key index 4. Switching to next key...
2026-05-26 03:01:16,324 [WARNING] ⚠️ Rate limit hit on key index 5. Switching to next key...
2026-05-26 03:01:16,607 [WARNING] ⚠️ Rate limit hit on key index 0. Switching to next key...
2026-05-26 03:01:17,098 [ERROR] ❌ All Cohere API keys exhausted or rate limited.
2026-05-26 03:01:17,098 [ERROR] ❌ Cohere returned an empty response. Verify API Key limits or safety filters.
2026-05-26 03:01:17,100 [INFO] ✅ JSON store updated: /home/tomito/tomito seo (copy 1)/data/content/547565.json
2026-05-26 03:01:17,100 [INFO] ✅ movie 547565
2026-05-26 03:01:17,120 [WARNING] ⚠️ Error (401) hit on key index 1. Switching to next key...
2026-05-26 03:01:17,121 [ERROR] ❌ All Cohere API keys exhausted or rate limited.
2026-05-26 03:01:17,122 [ERROR] ❌ Cohere returned an empty response. Verify API Key limits or safety filters.
2026-05-26 03:01:17,124 [INFO] ✅ JSON store updated: /home/tomito/tomito seo (copy 1)/data/content/546554.json
2026-05-26 03:01:17,131 [INFO] ✅ movie 546554
2026-05-26 03:01:17,490 [WARNING] ⚠️ Error (401) hit on key index 2. Switching to next key...
2026-05-26 03:01:18,033 [WARNING] ⚠️ Rate limit hit on key index 3. Switching to next key...
2026-05-26 03:01:18,327 [ERROR] ❌ All Cohere API keys exhausted or rate limited.
2026-05-26 03:01:18,327 [ERROR] ❌ Cohere returned an empty response. Verify API Key limits or safety filters.
2026-05-26 03:01:18,329 [INFO] ✅ JSON store updated: /home/tomito/tomito seo (copy 1)/data/content/545611.json
2026-05-26 03:01:18,329 [INFO] ✅ movie 545611
2026-05-26 03:01:19,101 [WARNING] ⚠️ Rate limit hit on key index 4. Switching to next key...
2026-05-26 03:01:19,906 [WARNING] ⚠️ Rate limit hit on key index 5. Switching to next key...
2026-05-26 03:01:21,379 [WARNING] ⚠️ Rate limit hit on key index 0. Switching to next key...
2026-05-26 03:01:22,721 [WARNING] ⚠️ Rate limit hit on key index 1. Switching to next key...
2026-05-26 03:01:22,930 [WARNING] ⚠️ Rate limit hit on key index 2. Switching to next key...
2026-05-26 03:01:22,994 [WARNING] ⚠️ Error (401) hit on key index 3. Switching to next key...
2026-05-26 03:01:23,000 [WARNING] ⚠️ Error (401) hit on key index 4. Switching to next key...
2026-05-26 03:01:24,347 [WARNING] ⚠️ Rate limit hit on key index 5. Switching to next key...
2026-05-26 03:01:24,534 [WARNING] ⚠️ Rate limit hit on key index 0. Switching to next key...
2026-05-26 03:01:24,933 [ERROR] ❌ All Cohere API keys exhausted or rate limited.
2026-05-26 03:01:24,933 [ERROR] ❌ Cohere returned an empty response. Verify API Key limits or safety filters.
2026-05-26 03:01:24,936 [INFO] ✅ JSON store updated: /home/tomito/tomito seo (copy 1)/data/content/5483.json
2026-05-26 03:01:24,936 [INFO] ✅ movie 5483
2026-05-26 03:01:25,595 [WARNING] ⚠️ Error (401) hit on key index 1. Switching to next key...
2026-05-26 03:01:25,954 [WARNING] ⚠️ Rate limit hit on key index 2. Switching to next key...
2026-05-26 03:01:26,050 [WARNING] ⚠️ Rate limit hit on key index 3. Switching to next key...
2026-05-26 03:01:26,751 [WARNING] ⚠️ Rate limit hit on key index 4. Switching to next key...
2026-05-26 03:01:27,268 [WARNING] ⚠️ Rate limit hit on key index 5. Switching to next key...
2026-05-26 03:01:28,643 [WARNING] ⚠️ Rate limit hit on key index 0. Switching to next key...
2026-05-26 03:01:28,793 [WARNING] ⚠️ Rate limit hit on key index 1. Switching to next key...
2026-05-26 03:01:29,357 [WARNING] ⚠️ Error (401) hit on key index 2. Switching to next key...
2026-05-26 03:01:29,358 [ERROR] ❌ All Cohere API keys exhausted or rate limited.
2026-05-26 03:01:29,358 [ERROR] ❌ Cohere returned an empty response. Verify API Key limits or safety filters.
2026-05-26 03:01:29,360 [INFO] ✅ JSON store updated: /home/tomito/tomito seo (copy 1)/data/content/54989.json
2026-05-26 03:01:29,360 [INFO] ✅ movie 54989
2026-05-26 03:01:29,801 [WARNING] ⚠️ Rate limit hit on key index 3. Switching to next key...
2026-05-26 03:01:33,274 [WARNING] ⚠️ Rate limit hit on key index 4. Switching to next key...
2026-05-26 03:01:33,539 [WARNING] ⚠️ Rate limit hit on key index 5. Switching to next key...
2026-05-26 03:01:34,212 [WARNING] ⚠️ Rate limit hit on key index 0. Switching to next key...
2026-05-26 03:01:34,608 [WARNING] ⚠️ Rate limit hit on key index 1. Switching to next key...
2026-05-26 03:01:35,742 [WARNING] ⚠️ Rate limit hit on key index 2. Switching to next key...
2026-05-26 03:01:36,161 [WARNING] ⚠️ Rate limit hit on key index 3. Switching to next key...
2026-05-26 03:01:36,413 [WARNING] ⚠️ Rate limit hit on key index 4. Switching to next key...
2026-05-26 03:01:36,738 [WARNING] ⚠️ Rate limit hit on key index 5. Switching to next key...
2026-05-26 03:01:37,026 [WARNING] ⚠️ Rate limit hit on key index 0. Switching to next key...
2026-05-26 03:01:37,095 [WARNING] ⚠️ Rate limit hit on key index 1. Switching to next key...
2026-05-26 03:01:37,743 [ERROR] ❌ All Cohere API keys exhausted or rate limited.
2026-05-26 03:01:37,744 [ERROR] ❌ Cohere returned an empty response. Verify API Key limits or safety filters.
2026-05-26 03:01:37,745 [INFO] ✅ JSON store updated: /home/tomito/tomito seo (copy 1)/data/content/5528.json
2026-05-26 03:01:37,745 [INFO] ✅ movie 5528
2026-05-26 03:01:38,671 [WARNING] ⚠️ Rate limit hit on key index 2. Switching to next key...
2026-05-26 03:01:38,842 [WARNING] ⚠️ Rate limit hit on key index 3. Switching to next key...
2026-05-26 03:01:39,889 [WARNING] ⚠️ Rate limit hit on key index 4. Switching to next key...
2026-05-26 03:01:40,538 [WARNING] ⚠️ Rate limit hit on key index 5. Switching to next key...
2026-05-26 03:01:40,674 [ERROR] ❌ All Cohere API keys exhausted or rate limited.
2026-05-26 03:01:40,675 [ERROR] ❌ Cohere returned an empty response. Verify API Key limits or safety filters.
2026-05-26 03:01:40,677 [INFO] ✅ JSON store updated: /home/tomito/tomito seo (copy 1)/data/content/550988.json
2026-05-26 03:01:40,678 [INFO] ✅ movie 550988
2026-05-26 03:01:41,787 [WARNING] ⚠️ Rate limit hit on key index 0. Switching to next key...
2026-05-26 03:01:42,144 [WARNING] ⚠️ Rate limit hit on key index 1. Switching to next key...
2026-05-26 03:01:42,460 [WARNING] ⚠️ Error (401) hit on key index 2. Switching to next key...
2026-05-26 03:01:42,546 [WARNING] ⚠️ Rate limit hit on key index 3. Switching to next key...
2026-05-26 03:01:43,247 [WARNING] ⚠️ Rate limit hit on key index 4. Switching to next key...
2026-05-26 03:01:43,552 [WARNING] ⚠️ Rate limit hit on key index 5. Switching to next key...
2026-05-26 03:01:43,790 [ERROR] ❌ All Cohere API keys exhausted or rate limited.
2026-05-26 03:01:43,791 [ERROR] ❌ Cohere returned an empty response. Verify API Key limits or safety filters.
2026-05-26 03:01:43,793 [INFO] ✅ JSON store updated: /home/tomito/tomito seo (copy 1)/data/content/552524.json
2026-05-26 03:01:43,793 [INFO] ✅ movie 552524
2026-05-26 03:01:44,529 [WARNING] ⚠️ Rate limit hit on key index 0. Switching to next key...
2026-05-26 03:01:45,040 [WARNING] ⚠️ Error (401) hit on key index 1. Switching to next key...
2026-05-26 03:01:45,042 [ERROR] ❌ All Cohere API keys exhausted or rate limited.
2026-05-26 03:01:45,042 [ERROR] ❌ Cohere returned an empty response. Verify API Key limits or safety filters.
2026-05-26 03:01:45,044 [INFO] ✅ JSON store updated: /home/tomito/tomito seo (copy 1)/data/content/541671.json
2026-05-26 03:01:45,045 [INFO] ✅ movie 541671
2026-05-26 03:01:45,710 [WARNING] ⚠️ Rate limit hit on key index 2. Switching to next key...
2026-05-26 03:01:46,632 [WARNING] ⚠️ Rate limit hit on key index 3. Switching to next key...
2026-05-26 03:01:47,200 [WARNING] ⚠️ Rate limit hit on key index 4. Switching to next key...
2026-05-26 03:01:47,841 [WARNING] ⚠️ Rate limit hit on key index 5. Switching to next key...
2026-05-26 03:01:48,553 [WARNING] ⚠️ Rate limit hit on key index 0. Switching to next key...
2026-05-26 03:01:48,634 [ERROR] ❌ All Cohere API keys exhausted or rate limited.
2026-05-26 03:01:48,635 [ERROR] ❌ Cohere returned an empty response. Verify API Key limits or safety filters.
2026-05-26 03:01:48,636 [INFO] ✅ JSON store updated: /home/tomito/tomito seo (copy 1)/data/content/553837.json
2026-05-26 03:01:48,637 [INFO] ✅ movie 553837
2026-05-26 03:01:48,685 [WARNING] ⚠️ Rate limit hit on key index 1. Switching to next key...
2026-05-26 03:01:49,309 [WARNING] ⚠️ Rate limit hit on key index 2. Switching to next key...
2026-05-26 03:01:49,658 [WARNING] ⚠️ Rate limit hit on key index 3. Switching to next key...
2026-05-26 03:01:50,554 [ERROR] ❌ All Cohere API keys exhausted or rate limited.
2026-05-26 03:01:50,555 [ERROR] ❌ Cohere returned an empty response. Verify API Key limits or safety filters.
2026-05-26 03:01:50,556 [INFO] ✅ JSON store updated: /home/tomito/tomito seo (copy 1)/data/content/557.json
2026-05-26 03:01:50,556 [INFO] ✅ movie 557
2026-05-26 03:01:50,599 [INFO] 💾 Index saved — 680 / 1936 done
2026-05-26 03:01:51,847 [WARNING] ⚠️ Rate limit hit on key index 4. Switching to next key...
2026-05-26 03:01:52,373 [WARNING] ⚠️ Rate limit hit on key index 5. Switching to next key...
2026-05-26 03:01:52,628 [WARNING] ⚠️ Rate limit hit on key index 0. Switching to next key...
2026-05-26 03:01:54,528 [WARNING] ⚠️ Rate limit hit on key index 1. Switching to next key...
2026-05-26 03:01:54,683 [WARNING] ⚠️ Error (401) hit on key index 2. Switching to next key...
2026-05-26 03:01:55,122 [WARNING] ⚠️ Rate limit hit on key index 3. Switching to next key...
2026-05-26 03:01:55,255 [WARNING] ⚠️ Error (401) hit on key index 4. Switching to next key...
2026-05-26 03:01:55,297 [WARNING] ⚠️ Rate limit hit on key index 5. Switching to next key...
2026-05-26 03:01:55,515 [WARNING] ⚠️ Error (401) hit on key index 0. Switching to next key...
2026-05-26 03:01:55,528 [WARNING] ⚠️ Rate limit hit on key index 1. Switching to next key...
2026-05-26 03:01:55,914 [WARNING] ⚠️ Rate limit hit on key index 2. Switching to next key...
2026-05-26 03:01:56,474 [WARNING] ⚠️ Error (401) hit on key index 3. Switching to next key...
2026-05-26 03:01:57,068 [WARNING] ⚠️ Rate limit hit on key index 4. Switching to next key...
2026-05-26 03:01:57,116 [WARNING] ⚠️ Rate limit hit on key index 5. Switching to next key...
2026-05-26 03:01:57,600 [WARNING] ⚠️ Rate limit hit on key index 0. Switching to next key...
2026-05-26 03:01:58,196 [WARNING] ⚠️ Rate limit hit on key index 1. Switching to next key...
2026-05-26 03:01:58,324 [WARNING] ⚠️ Error (401) hit on key index 2. Switching to next key...
2026-05-26 03:01:58,339 [WARNING] ⚠️ Rate limit hit on key index 3. Switching to next key...
2026-05-26 03:01:58,748 [WARNING] ⚠️ Rate limit hit on key index 4. Switching to next key...
2026-05-26 03:01:59,790 [WARNING] ⚠️ Rate limit hit on key index 5. Switching to next key...
2026-05-26 03:01:59,802 [WARNING] ⚠️ Rate limit hit on key index 0. Switching to next key...
2026-05-26 03:02:00,032 [WARNING] ⚠️ Rate limit hit on key index 1. Switching to next key...
2026-05-26 03:02:00,750 [ERROR] ❌ All Cohere API keys exhausted or rate limited.
2026-05-26 03:02:00,751 [ERROR] ❌ Cohere returned an empty response. Verify API Key limits or safety filters.
2026-05-26 03:02:00,752 [INFO] ✅ JSON store updated: /home/tomito/tomito seo (copy 1)/data/content/560016.json
2026-05-26 03:02:00,752 [INFO] ✅ movie 560016
2026-05-26 03:02:01,030 [WARNING] ⚠️ Rate limit hit on key index 2. Switching to next key...
2026-05-26 03:02:01,792 [ERROR] ❌ All Cohere API keys exhausted or rate limited.
2026-05-26 03:02:01,793 [ERROR] ❌ Cohere returned an empty response. Verify API Key limits or safety filters.
2026-05-26 03:02:01,795 [INFO] ✅ JSON store updated: /home/tomito/tomito seo (copy 1)/data/content/55846.json
2026-05-26 03:02:01,795 [INFO] ✅ movie 55846
2026-05-26 03:02:02,034 [ERROR] ❌ All Cohere API keys exhausted or rate limited.
2026-05-26 03:02:02,035 [ERROR] ❌ Cohere returned an empty response. Verify API Key limits or safety filters.
2026-05-26 03:02:02,037 [INFO] ✅ JSON store updated: /home/tomito/tomito seo (copy 1)/data/content/558449.json
2026-05-26 03:02:02,038 [INFO] ✅ movie 558449
2026-05-26 03:02:02,422 [WARNING] ⚠️ Rate limit hit on key index 3. Switching to next key...
2026-05-26 03:02:02,810 [WARNING] ⚠️ Rate limit hit on key index 4. Switching to next key...
2026-05-26 03:02:03,977 [WARNING] ⚠️ Rate limit hit on key index 5. Switching to next key...
2026-05-26 03:02:04,846 [INFO] Mirrored asset: bi61KYRPq3uOjcicWBB1xIU9q0x.jpg
2026-05-26 03:02:05,540 [WARNING] ⚠️ Rate limit hit on key index 0. Switching to next key...
2026-05-26 03:02:06,466 [WARNING] ⚠️ Error (401) hit on key index 1. Switching to next key...
2026-05-26 03:02:06,467 [ERROR] ❌ All Cohere API keys exhausted or rate limited.
2026-05-26 03:02:06,467 [ERROR] ❌ Cohere returned an empty response. Verify API Key limits or safety filters.
2026-05-26 03:02:06,469 [INFO] ✅ JSON store updated: /home/tomito/tomito seo (copy 1)/data/content/559.json
2026-05-26 03:02:06,469 [INFO] ✅ movie 559
2026-05-26 03:02:06,628 [WARNING] ⚠️ Rate limit hit on key index 2. Switching to next key...
2026-05-26 03:02:07,078 [WARNING] ⚠️ Rate limit hit on key index 3. Switching to next key...
2026-05-26 03:02:07,227 [WARNING] ⚠️ Error (401) hit on key index 4. Switching to next key...
2026-05-26 03:02:07,542 [ERROR] ❌ All Cohere API keys exhausted or rate limited.
2026-05-26 03:02:07,543 [ERROR] ❌ Cohere returned an empty response. Verify API Key limits or safety filters.
2026-05-26 03:02:07,544 [INFO] ✅ JSON store updated: /home/tomito/tomito seo (copy 1)/data/content/5618.json
2026-05-26 03:02:07,544 [INFO] ✅ movie 5618
2026-05-26 03:02:08,123 [WARNING] ⚠️ Rate limit hit on key index 5. Switching to next key...
2026-05-26 03:02:08,276 [WARNING] ⚠️ Error (401) hit on key index 0. Switching to next key...
2026-05-26 03:02:08,630 [ERROR] ❌ All Cohere API keys exhausted or rate limited.
2026-05-26 03:02:08,631 [ERROR] ❌ Cohere returned an empty response. Verify API Key limits or safety filters.
2026-05-26 03:02:08,633 [INFO] ✅ JSON store updated: /home/tomito/tomito seo (copy 1)/data/content/561.json
2026-05-26 03:02:08,633 [INFO] ✅ movie 561
2026-05-26 03:02:08,885 [WARNING] ⚠️ Error (401) hit on key index 1. Switching to next key...
2026-05-26 03:02:09,356 [WARNING] ⚠️ Rate limit hit on key index 2. Switching to next key...
2026-05-26 03:02:11,145 [WARNING] ⚠️ Rate limit hit on key index 3. Switching to next key...
2026-05-26 03:02:12,446 [WARNING] ⚠️ Rate limit hit on key index 4. Switching to next key...
2026-05-26 03:02:12,615 [WARNING] ⚠️ Rate limit hit on key index 5. Switching to next key...
2026-05-26 03:02:12,922 [WARNING] ⚠️ Rate limit hit on key index 0. Switching to next key...
2026-05-26 03:02:14,320 [WARNING] ⚠️ Error (401) hit on key index 1. Switching to next key...
2026-05-26 03:02:14,339 [WARNING] ⚠️ Error (401) hit on key index 2. Switching to next key...
2026-05-26 03:02:15,318 [WARNING] ⚠️ Rate limit hit on key index 3. Switching to next key...
2026-05-26 03:02:15,481 [WARNING] ⚠️ Rate limit hit on key index 4. Switching to next key...
2026-05-26 03:02:16,066 [WARNING] ⚠️ Rate limit hit on key index 5. Switching to next key...
2026-05-26 03:02:16,322 [WARNING] ⚠️ Rate limit hit on key index 0. Switching to next key...
2026-05-26 03:02:18,233 [WARNING] ⚠️ Error (401) hit on key index 1. Switching to next key...
2026-05-26 03:02:18,235 [ERROR] ❌ All Cohere API keys exhausted or rate limited.
2026-05-26 03:02:18,236 [ERROR] ❌ Cohere returned an empty response. Verify API Key limits or safety filters.
2026-05-26 03:02:18,239 [INFO] ✅ JSON store updated: /home/tomito/tomito seo (copy 1)/data/content/564.json
2026-05-26 03:02:18,240 [INFO] ✅ movie 564
2026-05-26 03:02:18,803 [WARNING] ⚠️ Error (401) hit on key index 2. Switching to next key...
2026-05-26 03:02:19,140 [WARNING] ⚠️ Error (401) hit on key index 3. Switching to next key...
2026-05-26 03:02:19,560 [WARNING] ⚠️ Rate limit hit on key index 4. Switching to next key...
2026-05-26 03:02:19,680 [WARNING] ⚠️ Rate limit hit on key index 5. Switching to next key...
2026-05-26 03:02:21,102 [WARNING] ⚠️ Rate limit hit on key index 0. Switching to next key...
2026-05-26 03:02:21,297 [WARNING] ⚠️ Rate limit hit on key index 1. Switching to next key...
2026-05-26 03:02:21,468 [WARNING] ⚠️ Rate limit hit on key index 2. Switching to next key...
2026-05-26 03:02:22,169 [WARNING] ⚠️ Rate limit hit on key index 3. Switching to next key...
2026-05-26 03:02:22,679 [WARNING] ⚠️ Rate limit hit on key index 4. Switching to next key...
2026-05-26 03:02:23,300 [ERROR] ❌ All Cohere API keys exhausted or rate limited.
2026-05-26 03:02:23,300 [ERROR] ❌ Cohere returned an empty response. Verify API Key limits or safety filters.
2026-05-26 03:02:23,301 [INFO] ✅ JSON store updated: /home/tomito/tomito seo (copy 1)/data/content/56292.json
2026-05-26 03:02:23,302 [INFO] ✅ movie 56292
2026-05-26 03:02:24,412 [WARNING] ⚠️ Rate limit hit on key index 5. Switching to next key...
2026-05-26 03:02:24,793 [WARNING] ⚠️ Rate limit hit on key index 0. Switching to next key...
2026-05-26 03:02:24,993 [WARNING] ⚠️ Rate limit hit on key index 1. Switching to next key...
2026-05-26 03:02:25,652 [WARNING] ⚠️ Rate limit hit on key index 2. Switching to next key...
2026-05-26 03:02:26,795 [ERROR] ❌ All Cohere API keys exhausted or rate limited.
2026-05-26 03:02:26,795 [ERROR] ❌ Cohere returned an empty response. Verify API Key limits or safety filters.
2026-05-26 03:02:26,798 [INFO] ✅ JSON store updated: /home/tomito/tomito seo (copy 1)/data/content/566525.json
2026-05-26 03:02:26,798 [INFO] ✅ movie 566525
2026-05-26 03:02:27,132 [WARNING] ⚠️ Rate limit hit on key index 3. Switching to next key...
2026-05-26 03:02:27,579 [WARNING] ⚠️ Rate limit hit on key index 4. Switching to next key...
2026-05-26 03:02:27,915 [WARNING] ⚠️ Rate limit hit on key index 5. Switching to next key...
2026-05-26 03:02:28,625 [WARNING] ⚠️ Rate limit hit on key index 0. Switching to next key...
2026-05-26 03:02:29,541 [WARNING] ⚠️ Error (401) hit on key index 1. Switching to next key...
2026-05-26 03:02:29,918 [ERROR] ❌ All Cohere API keys exhausted or rate limited.
2026-05-26 03:02:29,919 [ERROR] ❌ Cohere returned an empty response. Verify API Key limits or safety filters.
2026-05-26 03:02:29,920 [INFO] ✅ JSON store updated: /home/tomito/tomito seo (copy 1)/data/content/568.json
2026-05-26 03:02:29,921 [INFO] ✅ movie 568
2026-05-26 03:02:30,781 [WARNING] ⚠️ Rate limit hit on key index 2. Switching to next key...
2026-05-26 03:02:31,115 [WARNING] ⚠️ Rate limit hit on key index 3. Switching to next key...
2026-05-26 03:02:32,127 [WARNING] ⚠️ Rate limit hit on key index 4. Switching to next key...
2026-05-26 03:02:33,551 [WARNING] ⚠️ Rate limit hit on key index 5. Switching to next key...
2026-05-26 03:02:33,818 [WARNING] ⚠️ Rate limit hit on key index 0. Switching to next key...
2026-05-26 03:02:34,130 [ERROR] ❌ All Cohere API keys exhausted or rate limited.
2026-05-26 03:02:34,130 [ERROR] ❌ Cohere returned an empty response. Verify API Key limits or safety filters.
2026-05-26 03:02:34,131 [INFO] ✅ JSON store updated: /home/tomito/tomito seo (copy 1)/data/content/568124.json
2026-05-26 03:02:34,132 [INFO] ✅ movie 568124
2026-05-26 03:02:34,442 [WARNING] ⚠️ Rate limit hit on key index 1. Switching to next key...
2026-05-26 03:02:36,302 [WARNING] ⚠️ Rate limit hit on key index 2. Switching to next key...
2026-05-26 03:02:37,114 [WARNING] ⚠️ Rate limit hit on key index 3. Switching to next key...
2026-05-26 03:02:37,444 [WARNING] ⚠️ Rate limit hit on key index 4. Switching to next key...
2026-05-26 03:02:37,670 [WARNING] ⚠️ Rate limit hit on key index 5. Switching to next key...
2026-05-26 03:02:39,440 [WARNING] ⚠️ Rate limit hit on key index 0. Switching to next key...
2026-05-26 03:02:39,446 [ERROR] ❌ All Cohere API keys exhausted or rate limited.
2026-05-26 03:02:39,447 [ERROR] ❌ Cohere returned an empty response. Verify API Key limits or safety filters.
2026-05-26 03:02:39,448 [INFO] ✅ JSON store updated: /home/tomito/tomito seo (copy 1)/data/content/569094.json
2026-05-26 03:02:39,448 [INFO] ✅ movie 569094
2026-05-26 03:02:39,528 [WARNING] ⚠️ Rate limit hit on key index 1. Switching to next key...
2026-05-26 03:02:40,102 [WARNING] ⚠️ Rate limit hit on key index 2. Switching to next key...
2026-05-26 03:02:40,703 [WARNING] ⚠️ Rate limit hit on key index 3. Switching to next key...
2026-05-26 03:02:41,442 [ERROR] ❌ All Cohere API keys exhausted or rate limited.
2026-05-26 03:02:41,443 [ERROR] ❌ Cohere returned an empty response. Verify API Key limits or safety filters.
2026-05-26 03:02:41,444 [INFO] ✅ JSON store updated: /home/tomito/tomito seo (copy 1)/data/content/573435.json
2026-05-26 03:02:41,444 [INFO] ✅ movie 573435
2026-05-26 03:02:42,506 [WARNING] ⚠️ Rate limit hit on key index 4. Switching to next key...
2026-05-26 03:02:42,683 [WARNING] ⚠️ Rate limit hit on key index 5. Switching to next key...
2026-05-26 03:02:43,665 [INFO] Mirrored asset: mS5ic1vxkT6z4eGbYxiqDsBJduS.jpg
2026-05-26 03:02:47,036 [WARNING] ⚠️ Rate limit hit on key index 0. Switching to next key...
2026-05-26 03:02:47,321 [WARNING] ⚠️ Rate limit hit on key index 1. Switching to next key...
2026-05-26 03:02:47,564 [WARNING] ⚠️ Rate limit hit on key index 2. Switching to next key...
2026-05-26 03:02:50,523 [WARNING] ⚠️ Rate limit hit on key index 3. Switching to next key...
2026-05-26 03:02:52,665 [WARNING] ⚠️ Rate limit hit on key index 4. Switching to next key...
2026-05-26 03:02:52,977 [WARNING] ⚠️ Rate limit hit on key index 5. Switching to next key...
2026-05-26 03:02:54,201 [WARNING] ⚠️ Rate limit hit on key index 0. Switching to next key...
2026-05-26 03:02:55,040 [WARNING] ⚠️ Rate limit hit on key index 1. Switching to next key...
2026-05-26 03:02:55,172 [WARNING] ⚠️ Error (401) hit on key index 2. Switching to next key...
2026-05-26 03:02:57,042 [ERROR] ❌ All Cohere API keys exhausted or rate limited.
2026-05-26 03:02:57,043 [ERROR] ❌ Cohere returned an empty response. Verify API Key limits or safety filters.
2026-05-26 03:02:57,044 [INFO] ✅ JSON store updated: /home/tomito/tomito seo (copy 1)/data/content/575264.json
2026-05-26 03:02:57,045 [INFO] ✅ movie 575264
2026-05-26 03:02:59,326 [WARNING] ⚠️ Rate limit hit on key index 3. Switching to next key...
2026-05-26 03:03:00,378 [WARNING] ⚠️ Rate limit hit on key index 4. Switching to next key...
2026-05-26 03:03:00,825 [WARNING] ⚠️ Error (401) hit on key index 5. Switching to next key...
2026-05-26 03:03:01,291 [WARNING] ⚠️ Rate limit hit on key index 0. Switching to next key...
2026-05-26 03:03:01,328 [ERROR] ❌ All Cohere API keys exhausted or rate limited.
2026-05-26 03:03:01,328 [ERROR] ❌ Cohere returned an empty response. Verify API Key limits or safety filters.
2026-05-26 03:03:01,329 [INFO] ✅ JSON store updated: /home/tomito/tomito seo (copy 1)/data/content/574475.json
2026-05-26 03:03:01,330 [INFO] ✅ movie 574475
2026-05-26 03:03:02,186 [WARNING] ⚠️ Error (401) hit on key index 1. Switching to next key...
2026-05-26 03:03:04,111 [WARNING] ⚠️ Rate limit hit on key index 2. Switching to next key...
2026-05-26 03:03:04,244 [WARNING] ⚠️ Rate limit hit on key index 3. Switching to next key...
2026-05-26 03:03:04,263 [WARNING] ⚠️ Rate limit hit on key index 4. Switching to next key...
2026-05-26 03:03:06,266 [ERROR] ❌ All Cohere API keys exhausted or rate limited.
2026-05-26 03:03:06,267 [ERROR] ❌ Cohere returned an empty response. Verify API Key limits or safety filters.
2026-05-26 03:03:06,268 [INFO] ✅ JSON store updated: /home/tomito/tomito seo (copy 1)/data/content/575265.json
2026-05-26 03:03:06,268 [INFO] ✅ movie 575265
2026-05-26 03:03:06,936 [WARNING] ⚠️ Rate limit hit on key index 5. Switching to next key...
2026-05-26 03:03:08,938 [ERROR] ❌ All Cohere API keys exhausted or rate limited.
2026-05-26 03:03:08,939 [ERROR] ❌ Cohere returned an empty response. Verify API Key limits or safety filters.
2026-05-26 03:03:08,942 [INFO] ✅ JSON store updated: /home/tomito/tomito seo (copy 1)/data/content/575452.json
2026-05-26 03:03:08,946 [INFO] ✅ movie 575452
2026-05-26 03:03:09,387 [ERROR] Cohere API Error: HTTPSConnectionPool(host='api.cohere.com', port=443): Read timed out. (read timeout=60)
2026-05-26 03:03:09,387 [ERROR] ❌ Cohere returned an empty response. Verify API Key limits or safety filters.
2026-05-26 03:03:09,388 [INFO] ✅ JSON store updated: /home/tomito/tomito seo (copy 1)/data/content/565.json
2026-05-26 03:03:09,388 [INFO] ✅ movie 565
2026-05-26 03:03:11,080 [WARNING] ⚠️ Rate limit hit on key index 0. Switching to next key...
2026-05-26 03:03:12,164 [INFO] Mirrored asset: xFZqfF2nkIWjLuqjHZd73l33v0E.jpg
2026-05-26 03:03:13,587 [WARNING] ⚠️ Error (401) hit on key index 1. Switching to next key...
2026-05-26 03:03:14,221 [WARNING] ⚠️ Rate limit hit on key index 2. Switching to next key...
2026-05-26 03:03:14,864 [WARNING] ⚠️ Rate limit hit on key index 3. Switching to next key...
2026-05-26 03:03:15,253 [WARNING] ⚠️ Rate limit hit on key index 4. Switching to next key...
2026-05-26 03:03:15,405 [WARNING] ⚠️ Rate limit hit on key index 5. Switching to next key...
2026-05-26 03:03:16,697 [WARNING] ⚠️ Rate limit hit on key index 0. Switching to next key...
2026-05-26 03:03:16,983 [WARNING] ⚠️ Rate limit hit on key index 1. Switching to next key...
2026-05-26 03:03:18,182 [WARNING] ⚠️ Rate limit hit on key index 2. Switching to next key...
2026-05-26 03:03:18,485 [WARNING] ⚠️ Error (401) hit on key index 3. Switching to next key...
2026-05-26 03:03:18,578 [WARNING] ⚠️ Rate limit hit on key index 4. Switching to next key...
2026-05-26 03:03:19,644 [WARNING] ⚠️ Rate limit hit on key index 5. Switching to next key...
2026-05-26 03:03:19,818 [WARNING] ⚠️ Rate limit hit on key index 0. Switching to next key...
2026-05-26 03:03:20,404 [WARNING] ⚠️ Rate limit hit on key index 1. Switching to next key...
2026-05-26 03:03:20,609 [WARNING] ⚠️ Error (401) hit on key index 2. Switching to next key...
2026-05-26 03:03:21,206 [WARNING] ⚠️ Rate limit hit on key index 3. Switching to next key...
2026-05-26 03:03:21,609 [WARNING] ⚠️ Rate limit hit on key index 4. Switching to next key...
2026-05-26 03:03:22,538 [WARNING] ⚠️ Rate limit hit on key index 5. Switching to next key...
2026-05-26 03:03:22,840 [WARNING] ⚠️ Rate limit hit on key index 0. Switching to next key...
2026-05-26 03:03:23,043 [WARNING] ⚠️ Rate limit hit on key index 1. Switching to next key...
2026-05-26 03:03:23,649 [WARNING] ⚠️ Rate limit hit on key index 2. Switching to next key...
2026-05-26 03:03:24,123 [WARNING] ⚠️ Rate limit hit on key index 3. Switching to next key...
2026-05-26 03:03:24,541 [ERROR] ❌ All Cohere API keys exhausted or rate limited.
2026-05-26 03:03:24,541 [ERROR] ❌ Cohere returned an empty response. Verify API Key limits or safety filters.
2026-05-26 03:03:24,543 [INFO] ✅ JSON store updated: /home/tomito/tomito seo (copy 1)/data/content/57800.json
2026-05-26 03:03:24,543 [INFO] ✅ movie 57800
2026-05-26 03:03:25,288 [WARNING] ⚠️ Rate limit hit on key index 4. Switching to next key...
2026-05-26 03:03:25,493 [WARNING] ⚠️ Rate limit hit on key index 5. Switching to next key...
2026-05-26 03:03:26,151 [WARNING] ⚠️ Rate limit hit on key index 0. Switching to next key...
2026-05-26 03:03:26,413 [WARNING] ⚠️ Rate limit hit on key index 1. Switching to next key...
2026-05-26 03:03:26,578 [WARNING] ⚠️ Rate limit hit on key index 2. Switching to next key...
2026-05-26 03:03:27,290 [ERROR] ❌ All Cohere API keys exhausted or rate limited.
2026-05-26 03:03:27,291 [ERROR] ❌ Cohere returned an empty response. Verify API Key limits or safety filters.
2026-05-26 03:03:27,292 [INFO] ✅ JSON store updated: /home/tomito/tomito seo (copy 1)/data/content/578.json
2026-05-26 03:03:27,293 [INFO] ✅ movie 578
2026-05-26 03:03:27,356 [INFO] 💾 Index saved — 700 / 1936 done
2026-05-26 03:03:28,416 [ERROR] ❌ All Cohere API keys exhausted or rate limited.
2026-05-26 03:03:28,417 [ERROR] ❌ Cohere returned an empty response. Verify API Key limits or safety filters.
2026-05-26 03:03:28,419 [INFO] ✅ JSON store updated: /home/tomito/tomito seo (copy 1)/data/content/58.json
2026-05-26 03:03:28,419 [INFO] ✅ movie 58
2026-05-26 03:03:28,584 [WARNING] ⚠️ Rate limit hit on key index 3. Switching to next key...
2026-05-26 03:03:28,648 [WARNING] ⚠️ Rate limit hit on key index 4. Switching to next key...
2026-05-26 03:03:28,758 [WARNING] ⚠️ Rate limit hit on key index 5. Switching to next key...
2026-05-26 03:03:29,038 [WARNING] ⚠️ Rate limit hit on key index 0. Switching to next key...
2026-05-26 03:03:30,586 [ERROR] ❌ All Cohere API keys exhausted or rate limited.
2026-05-26 03:03:30,587 [ERROR] ❌ Cohere returned an empty response. Verify API Key limits or safety filters.
2026-05-26 03:03:30,588 [INFO] ✅ JSON store updated: /home/tomito/tomito seo (copy 1)/data/content/579974.json
2026-05-26 03:03:30,588 [INFO] ✅ movie 579974
2026-05-26 03:03:31,039 [ERROR] ❌ All Cohere API keys exhausted or rate limited.
2026-05-26 03:03:31,040 [ERROR] ❌ Cohere returned an empty response. Verify API Key limits or safety filters.
2026-05-26 03:03:31,041 [INFO] ✅ JSON store updated: /home/tomito/tomito seo (copy 1)/data/content/58008.json
2026-05-26 03:03:31,042 [INFO] ✅ movie 58008
2026-05-26 03:03:31,391 [WARNING] ⚠️ Error (401) hit on key index 1. Switching to next key...
2026-05-26 03:03:32,346 [WARNING] ⚠️ Rate limit hit on key index 2. Switching to next key...
2026-05-26 03:03:32,683 [WARNING] ⚠️ Rate limit hit on key index 3. Switching to next key...
2026-05-26 03:03:33,186 [WARNING] ⚠️ Error (401) hit on key index 4. Switching to next key...
2026-05-26 03:03:34,296 [WARNING] ⚠️ Rate limit hit on key index 5. Switching to next key...
2026-05-26 03:03:34,636 [WARNING] ⚠️ Rate limit hit on key index 0. Switching to next key...
2026-05-26 03:03:35,569 [INFO] Mirrored asset: cLijY9VlDJ0568xrAxLxEQmBAUY.jpg
2026-05-26 03:03:35,588 [WARNING] ⚠️ Error (401) hit on key index 1. Switching to next key...
2026-05-26 03:03:35,690 [WARNING] ⚠️ Rate limit hit on key index 2. Switching to next key...
2026-05-26 03:03:36,393 [WARNING] ⚠️ Rate limit hit on key index 3. Switching to next key...
2026-05-26 03:03:36,829 [WARNING] ⚠️ Rate limit hit on key index 4. Switching to next key...
2026-05-26 03:03:37,928 [WARNING] ⚠️ Rate limit hit on key index 5. Switching to next key...
2026-05-26 03:03:38,182 [WARNING] ⚠️ Rate limit hit on key index 0. Switching to next key...
2026-05-26 03:03:38,776 [WARNING] ⚠️ Rate limit hit on key index 1. Switching to next key...
2026-05-26 03:03:39,306 [WARNING] ⚠️ Rate limit hit on key index 2. Switching to next key...
2026-05-26 03:03:39,936 [WARNING] ⚠️ Error (401) hit on key index 3. Switching to next key...
2026-05-26 03:03:40,183 [ERROR] ❌ All Cohere API keys exhausted or rate limited.
2026-05-26 03:03:40,185 [ERROR] ❌ Cohere returned an empty response. Verify API Key limits or safety filters.
2026-05-26 03:03:40,187 [INFO] ✅ JSON store updated: /home/tomito/tomito seo (copy 1)/data/content/57627.json
2026-05-26 03:03:40,188 [INFO] ✅ movie 57627
2026-05-26 03:03:40,491 [WARNING] ⚠️ Rate limit hit on key index 4. Switching to next key...
2026-05-26 03:03:41,622 [WARNING] ⚠️ Rate limit hit on key index 5. Switching to next key...
2026-05-26 03:03:41,686 [WARNING] ⚠️ Rate limit hit on key index 0. Switching to next key...
2026-05-26 03:03:43,094 [WARNING] ⚠️ Error (401) hit on key index 1. Switching to next key...
2026-05-26 03:03:43,632 [WARNING] ⚠️ Rate limit hit on key index 2. Switching to next key...
2026-05-26 03:03:44,269 [WARNING] ⚠️ Rate limit hit on key index 3. Switching to next key...
2026-05-26 03:03:44,900 [WARNING] ⚠️ Rate limit hit on key index 4. Switching to next key...
2026-05-26 03:03:45,284 [WARNING] ⚠️ Rate limit hit on key index 5. Switching to next key...
2026-05-26 03:03:46,700 [WARNING] ⚠️ Rate limit hit on key index 0. Switching to next key...
2026-05-26 03:03:47,269 [WARNING] ⚠️ Rate limit hit on key index 1. Switching to next key...
2026-05-26 03:03:47,286 [ERROR] ❌ All Cohere API keys exhausted or rate limited.
2026-05-26 03:03:47,287 [ERROR] ❌ Cohere returned an empty response. Verify API Key limits or safety filters.
2026-05-26 03:03:47,288 [INFO] ✅ JSON store updated: /home/tomito/tomito seo (copy 1)/data/content/581528.json
2026-05-26 03:03:47,288 [INFO] ✅ movie 581528
2026-05-26 03:03:47,523 [WARNING] ⚠️ Rate limit hit on key index 2. Switching to next key...
2026-05-26 03:03:49,146 [WARNING] ⚠️ Error (401) hit on key index 3. Switching to next key...
2026-05-26 03:03:49,526 [ERROR] ❌ All Cohere API keys exhausted or rate limited.
2026-05-26 03:03:49,527 [ERROR] ❌ Cohere returned an empty response. Verify API Key limits or safety filters.
2026-05-26 03:03:49,528 [INFO] ✅ JSON store updated: /home/tomito/tomito seo (copy 1)/data/content/588228.json
2026-05-26 03:03:49,528 [INFO] ✅ movie 588228
2026-05-26 03:03:50,532 [WARNING] ⚠️ Rate limit hit on key index 4. Switching to next key...
2026-05-26 03:03:50,595 [WARNING] ⚠️ Rate limit hit on key index 5. Switching to next key...
2026-05-26 03:03:51,183 [WARNING] ⚠️ Rate limit hit on key index 0. Switching to next key...
2026-05-26 03:03:52,338 [WARNING] ⚠️ Error (401) hit on key index 1. Switching to next key...
2026-05-26 03:03:53,272 [WARNING] ⚠️ Rate limit hit on key index 2. Switching to next key...
2026-05-26 03:03:53,381 [WARNING] ⚠️ Rate limit hit on key index 3. Switching to next key...
2026-05-26 03:03:54,052 [WARNING] ⚠️ Rate limit hit on key index 4. Switching to next key...
2026-05-26 03:03:54,171 [WARNING] ⚠️ Rate limit hit on key index 5. Switching to next key...
2026-05-26 03:03:54,363 [WARNING] ⚠️ Rate limit hit on key index 0. Switching to next key...
2026-05-26 03:03:56,054 [ERROR] ❌ All Cohere API keys exhausted or rate limited.
2026-05-26 03:03:56,055 [ERROR] ❌ Cohere returned an empty response. Verify API Key limits or safety filters.
2026-05-26 03:03:56,056 [INFO] ✅ JSON store updated: /home/tomito/tomito seo (copy 1)/data/content/585083.json
2026-05-26 03:03:56,057 [INFO] ✅ movie 585083
2026-05-26 03:03:57,074 [WARNING] ⚠️ Error (401) hit on key index 1. Switching to next key...
2026-05-26 03:03:57,550 [WARNING] ⚠️ Rate limit hit on key index 2. Switching to next key...
2026-05-26 03:03:57,911 [WARNING] ⚠️ Error (401) hit on key index 3. Switching to next key...
2026-05-26 03:03:57,912 [ERROR] ❌ All Cohere API keys exhausted or rate limited.
2026-05-26 03:03:57,912 [ERROR] ❌ Cohere returned an empty response. Verify API Key limits or safety filters.
2026-05-26 03:03:57,913 [INFO] ✅ JSON store updated: /home/tomito/tomito seo (copy 1)/data/content/585.json
2026-05-26 03:03:57,914 [INFO] ✅ movie 585
2026-05-26 03:03:58,843 [WARNING] ⚠️ Error (401) hit on key index 4. Switching to next key...
2026-05-26 03:03:58,983 [WARNING] ⚠️ Rate limit hit on key index 5. Switching to next key...
2026-05-26 03:03:59,339 [WARNING] ⚠️ Rate limit hit on key index 0. Switching to next key...
2026-05-26 03:03:59,395 [WARNING] ⚠️ Rate limit hit on key index 1. Switching to next key...
2026-05-26 03:03:59,553 [ERROR] ❌ All Cohere API keys exhausted or rate limited.
2026-05-26 03:03:59,554 [ERROR] ❌ Cohere returned an empty response. Verify API Key limits or safety filters.
2026-05-26 03:03:59,555 [INFO] ✅ JSON store updated: /home/tomito/tomito seo (copy 1)/data/content/5889.json
2026-05-26 03:03:59,556 [INFO] ✅ movie 5889
2026-05-26 03:04:00,213 [WARNING] ⚠️ Error (401) hit on key index 2. Switching to next key...
2026-05-26 03:04:01,532 [WARNING] ⚠️ Rate limit hit on key index 3. Switching to next key...
2026-05-26 03:04:02,728 [WARNING] ⚠️ Rate limit hit on key index 4. Switching to next key...
2026-05-26 03:04:02,857 [WARNING] ⚠️ Rate limit hit on key index 5. Switching to next key...
2026-05-26 03:04:03,209 [WARNING] ⚠️ Rate limit hit on key index 0. Switching to next key...
2026-05-26 03:04:03,482 [WARNING] ⚠️ Rate limit hit on key index 1. Switching to next key...
2026-05-26 03:04:04,042 [WARNING] ⚠️ Rate limit hit on key index 2. Switching to next key...
2026-05-26 03:04:05,908 [WARNING] ⚠️ Rate limit hit on key index 3. Switching to next key...
2026-05-26 03:04:06,716 [WARNING] ⚠️ Rate limit hit on key index 4. Switching to next key...
2026-05-26 03:04:06,892 [WARNING] ⚠️ Rate limit hit on key index 5. Switching to next key...
2026-05-26 03:04:07,582 [WARNING] ⚠️ Rate limit hit on key index 0. Switching to next key...
2026-05-26 03:04:07,878 [WARNING] ⚠️ Rate limit hit on key index 1. Switching to next key...
2026-05-26 03:04:07,910 [ERROR] ❌ All Cohere API keys exhausted or rate limited.
2026-05-26 03:04:07,911 [ERROR] ❌ Cohere returned an empty response. Verify API Key limits or safety filters.
2026-05-26 03:04:07,912 [INFO] ✅ JSON store updated: /home/tomito/tomito seo (copy 1)/data/content/585032.json
2026-05-26 03:04:07,912 [INFO] ✅ movie 585032
2026-05-26 03:04:08,720 [ERROR] ❌ All Cohere API keys exhausted or rate limited.
2026-05-26 03:04:08,721 [ERROR] ❌ Cohere returned an empty response. Verify API Key limits or safety filters.
2026-05-26 03:04:08,723 [INFO] ✅ JSON store updated: /home/tomito/tomito seo (copy 1)/data/content/59.json
2026-05-26 03:04:08,724 [INFO] ✅ movie 59
2026-05-26 03:04:09,597 [WARNING] ⚠️ Rate limit hit on key index 2. Switching to next key...
2026-05-26 03:04:10,014 [WARNING] ⚠️ Rate limit hit on key index 3. Switching to next key...
2026-05-26 03:04:10,856 [WARNING] ⚠️ Rate limit hit on key index 4. Switching to next key...
2026-05-26 03:04:11,942 [WARNING] ⚠️ Rate limit hit on key index 5. Switching to next key...
2026-05-26 03:04:12,018 [ERROR] ❌ All Cohere API keys exhausted or rate limited.
2026-05-26 03:04:12,018 [ERROR] ❌ Cohere returned an empty response. Verify API Key limits or safety filters.
2026-05-26 03:04:12,020 [INFO] ✅ JSON store updated: /home/tomito/tomito seo (copy 1)/data/content/5916.json
2026-05-26 03:04:12,020 [INFO] ✅ movie 5916
2026-05-26 03:04:12,168 [WARNING] ⚠️ Rate limit hit on key index 0. Switching to next key...
2026-05-26 03:04:12,507 [WARNING] ⚠️ Rate limit hit on key index 1. Switching to next key...
2026-05-26 03:04:14,246 [WARNING] ⚠️ Rate limit hit on key index 2. Switching to next key...
2026-05-26 03:04:14,586 [WARNING] ⚠️ Rate limit hit on key index 3. Switching to next key...
2026-05-26 03:04:14,811 [WARNING] ⚠️ Rate limit hit on key index 4. Switching to next key...
2026-05-26 03:04:15,421 [WARNING] ⚠️ Rate limit hit on key index 5. Switching to next key...
2026-05-26 03:04:16,592 [WARNING] ⚠️ Rate limit hit on key index 0. Switching to next key...
2026-05-26 03:04:16,812 [WARNING] ⚠️ Rate limit hit on key index 1. Switching to next key...
2026-05-26 03:04:16,813 [ERROR] ❌ All Cohere API keys exhausted or rate limited.
2026-05-26 03:04:16,814 [ERROR] ❌ Cohere returned an empty response. Verify API Key limits or safety filters.
2026-05-26 03:04:16,816 [INFO] ✅ JSON store updated: /home/tomito/tomito seo (copy 1)/data/content/59336.json
2026-05-26 03:04:16,816 [INFO] ✅ movie 59336
2026-05-26 03:04:17,078 [WARNING] ⚠️ Rate limit hit on key index 2. Switching to next key...
2026-05-26 03:04:18,274 [WARNING] ⚠️ Rate limit hit on key index 3. Switching to next key...
2026-05-26 03:04:19,845 [WARNING] ⚠️ Rate limit hit on key index 4. Switching to next key...
2026-05-26 03:04:20,122 [WARNING] ⚠️ Rate limit hit on key index 5. Switching to next key...
2026-05-26 03:04:20,522 [WARNING] ⚠️ Rate limit hit on key index 0. Switching to next key...
2026-05-26 03:04:20,932 [WARNING] ⚠️ Rate limit hit on key index 1. Switching to next key...
2026-05-26 03:04:21,403 [WARNING] ⚠️ Error (401) hit on key index 2. Switching to next key...
2026-05-26 03:04:21,821 [WARNING] ⚠️ Rate limit hit on key index 3. Switching to next key...
2026-05-26 03:04:21,846 [ERROR] ❌ All Cohere API keys exhausted or rate limited.
2026-05-26 03:04:21,847 [ERROR] ❌ Cohere returned an empty response. Verify API Key limits or safety filters.
2026-05-26 03:04:21,848 [INFO] ✅ JSON store updated: /home/tomito/tomito seo (copy 1)/data/content/59440.json
2026-05-26 03:04:21,849 [INFO] ✅ movie 59440
2026-05-26 03:04:22,799 [WARNING] ⚠️ Rate limit hit on key index 4. Switching to next key...
2026-05-26 03:04:23,038 [WARNING] ⚠️ Rate limit hit on key index 5. Switching to next key...
2026-05-26 03:04:24,896 [WARNING] ⚠️ Rate limit hit on key index 0. Switching to next key...
2026-05-26 03:04:26,145 [WARNING] ⚠️ Error (401) hit on key index 1. Switching to next key...
2026-05-26 03:04:26,145 [ERROR] ❌ All Cohere API keys exhausted or rate limited.
2026-05-26 03:04:26,146 [ERROR] ❌ Cohere returned an empty response. Verify API Key limits or safety filters.
2026-05-26 03:04:26,148 [INFO] ✅ JSON store updated: /home/tomito/tomito seo (copy 1)/data/content/598.json
2026-05-26 03:04:26,148 [INFO] ✅ movie 598
2026-05-26 03:04:26,338 [WARNING] ⚠️ Rate limit hit on key index 2. Switching to next key...
2026-05-26 03:04:26,489 [WARNING] ⚠️ Rate limit hit on key index 3. Switching to next key...
2026-05-26 03:04:27,003 [WARNING] ⚠️ Error (401) hit on key index 4. Switching to next key...
2026-05-26 03:04:27,404 [WARNING] ⚠️ Rate limit hit on key index 5. Switching to next key...
2026-05-26 03:04:28,701 [WARNING] ⚠️ Rate limit hit on key index 0. Switching to next key...
2026-05-26 03:04:29,280 [WARNING] ⚠️ Rate limit hit on key index 1. Switching to next key...
2026-05-26 03:04:29,406 [ERROR] ❌ All Cohere API keys exhausted or rate limited.
2026-05-26 03:04:29,407 [ERROR] ❌ Cohere returned an empty response. Verify API Key limits or safety filters.
2026-05-26 03:04:29,408 [INFO] ✅ JSON store updated: /home/tomito/tomito seo (copy 1)/data/content/597.json
2026-05-26 03:04:29,408 [INFO] ✅ movie 597
2026-05-26 03:04:29,501 [WARNING] ⚠️ Rate limit hit on key index 2. Switching to next key...
2026-05-26 03:04:31,709 [INFO] Mirrored asset: qbJx8lLgGxMeBbieyYGHKcVWpN.jpg
2026-05-26 03:04:31,929 [WARNING] ⚠️ Rate limit hit on key index 3. Switching to next key...
2026-05-26 03:04:32,491 [WARNING] ⚠️ Rate limit hit on key index 4. Switching to next key...
2026-05-26 03:04:32,497 [WARNING] ⚠️ Rate limit hit on key index 5. Switching to next key...
2026-05-26 03:04:33,028 [WARNING] ⚠️ Rate limit hit on key index 0. Switching to next key...
2026-05-26 03:04:33,184 [WARNING] ⚠️ Rate limit hit on key index 1. Switching to next key...
2026-05-26 03:04:34,351 [WARNING] ⚠️ Rate limit hit on key index 2. Switching to next key...
2026-05-26 03:04:35,186 [ERROR] ❌ All Cohere API keys exhausted or rate limited.
2026-05-26 03:04:35,187 [ERROR] ❌ Cohere returned an empty response. Verify API Key limits or safety filters.
2026-05-26 03:04:35,189 [INFO] ✅ JSON store updated: /home/tomito/tomito seo (copy 1)/data/content/601.json
2026-05-26 03:04:35,189 [INFO] ✅ movie 601
2026-05-26 03:04:35,626 [WARNING] ⚠️ Rate limit hit on key index 3. Switching to next key...
2026-05-26 03:04:35,865 [WARNING] ⚠️ Rate limit hit on key index 4. Switching to next key...
2026-05-26 03:04:36,049 [WARNING] ⚠️ Rate limit hit on key index 5. Switching to next key...
2026-05-26 03:04:37,342 [WARNING] ⚠️ Rate limit hit on key index 0. Switching to next key...
2026-05-26 03:04:38,003 [WARNING] ⚠️ Rate limit hit on key index 1. Switching to next key...
2026-05-26 03:04:38,052 [ERROR] ❌ All Cohere API keys exhausted or rate limited.
2026-05-26 03:04:38,052 [ERROR] ❌ Cohere returned an empty response. Verify API Key limits or safety filters.
2026-05-26 03:04:38,053 [INFO] ✅ JSON store updated: /home/tomito/tomito seo (copy 1)/data/content/601666.json
2026-05-26 03:04:38,053 [INFO] ✅ movie 601666
2026-05-26 03:04:38,061 [INFO] Mirrored asset: 921q4gPNN4J6UxvKaw6SCNBe3F8.jpg
2026-05-26 03:04:38,180 [WARNING] ⚠️ Error (401) hit on key index 2. Switching to next key...
2026-05-26 03:04:38,761 [WARNING] ⚠️ Rate limit hit on key index 3. Switching to next key...
2026-05-26 03:04:39,411 [WARNING] ⚠️ Rate limit hit on key index 4. Switching to next key...
2026-05-26 03:04:40,762 [ERROR] ❌ All Cohere API keys exhausted or rate limited.
2026-05-26 03:04:40,763 [ERROR] ❌ Cohere returned an empty response. Verify API Key limits or safety filters.
2026-05-26 03:04:40,764 [INFO] ✅ JSON store updated: /home/tomito/tomito seo (copy 1)/data/content/603.json
2026-05-26 03:04:40,765 [INFO] ✅ movie 603
2026-05-26 03:04:40,975 [WARNING] ⚠️ Rate limit hit on key index 5. Switching to next key...
2026-05-26 03:04:41,227 [WARNING] ⚠️ Rate limit hit on key index 0. Switching to next key...
2026-05-26 03:04:44,043 [INFO] Mirrored asset: 5tQOEf89zRFKaJ9vNVkyDxiO2Cw.jpg
2026-05-26 03:04:44,283 [WARNING] ⚠️ Error (401) hit on key index 1. Switching to next key...
2026-05-26 03:04:44,334 [WARNING] ⚠️ Error (401) hit on key index 2. Switching to next key...
2026-05-26 03:04:44,365 [WARNING] ⚠️ Error (401) hit on key index 3. Switching to next key...
2026-05-26 03:04:44,513 [WARNING] ⚠️ Error (401) hit on key index 4. Switching to next key...
2026-05-26 03:04:45,732 [WARNING] ⚠️ Rate limit hit on key index 5. Switching to next key...
2026-05-26 03:04:45,865 [WARNING] ⚠️ Rate limit hit on key index 0. Switching to next key...
2026-05-26 03:04:45,967 [WARNING] ⚠️ Rate limit hit on key index 1. Switching to next key...
2026-05-26 03:04:46,369 [WARNING] ⚠️ Rate limit hit on key index 2. Switching to next key...
2026-05-26 03:04:46,559 [WARNING] ⚠️ Error (401) hit on key index 3. Switching to next key...
2026-05-26 03:04:47,032 [WARNING] ⚠️ Rate limit hit on key index 4. Switching to next key...
2026-05-26 03:04:48,302 [WARNING] ⚠️ Rate limit hit on key index 5. Switching to next key...
2026-05-26 03:04:48,879 [WARNING] ⚠️ Rate limit hit on key index 0. Switching to next key...
2026-05-26 03:04:49,103 [WARNING] ⚠️ Rate limit hit on key index 1. Switching to next key...
2026-05-26 03:04:49,330 [WARNING] ⚠️ Rate limit hit on key index 2. Switching to next key...
2026-05-26 03:04:49,600 [WARNING] ⚠️ Error (401) hit on key index 3. Switching to next key...
2026-05-26 03:04:49,947 [WARNING] ⚠️ Rate limit hit on key index 4. Switching to next key...
2026-05-26 03:04:50,301 [WARNING] ⚠️ Rate limit hit on key index 5. Switching to next key...
2026-05-26 03:04:51,113 [ERROR] ❌ All Cohere API keys exhausted or rate limited.
2026-05-26 03:04:51,114 [ERROR] ❌ Cohere returned an empty response. Verify API Key limits or safety filters.
2026-05-26 03:04:51,115 [INFO] ✅ JSON store updated: /home/tomito/tomito seo (copy 1)/data/content/604079.json
2026-05-26 03:04:51,115 [INFO] ✅ movie 604079
2026-05-26 03:04:51,140 [WARNING] ⚠️ Rate limit hit on key index 0. Switching to next key...
2026-05-26 03:04:51,156 [INFO] 💾 Index saved — 720 / 1936 done
2026-05-26 03:04:51,804 [WARNING] ⚠️ Rate limit hit on key index 1. Switching to next key...
2026-05-26 03:04:51,949 [ERROR] ❌ All Cohere API keys exhausted or rate limited.
2026-05-26 03:04:51,949 [ERROR] ❌ Cohere returned an empty response. Verify API Key limits or safety filters.
2026-05-26 03:04:51,951 [INFO] ✅ JSON store updated: /home/tomito/tomito seo (copy 1)/data/content/603692.json
2026-05-26 03:04:51,951 [INFO] ✅ movie 603692
2026-05-26 03:04:52,363 [WARNING] ⚠️ Error (401) hit on key index 2. Switching to next key...
2026-05-26 03:04:53,068 [WARNING] ⚠️ Rate limit hit on key index 3. Switching to next key...
2026-05-26 03:04:53,142 [ERROR] ❌ All Cohere API keys exhausted or rate limited.
2026-05-26 03:04:53,143 [ERROR] ❌ Cohere returned an empty response. Verify API Key limits or safety filters.
2026-05-26 03:04:53,144 [INFO] ✅ JSON store updated: /home/tomito/tomito seo (copy 1)/data/content/601169.json
2026-05-26 03:04:53,144 [INFO] ✅ movie 601169
2026-05-26 03:04:53,266 [WARNING] ⚠️ Rate limit hit on key index 4. Switching to next key...
2026-05-26 03:04:54,564 [WARNING] ⚠️ Rate limit hit on key index 5. Switching to next key...
2026-05-26 03:04:55,070 [ERROR] ❌ All Cohere API keys exhausted or rate limited.
2026-05-26 03:04:55,071 [ERROR] ❌ Cohere returned an empty response. Verify API Key limits or safety filters.
2026-05-26 03:04:55,073 [INFO] ✅ JSON store updated: /home/tomito/tomito seo (copy 1)/data/content/606856.json
2026-05-26 03:04:55,074 [INFO] ✅ movie 606856
2026-05-26 03:04:56,586 [WARNING] ⚠️ Rate limit hit on key index 0. Switching to next key...
2026-05-26 03:04:57,132 [WARNING] ⚠️ Rate limit hit on key index 1. Switching to next key...
2026-05-26 03:04:57,395 [WARNING] ⚠️ Rate limit hit on key index 2. Switching to next key...
2026-05-26 03:04:57,862 [INFO] Mirrored asset: wPGNm5tS2tDdJypdOifeMOsH3t.jpg
2026-05-26 03:04:57,868 [WARNING] ⚠️ Rate limit hit on key index 3. Switching to next key...
2026-05-26 03:04:58,540 [WARNING] ⚠️ Rate limit hit on key index 4. Switching to next key...
2026-05-26 03:04:58,718 [WARNING] ⚠️ Rate limit hit on key index 5. Switching to next key...
2026-05-26 03:04:59,032 [WARNING] ⚠️ Rate limit hit on key index 0. Switching to next key...
2026-05-26 03:05:00,257 [WARNING] ⚠️ Error (401) hit on key index 1. Switching to next key...
2026-05-26 03:05:00,294 [WARNING] ⚠️ Error (401) hit on key index 2. Switching to next key...
2026-05-26 03:05:00,295 [ERROR] ❌ All Cohere API keys exhausted or rate limited.
2026-05-26 03:05:00,295 [ERROR] ❌ Cohere returned an empty response. Verify API Key limits or safety filters.
2026-05-26 03:05:00,297 [INFO] ✅ JSON store updated: /home/tomito/tomito seo (copy 1)/data/content/607.json
2026-05-26 03:05:00,297 [INFO] ✅ movie 607
2026-05-26 03:05:00,744 [WARNING] ⚠️ Rate limit hit on key index 3. Switching to next key...
2026-05-26 03:05:00,845 [WARNING] ⚠️ Error (401) hit on key index 4. Switching to next key...
2026-05-26 03:05:00,847 [ERROR] ❌ All Cohere API keys exhausted or rate limited.
2026-05-26 03:05:00,848 [ERROR] ❌ Cohere returned an empty response. Verify API Key limits or safety filters.
2026-05-26 03:05:00,850 [INFO] ✅ JSON store updated: /home/tomito/tomito seo (copy 1)/data/content/615453.json
2026-05-26 03:05:00,851 [INFO] ✅ movie 615453
2026-05-26 03:05:01,344 [WARNING] ⚠️ Rate limit hit on key index 5. Switching to next key...
2026-05-26 03:05:01,814 [WARNING] ⚠️ Rate limit hit on key index 0. Switching to next key...
2026-05-26 03:05:02,098 [WARNING] ⚠️ Rate limit hit on key index 1. Switching to next key...
2026-05-26 03:05:03,994 [WARNING] ⚠️ Rate limit hit on key index 2. Switching to next key...
2026-05-26 03:05:04,325 [WARNING] ⚠️ Rate limit hit on key index 3. Switching to next key...
2026-05-26 03:05:04,346 [WARNING] ⚠️ Rate limit hit on key index 4. Switching to next key...
2026-05-26 03:05:04,403 [WARNING] ⚠️ Rate limit hit on key index 5. Switching to next key...
2026-05-26 03:05:04,967 [WARNING] ⚠️ Rate limit hit on key index 0. Switching to next key...
2026-05-26 03:05:05,513 [WARNING] ⚠️ Rate limit hit on key index 1. Switching to next key...
2026-05-26 03:05:06,782 [WARNING] ⚠️ Rate limit hit on key index 2. Switching to next key...
2026-05-26 03:05:06,964 [WARNING] ⚠️ Rate limit hit on key index 3. Switching to next key...
2026-05-26 03:05:07,170 [WARNING] ⚠️ Rate limit hit on key index 4. Switching to next key...
2026-05-26 03:05:07,345 [WARNING] ⚠️ Rate limit hit on key index 5. Switching to next key...
2026-05-26 03:05:07,973 [WARNING] ⚠️ Rate limit hit on key index 0. Switching to next key...
2026-05-26 03:05:08,480 [WARNING] ⚠️ Rate limit hit on key index 1. Switching to next key...
2026-05-26 03:05:09,294 [WARNING] ⚠️ Rate limit hit on key index 2. Switching to next key...
2026-05-26 03:05:10,963 [WARNING] ⚠️ Rate limit hit on key index 3. Switching to next key...
2026-05-26 03:05:11,180 [WARNING] ⚠️ Rate limit hit on key index 4. Switching to next key...
2026-05-26 03:05:11,297 [ERROR] ❌ All Cohere API keys exhausted or rate limited.
2026-05-26 03:05:11,298 [ERROR] ❌ Cohere returned an empty response. Verify API Key limits or safety filters.
2026-05-26 03:05:11,299 [INFO] ✅ JSON store updated: /home/tomito/tomito seo (copy 1)/data/content/615457.json
2026-05-26 03:05:11,299 [INFO] ✅ movie 615457
2026-05-26 03:05:11,470 [WARNING] ⚠️ Rate limit hit on key index 5. Switching to next key...
2026-05-26 03:05:11,843 [WARNING] ⚠️ Rate limit hit on key index 0. Switching to next key...
2026-05-26 03:05:12,101 [WARNING] ⚠️ Rate limit hit on key index 1. Switching to next key...
2026-05-26 03:05:12,966 [ERROR] ❌ All Cohere API keys exhausted or rate limited.
2026-05-26 03:05:12,966 [ERROR] ❌ Cohere returned an empty response. Verify API Key limits or safety filters.
2026-05-26 03:05:12,968 [INFO] ✅ JSON store updated: /home/tomito/tomito seo (copy 1)/data/content/616037.json
2026-05-26 03:05:12,968 [INFO] ✅ movie 616037
2026-05-26 03:05:14,044 [WARNING] ⚠️ Rate limit hit on key index 2. Switching to next key...
2026-05-26 03:05:14,722 [WARNING] ⚠️ Rate limit hit on key index 3. Switching to next key...
2026-05-26 03:05:15,264 [WARNING] ⚠️ Rate limit hit on key index 4. Switching to next key...
2026-05-26 03:05:16,390 [WARNING] ⚠️ Rate limit hit on key index 5. Switching to next key...
2026-05-26 03:05:16,725 [ERROR] ❌ All Cohere API keys exhausted or rate limited.
2026-05-26 03:05:16,725 [ERROR] ❌ Cohere returned an empty response. Verify API Key limits or safety filters.
2026-05-26 03:05:16,727 [INFO] ✅ JSON store updated: /home/tomito/tomito seo (copy 1)/data/content/615777.json
2026-05-26 03:05:16,727 [INFO] ✅ movie 615777
2026-05-26 03:05:17,015 [WARNING] ⚠️ Rate limit hit on key index 0. Switching to next key...
2026-05-26 03:05:17,710 [WARNING] ⚠️ Error (401) hit on key index 1. Switching to next key...
2026-05-26 03:05:18,993 [WARNING] ⚠️ Rate limit hit on key index 2. Switching to next key...
2026-05-26 03:05:20,101 [WARNING] ⚠️ Rate limit hit on key index 3. Switching to next key...
2026-05-26 03:05:20,437 [WARNING] ⚠️ Rate limit hit on key index 4. Switching to next key...
2026-05-26 03:05:20,994 [ERROR] ❌ All Cohere API keys exhausted or rate limited.
2026-05-26 03:05:20,995 [ERROR] ❌ Cohere returned an empty response. Verify API Key limits or safety filters.
2026-05-26 03:05:20,996 [INFO] ✅ JSON store updated: /home/tomito/tomito seo (copy 1)/data/content/617126.json
2026-05-26 03:05:20,997 [INFO] ✅ movie 617126
2026-05-26 03:05:21,057 [WARNING] ⚠️ Rate limit hit on key index 5. Switching to next key...
2026-05-26 03:05:22,672 [WARNING] ⚠️ Rate limit hit on key index 0. Switching to next key...
2026-05-26 03:05:23,291 [WARNING] ⚠️ Rate limit hit on key index 1. Switching to next key...
2026-05-26 03:05:23,807 [WARNING] ⚠️ Rate limit hit on key index 2. Switching to next key...
2026-05-26 03:05:23,934 [WARNING] ⚠️ Error (401) hit on key index 3. Switching to next key...
2026-05-26 03:05:23,934 [ERROR] ❌ All Cohere API keys exhausted or rate limited.
2026-05-26 03:05:23,934 [ERROR] ❌ Cohere returned an empty response. Verify API Key limits or safety filters.
2026-05-26 03:05:23,936 [INFO] ✅ JSON store updated: /home/tomito/tomito seo (copy 1)/data/content/617653.json
2026-05-26 03:05:23,937 [INFO] ✅ movie 617653
2026-05-26 03:05:23,959 [WARNING] ⚠️ Rate limit hit on key index 4. Switching to next key...
2026-05-26 03:05:25,294 [ERROR] ❌ All Cohere API keys exhausted or rate limited.
2026-05-26 03:05:25,294 [ERROR] ❌ Cohere returned an empty response. Verify API Key limits or safety filters.
2026-05-26 03:05:25,296 [INFO] ✅ JSON store updated: /home/tomito/tomito seo (copy 1)/data/content/62177.json
2026-05-26 03:05:25,296 [INFO] ✅ movie 62177
2026-05-26 03:05:25,574 [WARNING] ⚠️ Rate limit hit on key index 5. Switching to next key...
2026-05-26 03:05:26,901 [WARNING] ⚠️ Rate limit hit on key index 0. Switching to next key...
2026-05-26 03:05:27,157 [WARNING] ⚠️ Rate limit hit on key index 1. Switching to next key...
2026-05-26 03:05:27,766 [WARNING] ⚠️ Rate limit hit on key index 2. Switching to next key...
2026-05-26 03:05:28,350 [WARNING] ⚠️ Rate limit hit on key index 3. Switching to next key...
2026-05-26 03:05:28,990 [WARNING] ⚠️ Rate limit hit on key index 4. Switching to next key...
2026-05-26 03:05:29,255 [WARNING] ⚠️ Rate limit hit on key index 5. Switching to next key...
2026-05-26 03:05:29,990 [WARNING] ⚠️ Rate limit hit on key index 0. Switching to next key...
2026-05-26 03:05:30,222 [WARNING] ⚠️ Rate limit hit on key index 1. Switching to next key...
2026-05-26 03:05:31,054 [WARNING] ⚠️ Rate limit hit on key index 2. Switching to next key...
2026-05-26 03:05:31,226 [WARNING] ⚠️ Rate limit hit on key index 3. Switching to next key...
2026-05-26 03:05:31,856 [WARNING] ⚠️ Rate limit hit on key index 4. Switching to next key...
2026-05-26 03:05:33,012 [WARNING] ⚠️ Rate limit hit on key index 5. Switching to next key...
2026-05-26 03:05:33,133 [WARNING] ⚠️ Rate limit hit on key index 0. Switching to next key...
2026-05-26 03:05:33,171 [WARNING] ⚠️ Rate limit hit on key index 1. Switching to next key...
2026-05-26 03:05:33,454 [WARNING] ⚠️ Rate limit hit on key index 2. Switching to next key...
2026-05-26 03:05:33,641 [WARNING] ⚠️ Rate limit hit on key index 3. Switching to next key...
2026-05-26 03:05:33,858 [ERROR] ❌ All Cohere API keys exhausted or rate limited.
2026-05-26 03:05:33,859 [ERROR] ❌ Cohere returned an empty response. Verify API Key limits or safety filters.
2026-05-26 03:05:33,860 [INFO] ✅ JSON store updated: /home/tomito/tomito seo (copy 1)/data/content/622.json
2026-05-26 03:05:33,860 [INFO] ✅ movie 622
2026-05-26 03:05:36,431 [WARNING] ⚠️ Rate limit hit on key index 4. Switching to next key...
2026-05-26 03:05:36,507 [WARNING] ⚠️ Rate limit hit on key index 5. Switching to next key...
2026-05-26 03:05:36,621 [WARNING] ⚠️ Rate limit hit on key index 0. Switching to next key...
2026-05-26 03:05:37,157 [WARNING] ⚠️ Rate limit hit on key index 1. Switching to next key...
2026-05-26 03:05:37,315 [WARNING] ⚠️ Rate limit hit on key index 2. Switching to next key...
2026-05-26 03:05:38,510 [ERROR] ❌ All Cohere API keys exhausted or rate limited.
2026-05-26 03:05:38,510 [ERROR] ❌ Cohere returned an empty response. Verify API Key limits or safety filters.
2026-05-26 03:05:38,512 [INFO] ✅ JSON store updated: /home/tomito/tomito seo (copy 1)/data/content/62201.json
2026-05-26 03:05:38,512 [INFO] ✅ movie 62201
2026-05-26 03:05:38,533 [WARNING] ⚠️ Rate limit hit on key index 3. Switching to next key...
2026-05-26 03:05:38,886 [WARNING] ⚠️ Rate limit hit on key index 4. Switching to next key...
2026-05-26 03:05:39,767 [WARNING] ⚠️ Rate limit hit on key index 5. Switching to next key...
2026-05-26 03:05:40,043 [WARNING] ⚠️ Rate limit hit on key index 0. Switching to next key...
2026-05-26 03:05:41,551 [WARNING] ⚠️ Error (401) hit on key index 1. Switching to next key...
2026-05-26 03:05:41,551 [ERROR] ❌ All Cohere API keys exhausted or rate limited.
2026-05-26 03:05:41,551 [ERROR] ❌ Cohere returned an empty response. Verify API Key limits or safety filters.
2026-05-26 03:05:41,553 [INFO] ✅ JSON store updated: /home/tomito/tomito seo (copy 1)/data/content/62211.json
2026-05-26 03:05:41,553 [INFO] ✅ movie 62211
2026-05-26 03:05:41,691 [WARNING] ⚠️ Rate limit hit on key index 2. Switching to next key...
2026-05-26 03:05:41,770 [ERROR] ❌ All Cohere API keys exhausted or rate limited.
2026-05-26 03:05:41,771 [ERROR] ❌ Cohere returned an empty response. Verify API Key limits or safety filters.
2026-05-26 03:05:41,772 [INFO] ✅ JSON store updated: /home/tomito/tomito seo (copy 1)/data/content/62215.json
2026-05-26 03:05:41,772 [INFO] ✅ movie 62215
2026-05-26 03:05:41,849 [WARNING] ⚠️ Error (401) hit on key index 3. Switching to next key...
2026-05-26 03:05:41,851 [ERROR] ❌ All Cohere API keys exhausted or rate limited.
2026-05-26 03:05:41,851 [ERROR] ❌ Cohere returned an empty response. Verify API Key limits or safety filters.
2026-05-26 03:05:41,853 [INFO] ✅ JSON store updated: /home/tomito/tomito seo (copy 1)/data/content/624860.json
2026-05-26 03:05:41,853 [INFO] ✅ movie 624860
2026-05-26 03:05:42,245 [INFO] Mirrored asset: wLLx74H0789Vvf4u5TTJEkdIh2p.jpg
2026-05-26 03:05:44,539 [WARNING] ⚠️ Rate limit hit on key index 4. Switching to next key...
2026-05-26 03:05:44,791 [WARNING] ⚠️ Rate limit hit on key index 5. Switching to next key...
2026-05-26 03:05:45,668 [WARNING] ⚠️ Rate limit hit on key index 0. Switching to next key...
2026-05-26 03:05:46,055 [WARNING] ⚠️ Rate limit hit on key index 1. Switching to next key...
2026-05-26 03:05:46,642 [WARNING] ⚠️ Rate limit hit on key index 2. Switching to next key...
2026-05-26 03:05:46,843 [WARNING] ⚠️ Rate limit hit on key index 3. Switching to next key...
2026-05-26 03:05:47,383 [WARNING] ⚠️ Rate limit hit on key index 4. Switching to next key...
2026-05-26 03:05:47,755 [WARNING] ⚠️ Rate limit hit on key index 5. Switching to next key...
2026-05-26 03:05:48,133 [WARNING] ⚠️ Rate limit hit on key index 0. Switching to next key...
2026-05-26 03:05:49,569 [WARNING] ⚠️ Error (401) hit on key index 1. Switching to next key...
2026-05-26 03:05:49,736 [WARNING] ⚠️ Rate limit hit on key index 2. Switching to next key...
2026-05-26 03:05:49,956 [WARNING] ⚠️ Error (401) hit on key index 3. Switching to next key...
2026-05-26 03:05:50,137 [ERROR] ❌ All Cohere API keys exhausted or rate limited.
2026-05-26 03:05:50,137 [ERROR] ❌ Cohere returned an empty response. Verify API Key limits or safety filters.
2026-05-26 03:05:50,139 [INFO] ✅ JSON store updated: /home/tomito/tomito seo (copy 1)/data/content/627.json
2026-05-26 03:05:50,139 [INFO] ✅ movie 627
2026-05-26 03:05:50,719 [WARNING] ⚠️ Rate limit hit on key index 4. Switching to next key...
2026-05-26 03:05:51,078 [WARNING] ⚠️ Error (401) hit on key index 5. Switching to next key...
2026-05-26 03:05:51,384 [WARNING] ⚠️ Rate limit hit on key index 0. Switching to next key...
2026-05-26 03:05:51,571 [WARNING] ⚠️ Rate limit hit on key index 1. Switching to next key...
2026-05-26 03:05:52,267 [WARNING] ⚠️ Rate limit hit on key index 2. Switching to next key...
2026-05-26 03:05:52,396 [WARNING] ⚠️ Rate limit hit on key index 3. Switching to next key...
2026-05-26 03:05:53,202 [WARNING] ⚠️ Rate limit hit on key index 4. Switching to next key...
2026-05-26 03:05:53,823 [WARNING] ⚠️ Rate limit hit on key index 5. Switching to next key...
2026-05-26 03:05:54,659 [WARNING] ⚠️ Rate limit hit on key index 0. Switching to next key...
2026-05-26 03:05:54,706 [WARNING] ⚠️ Rate limit hit on key index 1. Switching to next key...
2026-05-26 03:05:55,048 [WARNING] ⚠️ Rate limit hit on key index 2. Switching to next key...
2026-05-26 03:05:55,658 [WARNING] ⚠️ Rate limit hit on key index 3. Switching to next key...
2026-05-26 03:05:56,005 [WARNING] ⚠️ Rate limit hit on key index 4. Switching to next key...
2026-05-26 03:05:56,263 [WARNING] ⚠️ Rate limit hit on key index 5. Switching to next key...
2026-05-26 03:05:57,050 [ERROR] ❌ All Cohere API keys exhausted or rate limited.
2026-05-26 03:05:57,051 [ERROR] ❌ Cohere returned an empty response. Verify API Key limits or safety filters.
2026-05-26 03:05:57,052 [INFO] ✅ JSON store updated: /home/tomito/tomito seo (copy 1)/data/content/62835.json
2026-05-26 03:05:57,052 [INFO] ✅ movie 62835
2026-05-26 03:05:57,109 [WARNING] ⚠️ Rate limit hit on key index 0. Switching to next key...
2026-05-26 03:05:57,211 [WARNING] ⚠️ Rate limit hit on key index 1. Switching to next key...
2026-05-26 03:05:58,133 [WARNING] ⚠️ Rate limit hit on key index 2. Switching to next key...
2026-05-26 03:05:59,058 [WARNING] ⚠️ Rate limit hit on key index 3. Switching to next key...
2026-05-26 03:05:59,110 [ERROR] ❌ All Cohere API keys exhausted or rate limited.
2026-05-26 03:05:59,111 [ERROR] ❌ Cohere returned an empty response. Verify API Key limits or safety filters.
2026-05-26 03:05:59,112 [INFO] ✅ JSON store updated: /home/tomito/tomito seo (copy 1)/data/content/62871.json
2026-05-26 03:05:59,112 [INFO] ✅ movie 62871
2026-05-26 03:05:59,742 [WARNING] ⚠️ Rate limit hit on key index 4. Switching to next key...
2026-05-26 03:06:00,028 [WARNING] ⚠️ Rate limit hit on key index 5. Switching to next key...
2026-05-26 03:06:00,134 [ERROR] ❌ All Cohere API keys exhausted or rate limited.
2026-05-26 03:06:00,135 [ERROR] ❌ Cohere returned an empty response. Verify API Key limits or safety filters.
2026-05-26 03:06:00,136 [INFO] ✅ JSON store updated: /home/tomito/tomito seo (copy 1)/data/content/629542.json
2026-05-26 03:06:00,137 [INFO] ✅ movie 629542
2026-05-26 03:06:00,168 [INFO] 💾 Index saved — 740 / 1936 done
2026-05-26 03:06:01,745 [ERROR] ❌ All Cohere API keys exhausted or rate limited.
2026-05-26 03:06:01,745 [ERROR] ❌ Cohere returned an empty response. Verify API Key limits or safety filters.
2026-05-26 03:06:01,746 [INFO] ✅ JSON store updated: /home/tomito/tomito seo (copy 1)/data/content/628847.json
2026-05-26 03:06:01,747 [INFO] ✅ movie 628847
2026-05-26 03:06:02,324 [INFO] Mirrored asset: u3yozs3oGY0ubwf4cKQKOMWqNx3.jpg
2026-05-26 03:06:03,140 [WARNING] ⚠️ Rate limit hit on key index 0. Switching to next key...
2026-05-26 03:06:04,325 [WARNING] ⚠️ Error (401) hit on key index 1. Switching to next key...
2026-05-26 03:06:05,039 [WARNING] ⚠️ Rate limit hit on key index 2. Switching to next key...
2026-05-26 03:06:05,534 [INFO] Mirrored asset: fDKK51YdOfu9pTmSRw7sHUhGFxm.jpg
2026-05-26 03:06:06,057 [WARNING] ⚠️ Rate limit hit on key index 3. Switching to next key...
2026-05-26 03:06:06,401 [WARNING] ⚠️ Rate limit hit on key index 4. Switching to next key...
2026-05-26 03:06:08,192 [WARNING] ⚠️ Rate limit hit on key index 5. Switching to next key...
2026-05-26 03:06:08,851 [WARNING] ⚠️ Rate limit hit on key index 0. Switching to next key...
2026-05-26 03:06:08,944 [WARNING] ⚠️ Rate limit hit on key index 1. Switching to next key...
2026-05-26 03:06:09,599 [WARNING] ⚠️ Rate limit hit on key index 2. Switching to next key...
2026-05-26 03:06:10,652 [WARNING] ⚠️ Rate limit hit on key index 3. Switching to next key...
2026-05-26 03:06:10,946 [ERROR] ❌ All Cohere API keys exhausted or rate limited.
2026-05-26 03:06:10,947 [ERROR] ❌ Cohere returned an empty response. Verify API Key limits or safety filters.
2026-05-26 03:06:10,948 [INFO] ✅ JSON store updated: /home/tomito/tomito seo (copy 1)/data/content/629.json
2026-05-26 03:06:10,949 [INFO] ✅ movie 629
2026-05-26 03:06:11,086 [WARNING] ⚠️ Rate limit hit on key index 4. Switching to next key...
2026-05-26 03:06:11,602 [ERROR] ❌ All Cohere API keys exhausted or rate limited.
2026-05-26 03:06:11,602 [ERROR] ❌ Cohere returned an empty response. Verify API Key limits or safety filters.
2026-05-26 03:06:11,604 [INFO] ✅ JSON store updated: /home/tomito/tomito seo (copy 1)/data/content/630.json
2026-05-26 03:06:11,604 [INFO] ✅ movie 630
2026-05-26 03:06:11,628 [WARNING] ⚠️ Rate limit hit on key index 5. Switching to next key...
2026-05-26 03:06:14,276 [WARNING] ⚠️ Rate limit hit on key index 0. Switching to next key...
2026-05-26 03:06:14,418 [WARNING] ⚠️ Rate limit hit on key index 1. Switching to next key...
2026-05-26 03:06:14,448 [WARNING] ⚠️ Rate limit hit on key index 2. Switching to next key...
2026-05-26 03:06:14,882 [WARNING] ⚠️ Rate limit hit on key index 3. Switching to next key...
2026-05-26 03:06:16,663 [INFO] Mirrored asset: mDrUEZA8SpEyPnW8ecJH2LuNuPY.jpg
2026-05-26 03:06:17,443 [WARNING] ⚠️ Rate limit hit on key index 4. Switching to next key...
2026-05-26 03:06:18,541 [WARNING] ⚠️ Rate limit hit on key index 5. Switching to next key...
2026-05-26 03:06:18,652 [WARNING] ⚠️ Rate limit hit on key index 0. Switching to next key...
2026-05-26 03:06:19,189 [WARNING] ⚠️ Rate limit hit on key index 1. Switching to next key...
2026-05-26 03:06:19,822 [WARNING] ⚠️ Error (401) hit on key index 2. Switching to next key...
2026-05-26 03:06:19,989 [WARNING] ⚠️ Rate limit hit on key index 3. Switching to next key...
2026-05-26 03:06:21,191 [ERROR] ❌ All Cohere API keys exhausted or rate limited.
2026-05-26 03:06:21,192 [ERROR] ❌ Cohere returned an empty response. Verify API Key limits or safety filters.
2026-05-26 03:06:21,193 [INFO] ✅ JSON store updated: /home/tomito/tomito seo (copy 1)/data/content/637649.json
2026-05-26 03:06:21,193 [INFO] ✅ movie 637649
2026-05-26 03:06:21,261 [WARNING] ⚠️ Rate limit hit on key index 4. Switching to next key...
2026-05-26 03:06:21,359 [WARNING] ⚠️ Rate limit hit on key index 5. Switching to next key...
2026-05-26 03:06:21,512 [WARNING] ⚠️ Rate limit hit on key index 0. Switching to next key...
2026-05-26 03:06:23,012 [WARNING] ⚠️ Error (401) hit on key index 1. Switching to next key...
2026-05-26 03:06:23,692 [WARNING] ⚠️ Rate limit hit on key index 2. Switching to next key...
2026-05-26 03:06:24,071 [WARNING] ⚠️ Rate limit hit on key index 3. Switching to next key...
2026-05-26 03:06:24,390 [WARNING] ⚠️ Rate limit hit on key index 4. Switching to next key...
2026-05-26 03:06:24,556 [WARNING] ⚠️ Rate limit hit on key index 5. Switching to next key...
2026-05-26 03:06:25,694 [ERROR] ❌ All Cohere API keys exhausted or rate limited.
2026-05-26 03:06:25,695 [ERROR] ❌ Cohere returned an empty response. Verify API Key limits or safety filters.
2026-05-26 03:06:25,696 [INFO] ✅ JSON store updated: /home/tomito/tomito seo (copy 1)/data/content/634544.json
2026-05-26 03:06:25,696 [INFO] ✅ movie 634544
2026-05-26 03:06:27,149 [WARNING] ⚠️ Rate limit hit on key index 0. Switching to next key...
2026-05-26 03:06:27,309 [WARNING] ⚠️ Rate limit hit on key index 1. Switching to next key...
2026-05-26 03:06:27,691 [WARNING] ⚠️ Rate limit hit on key index 2. Switching to next key...
2026-05-26 03:06:28,527 [WARNING] ⚠️ Error (401) hit on key index 3. Switching to next key...
2026-05-26 03:06:29,194 [WARNING] ⚠️ Rate limit hit on key index 4. Switching to next key...
2026-05-26 03:06:30,160 [WARNING] ⚠️ Rate limit hit on key index 5. Switching to next key...
2026-05-26 03:06:30,224 [WARNING] ⚠️ Rate limit hit on key index 0. Switching to next key...
2026-05-26 03:06:30,902 [WARNING] ⚠️ Rate limit hit on key index 1. Switching to next key...
2026-05-26 03:06:31,346 [WARNING] ⚠️ Error (401) hit on key index 2. Switching to next key...
2026-05-26 03:06:32,162 [ERROR] ❌ All Cohere API keys exhausted or rate limited.
2026-05-26 03:06:32,163 [ERROR] ❌ Cohere returned an empty response. Verify API Key limits or safety filters.
2026-05-26 03:06:32,165 [INFO] ✅ JSON store updated: /home/tomito/tomito seo (copy 1)/data/content/634649.json
2026-05-26 03:06:32,165 [INFO] ✅ movie 634649
2026-05-26 03:06:32,600 [WARNING] ⚠️ Rate limit hit on key index 3. Switching to next key...
2026-05-26 03:06:32,653 [WARNING] ⚠️ Rate limit hit on key index 4. Switching to next key...
2026-05-26 03:06:33,128 [WARNING] ⚠️ Rate limit hit on key index 5. Switching to next key...
2026-05-26 03:06:33,791 [WARNING] ⚠️ Rate limit hit on key index 0. Switching to next key...
2026-05-26 03:06:34,853 [WARNING] ⚠️ Rate limit hit on key index 1. Switching to next key...
2026-05-26 03:06:35,130 [ERROR] ❌ All Cohere API keys exhausted or rate limited.
2026-05-26 03:06:35,131 [ERROR] ❌ Cohere returned an empty response. Verify API Key limits or safety filters.
2026-05-26 03:06:35,132 [INFO] ✅ JSON store updated: /home/tomito/tomito seo (copy 1)/data/content/63849.json
2026-05-26 03:06:35,132 [INFO] ✅ movie 63849
2026-05-26 03:06:35,453 [WARNING] ⚠️ Error (401) hit on key index 2. Switching to next key...
2026-05-26 03:06:35,793 [ERROR] ❌ All Cohere API keys exhausted or rate limited.
2026-05-26 03:06:35,793 [ERROR] ❌ Cohere returned an empty response. Verify API Key limits or safety filters.
2026-05-26 03:06:35,795 [INFO] ✅ JSON store updated: /home/tomito/tomito seo (copy 1)/data/content/638507.json
2026-05-26 03:06:35,795 [INFO] ✅ movie 638507
2026-05-26 03:06:36,103 [WARNING] ⚠️ Rate limit hit on key index 3. Switching to next key...
2026-05-26 03:06:36,182 [WARNING] ⚠️ Error (401) hit on key index 4. Switching to next key...
2026-05-26 03:06:36,891 [WARNING] ⚠️ Rate limit hit on key index 5. Switching to next key...
2026-05-26 03:06:37,608 [WARNING] ⚠️ Rate limit hit on key index 0. Switching to next key...
2026-05-26 03:06:39,610 [ERROR] ❌ All Cohere API keys exhausted or rate limited.
2026-05-26 03:06:39,611 [ERROR] ❌ Cohere returned an empty response. Verify API Key limits or safety filters.
2026-05-26 03:06:39,613 [INFO] ✅ JSON store updated: /home/tomito/tomito seo (copy 1)/data/content/638449.json
2026-05-26 03:06:39,613 [INFO] ✅ movie 638449
2026-05-26 03:06:39,619 [WARNING] ⚠️ Error (401) hit on key index 1. Switching to next key...
2026-05-26 03:06:40,810 [WARNING] ⚠️ Error (401) hit on key index 2. Switching to next key...
2026-05-26 03:06:40,988 [WARNING] ⚠️ Rate limit hit on key index 3. Switching to next key...
2026-05-26 03:06:41,863 [INFO] Mirrored asset: 7ze7YNmUaX81ufctGqt0AgHxRtL.jpg
2026-05-26 03:06:41,876 [WARNING] ⚠️ Error (401) hit on key index 4. Switching to next key...
2026-05-26 03:06:42,015 [WARNING] ⚠️ Error (401) hit on key index 5. Switching to next key...
2026-05-26 03:06:42,017 [ERROR] ❌ All Cohere API keys exhausted or rate limited.
2026-05-26 03:06:42,018 [ERROR] ❌ Cohere returned an empty response. Verify API Key limits or safety filters.
2026-05-26 03:06:42,021 [INFO] ✅ JSON store updated: /home/tomito/tomito seo (copy 1)/data/content/639988.json
2026-05-26 03:06:42,022 [INFO] ✅ movie 639988
2026-05-26 03:06:42,773 [WARNING] ⚠️ Rate limit hit on key index 0. Switching to next key...
2026-05-26 03:06:43,002 [WARNING] ⚠️ Rate limit hit on key index 1. Switching to next key...
2026-05-26 03:06:43,455 [WARNING] ⚠️ Rate limit hit on key index 2. Switching to next key...
2026-05-26 03:06:44,043 [WARNING] ⚠️ Error (401) hit on key index 3. Switching to next key...
2026-05-26 03:06:44,775 [ERROR] ❌ All Cohere API keys exhausted or rate limited.
2026-05-26 03:06:44,775 [ERROR] ❌ Cohere returned an empty response. Verify API Key limits or safety filters.
2026-05-26 03:06:44,777 [INFO] ✅ JSON store updated: /home/tomito/tomito seo (copy 1)/data/content/640.json
2026-05-26 03:06:44,777 [INFO] ✅ movie 640
2026-05-26 03:06:45,070 [WARNING] ⚠️ Rate limit hit on key index 4. Switching to next key...
2026-05-26 03:06:45,605 [WARNING] ⚠️ Rate limit hit on key index 5. Switching to next key...
2026-05-26 03:06:46,442 [WARNING] ⚠️ Rate limit hit on key index 0. Switching to next key...
2026-05-26 03:06:47,562 [WARNING] ⚠️ Rate limit hit on key index 1. Switching to next key...
2026-05-26 03:06:47,698 [WARNING] ⚠️ Rate limit hit on key index 2. Switching to next key...
2026-05-26 03:06:47,838 [WARNING] ⚠️ Error (401) hit on key index 3. Switching to next key...
2026-05-26 03:06:48,642 [WARNING] ⚠️ Rate limit hit on key index 4. Switching to next key...
2026-05-26 03:06:48,648 [WARNING] ⚠️ Rate limit hit on key index 5. Switching to next key...
2026-05-26 03:06:48,872 [WARNING] ⚠️ Rate limit hit on key index 0. Switching to next key...
2026-05-26 03:06:50,036 [WARNING] ⚠️ Error (401) hit on key index 1. Switching to next key...
2026-05-26 03:06:50,596 [WARNING] ⚠️ Rate limit hit on key index 2. Switching to next key...
2026-05-26 03:06:50,645 [ERROR] ❌ All Cohere API keys exhausted or rate limited.
2026-05-26 03:06:50,645 [ERROR] ❌ Cohere returned an empty response. Verify API Key limits or safety filters.
2026-05-26 03:06:50,647 [INFO] ✅ JSON store updated: /home/tomito/tomito seo (copy 1)/data/content/64348.json
2026-05-26 03:06:50,647 [INFO] ✅ movie 64348
2026-05-26 03:06:50,659 [WARNING] ⚠️ Error (401) hit on key index 3. Switching to next key...
2026-05-26 03:06:51,998 [WARNING] ⚠️ Rate limit hit on key index 4. Switching to next key...
2026-05-26 03:06:52,076 [WARNING] ⚠️ Rate limit hit on key index 5. Switching to next key...
2026-05-26 03:06:52,149 [WARNING] ⚠️ Rate limit hit on key index 0. Switching to next key...
2026-05-26 03:06:53,113 [WARNING] ⚠️ Error (401) hit on key index 1. Switching to next key...
2026-05-26 03:06:54,716 [WARNING] ⚠️ Rate limit hit on key index 2. Switching to next key...
2026-05-26 03:06:55,105 [WARNING] ⚠️ Rate limit hit on key index 3. Switching to next key...
2026-05-26 03:06:55,175 [WARNING] ⚠️ Error (401) hit on key index 4. Switching to next key...
2026-05-26 03:06:56,223 [WARNING] ⚠️ Rate limit hit on key index 5. Switching to next key...
2026-05-26 03:06:56,718 [ERROR] ❌ All Cohere API keys exhausted or rate limited.
2026-05-26 03:06:56,719 [ERROR] ❌ Cohere returned an empty response. Verify API Key limits or safety filters.
2026-05-26 03:06:56,721 [INFO] ✅ JSON store updated: /home/tomito/tomito seo (copy 1)/data/content/6435.json
2026-05-26 03:06:56,721 [INFO] ✅ movie 6435
2026-05-26 03:06:56,823 [WARNING] ⚠️ Rate limit hit on key index 0. Switching to next key...
2026-05-26 03:06:58,000 [WARNING] ⚠️ Error (401) hit on key index 1. Switching to next key...
2026-05-26 03:06:58,001 [ERROR] ❌ All Cohere API keys exhausted or rate limited.
2026-05-26 03:06:58,001 [ERROR] ❌ Cohere returned an empty response. Verify API Key limits or safety filters.
2026-05-26 03:06:58,003 [INFO] ✅ JSON store updated: /home/tomito/tomito seo (copy 1)/data/content/642885.json
2026-05-26 03:06:58,003 [INFO] ✅ movie 642885
2026-05-26 03:06:59,879 [WARNING] ⚠️ Rate limit hit on key index 2. Switching to next key...
2026-05-26 03:07:01,451 [WARNING] ⚠️ Rate limit hit on key index 3. Switching to next key...
2026-05-26 03:07:01,517 [WARNING] ⚠️ Error (401) hit on key index 4. Switching to next key...
2026-05-26 03:07:01,873 [WARNING] ⚠️ Rate limit hit on key index 5. Switching to next key...
2026-05-26 03:07:01,880 [ERROR] ❌ All Cohere API keys exhausted or rate limited.
2026-05-26 03:07:01,880 [ERROR] ❌ Cohere returned an empty response. Verify API Key limits or safety filters.
2026-05-26 03:07:01,882 [INFO] ✅ JSON store updated: /home/tomito/tomito seo (copy 1)/data/content/646315.json
2026-05-26 03:07:01,882 [INFO] ✅ movie 646315
2026-05-26 03:07:02,268 [WARNING] ⚠️ Rate limit hit on key index 0. Switching to next key...
2026-05-26 03:07:03,115 [WARNING] ⚠️ Rate limit hit on key index 1. Switching to next key...
2026-05-26 03:07:04,055 [WARNING] ⚠️ Rate limit hit on key index 2. Switching to next key...
2026-05-26 03:07:04,443 [WARNING] ⚠️ Rate limit hit on key index 3. Switching to next key...
2026-05-26 03:07:05,188 [WARNING] ⚠️ Rate limit hit on key index 4. Switching to next key...
2026-05-26 03:07:06,203 [WARNING] ⚠️ Rate limit hit on key index 5. Switching to next key...
2026-05-26 03:07:06,344 [WARNING] ⚠️ Rate limit hit on key index 0. Switching to next key...
2026-05-26 03:07:06,537 [WARNING] ⚠️ Rate limit hit on key index 1. Switching to next key...
2026-05-26 03:07:07,331 [WARNING] ⚠️ Error (401) hit on key index 2. Switching to next key...
2026-05-26 03:07:07,922 [WARNING] ⚠️ Rate limit hit on key index 3. Switching to next key...
2026-05-26 03:07:08,025 [WARNING] ⚠️ Rate limit hit on key index 4. Switching to next key...
2026-05-26 03:07:09,227 [WARNING] ⚠️ Rate limit hit on key index 5. Switching to next key...
2026-05-26 03:07:09,319 [WARNING] ⚠️ Rate limit hit on key index 0. Switching to next key...
2026-05-26 03:07:10,517 [WARNING] ⚠️ Error (401) hit on key index 1. Switching to next key...
2026-05-26 03:07:10,616 [WARNING] ⚠️ Rate limit hit on key index 2. Switching to next key...
2026-05-26 03:07:12,391 [WARNING] ⚠️ Rate limit hit on key index 3. Switching to next key...
2026-05-26 03:07:12,571 [WARNING] ⚠️ Error (401) hit on key index 4. Switching to next key...
2026-05-26 03:07:12,618 [ERROR] ❌ All Cohere API keys exhausted or rate limited.
2026-05-26 03:07:12,619 [ERROR] ❌ Cohere returned an empty response. Verify API Key limits or safety filters.
2026-05-26 03:07:12,620 [INFO] ✅ JSON store updated: /home/tomito/tomito seo (copy 1)/data/content/64688.json
2026-05-26 03:07:12,620 [INFO] ✅ movie 64688
2026-05-26 03:07:13,667 [WARNING] ⚠️ Rate limit hit on key index 5. Switching to next key...
2026-05-26 03:07:14,375 [WARNING] ⚠️ Rate limit hit on key index 0. Switching to next key...
2026-05-26 03:07:14,393 [ERROR] ❌ All Cohere API keys exhausted or rate limited.
2026-05-26 03:07:14,393 [ERROR] ❌ Cohere returned an empty response. Verify API Key limits or safety filters.
2026-05-26 03:07:14,394 [INFO] ✅ JSON store updated: /home/tomito/tomito seo (copy 1)/data/content/648878.json
2026-05-26 03:07:14,395 [INFO] ✅ movie 648878
2026-05-26 03:07:16,378 [ERROR] ❌ All Cohere API keys exhausted or rate limited.
2026-05-26 03:07:16,379 [ERROR] ❌ Cohere returned an empty response. Verify API Key limits or safety filters.
2026-05-26 03:07:16,380 [INFO] ✅ JSON store updated: /home/tomito/tomito seo (copy 1)/data/content/64690.json
2026-05-26 03:07:16,380 [INFO] ✅ movie 64690
2026-05-26 03:07:17,358 [WARNING] ⚠️ Error (401) hit on key index 1. Switching to next key...
2026-05-26 03:07:19,511 [WARNING] ⚠️ Rate limit hit on key index 2. Switching to next key...
2026-05-26 03:07:20,491 [WARNING] ⚠️ Rate limit hit on key index 3. Switching to next key...
2026-05-26 03:07:21,214 [WARNING] ⚠️ Rate limit hit on key index 4. Switching to next key...
2026-05-26 03:07:21,514 [ERROR] ❌ All Cohere API keys exhausted or rate limited.
2026-05-26 03:07:21,514 [ERROR] ❌ Cohere returned an empty response. Verify API Key limits or safety filters.
2026-05-26 03:07:21,515 [INFO] ✅ JSON store updated: /home/tomito/tomito seo (copy 1)/data/content/65.json
2026-05-26 03:07:21,516 [INFO] ✅ movie 65
2026-05-26 03:07:21,696 [WARNING] ⚠️ Rate limit hit on key index 5. Switching to next key...
2026-05-26 03:07:23,128 [WARNING] ⚠️ Rate limit hit on key index 0. Switching to next key...
2026-05-26 03:07:24,149 [INFO] Mirrored asset: 26yQPXymbWeCLKwcmyL8dRjAzth.jpg
2026-05-26 03:07:25,296 [WARNING] ⚠️ Error (401) hit on key index 1. Switching to next key...
2026-05-26 03:07:26,312 [WARNING] ⚠️ Rate limit hit on key index 2. Switching to next key...
2026-05-26 03:07:27,635 [WARNING] ⚠️ Error (401) hit on key index 3. Switching to next key...
2026-05-26 03:07:28,648 [WARNING] ⚠️ Error (401) hit on key index 4. Switching to next key...
2026-05-26 03:07:29,375 [WARNING] ⚠️ Rate limit hit on key index 5. Switching to next key...
2026-05-26 03:07:29,642 [WARNING] ⚠️ Error (401) hit on key index 0. Switching to next key...
2026-05-26 03:07:30,040 [WARNING] ⚠️ Rate limit hit on key index 1. Switching to next key...
2026-05-26 03:07:30,610 [WARNING] ⚠️ Rate limit hit on key index 2. Switching to next key...
2026-05-26 03:07:31,422 [WARNING] ⚠️ Error (401) hit on key index 3. Switching to next key...
2026-05-26 03:07:31,823 [WARNING] ⚠️ Rate limit hit on key index 4. Switching to next key...
2026-05-26 03:07:32,354 [WARNING] ⚠️ Rate limit hit on key index 5. Switching to next key...
2026-05-26 03:07:33,228 [WARNING] ⚠️ Rate limit hit on key index 0. Switching to next key...
2026-05-26 03:07:33,624 [WARNING] ⚠️ Rate limit hit on key index 1. Switching to next key...
2026-05-26 03:07:34,312 [WARNING] ⚠️ Rate limit hit on key index 2. Switching to next key...
2026-05-26 03:07:34,777 [WARNING] ⚠️ Rate limit hit on key index 3. Switching to next key...
2026-05-26 03:07:35,981 [WARNING] ⚠️ Rate limit hit on key index 4. Switching to next key...
2026-05-26 03:07:36,077 [WARNING] ⚠️ Rate limit hit on key index 5. Switching to next key...
2026-05-26 03:07:36,781 [ERROR] ❌ All Cohere API keys exhausted or rate limited.
2026-05-26 03:07:36,781 [ERROR] ❌ Cohere returned an empty response. Verify API Key limits or safety filters.
2026-05-26 03:07:36,783 [INFO] ✅ JSON store updated: /home/tomito/tomito seo (copy 1)/data/content/652.json
2026-05-26 03:07:36,783 [INFO] ✅ movie 652
2026-05-26 03:07:36,830 [INFO] 💾 Index saved — 760 / 1936 done
2026-05-26 03:07:36,852 [WARNING] ⚠️ Rate limit hit on key index 0. Switching to next key...
2026-05-26 03:07:36,958 [WARNING] ⚠️ Rate limit hit on key index 1. Switching to next key...
2026-05-26 03:07:37,982 [ERROR] ❌ All Cohere API keys exhausted or rate limited.
2026-05-26 03:07:37,983 [ERROR] ❌ Cohere returned an empty response. Verify API Key limits or safety filters.
2026-05-26 03:07:37,984 [INFO] ✅ JSON store updated: /home/tomito/tomito seo (copy 1)/data/content/653346.json
2026-05-26 03:07:37,985 [INFO] ✅ movie 653346
2026-05-26 03:07:38,078 [ERROR] ❌ All Cohere API keys exhausted or rate limited.
2026-05-26 03:07:38,079 [ERROR] ❌ Cohere returned an empty response. Verify API Key limits or safety filters.
2026-05-26 03:07:38,080 [INFO] ✅ JSON store updated: /home/tomito/tomito seo (copy 1)/data/content/653349.json
2026-05-26 03:07:38,080 [INFO] ✅ movie 653349
2026-05-26 03:07:39,613 [WARNING] ⚠️ Rate limit hit on key index 2. Switching to next key...
2026-05-26 03:07:40,133 [WARNING] ⚠️ Rate limit hit on key index 3. Switching to next key...
2026-05-26 03:07:40,331 [WARNING] ⚠️ Rate limit hit on key index 4. Switching to next key...
2026-05-26 03:07:41,645 [WARNING] ⚠️ Rate limit hit on key index 5. Switching to next key...
2026-05-26 03:07:42,117 [WARNING] ⚠️ Rate limit hit on key index 0. Switching to next key...
2026-05-26 03:07:42,720 [WARNING] ⚠️ Error (401) hit on key index 1. Switching to next key...
2026-05-26 03:07:42,720 [ERROR] ❌ All Cohere API keys exhausted or rate limited.
2026-05-26 03:07:42,721 [ERROR] ❌ Cohere returned an empty response. Verify API Key limits or safety filters.
2026-05-26 03:07:42,722 [INFO] ✅ JSON store updated: /home/tomito/tomito seo (copy 1)/data/content/653851.json
2026-05-26 03:07:42,722 [INFO] ✅ movie 653851
2026-05-26 03:07:43,226 [WARNING] ⚠️ Error (401) hit on key index 2. Switching to next key...
2026-05-26 03:07:43,264 [WARNING] ⚠️ Rate limit hit on key index 3. Switching to next key...
2026-05-26 03:07:43,661 [WARNING] ⚠️ Rate limit hit on key index 4. Switching to next key...
2026-05-26 03:07:44,236 [WARNING] ⚠️ Rate limit hit on key index 5. Switching to next key...
2026-05-26 03:07:44,613 [WARNING] ⚠️ Rate limit hit on key index 0. Switching to next key...
2026-05-26 03:07:46,200 [WARNING] ⚠️ Error (401) hit on key index 1. Switching to next key...
2026-05-26 03:07:46,517 [WARNING] ⚠️ Error (401) hit on key index 2. Switching to next key...
2026-05-26 03:07:46,614 [ERROR] ❌ All Cohere API keys exhausted or rate limited.
2026-05-26 03:07:46,615 [ERROR] ❌ Cohere returned an empty response. Verify API Key limits or safety filters.
2026-05-26 03:07:46,617 [INFO] ✅ JSON store updated: /home/tomito/tomito seo (copy 1)/data/content/652837.json
2026-05-26 03:07:46,617 [INFO] ✅ movie 652837
2026-05-26 03:07:46,694 [WARNING] ⚠️ Rate limit hit on key index 3. Switching to next key...
2026-05-26 03:07:47,458 [WARNING] ⚠️ Rate limit hit on key index 4. Switching to next key...
2026-05-26 03:07:48,162 [WARNING] ⚠️ Rate limit hit on key index 5. Switching to next key...
2026-05-26 03:07:49,179 [WARNING] ⚠️ Rate limit hit on key index 0. Switching to next key...
2026-05-26 03:07:50,704 [WARNING] ⚠️ Error (401) hit on key index 1. Switching to next key...
2026-05-26 03:07:50,705 [ERROR] ❌ All Cohere API keys exhausted or rate limited.
2026-05-26 03:07:50,705 [ERROR] ❌ Cohere returned an empty response. Verify API Key limits or safety filters.
2026-05-26 03:07:50,707 [INFO] ✅ JSON store updated: /home/tomito/tomito seo (copy 1)/data/content/661374.json
2026-05-26 03:07:50,707 [INFO] ✅ movie 661374
2026-05-26 03:07:50,753 [WARNING] ⚠️ Error (401) hit on key index 2. Switching to next key...
2026-05-26 03:07:51,649 [WARNING] ⚠️ Rate limit hit on key index 3. Switching to next key...
2026-05-26 03:07:51,712 [WARNING] ⚠️ Rate limit hit on key index 4. Switching to next key...
2026-05-26 03:07:51,993 [WARNING] ⚠️ Rate limit hit on key index 5. Switching to next key...
2026-05-26 03:07:54,434 [WARNING] ⚠️ Rate limit hit on key index 0. Switching to next key...
2026-05-26 03:07:54,455 [ERROR] Cohere API Error: HTTPSConnectionPool(host='api.cohere.com', port=443): Read timed out. (read timeout=60)
2026-05-26 03:07:54,455 [ERROR] ❌ Cohere returned an empty response. Verify API Key limits or safety filters.
2026-05-26 03:07:54,457 [INFO] ✅ JSON store updated: /home/tomito/tomito seo (copy 1)/data/content/645886.json
2026-05-26 03:07:54,457 [INFO] ✅ movie 645886
2026-05-26 03:07:54,482 [WARNING] ⚠️ Rate limit hit on key index 1. Switching to next key...
2026-05-26 03:07:55,120 [WARNING] ⚠️ Rate limit hit on key index 2. Switching to next key...
2026-05-26 03:07:55,589 [WARNING] ⚠️ Rate limit hit on key index 3. Switching to next key...
2026-05-26 03:07:56,485 [ERROR] ❌ All Cohere API keys exhausted or rate limited.
2026-05-26 03:07:56,486 [ERROR] ❌ Cohere returned an empty response. Verify API Key limits or safety filters.
2026-05-26 03:07:56,488 [INFO] ✅ JSON store updated: /home/tomito/tomito seo (copy 1)/data/content/662707.json
2026-05-26 03:07:56,488 [INFO] ✅ movie 662707
2026-05-26 03:07:57,590 [ERROR] ❌ All Cohere API keys exhausted or rate limited.
2026-05-26 03:07:57,591 [ERROR] ❌ Cohere returned an empty response. Verify API Key limits or safety filters.
2026-05-26 03:07:57,592 [INFO] ✅ JSON store updated: /home/tomito/tomito seo (copy 1)/data/content/661539.json
2026-05-26 03:07:57,592 [INFO] ✅ movie 661539
2026-05-26 03:07:58,187 [WARNING] ⚠️ Rate limit hit on key index 4. Switching to next key...
2026-05-26 03:07:58,259 [WARNING] ⚠️ Rate limit hit on key index 5. Switching to next key...
2026-05-26 03:07:58,623 [WARNING] ⚠️ Rate limit hit on key index 0. Switching to next key...
2026-05-26 03:07:59,560 [WARNING] ⚠️ Rate limit hit on key index 1. Switching to next key...
2026-05-26 03:08:01,462 [WARNING] ⚠️ Rate limit hit on key index 2. Switching to next key...
2026-05-26 03:08:01,735 [WARNING] ⚠️ Rate limit hit on key index 3. Switching to next key...
2026-05-26 03:08:02,131 [WARNING] ⚠️ Rate limit hit on key index 4. Switching to next key...
2026-05-26 03:08:02,341 [WARNING] ⚠️ Rate limit hit on key index 5. Switching to next key...
2026-05-26 03:08:02,650 [WARNING] ⚠️ Rate limit hit on key index 0. Switching to next key...
2026-05-26 03:08:03,373 [WARNING] ⚠️ Rate limit hit on key index 1. Switching to next key...
2026-05-26 03:08:04,509 [WARNING] ⚠️ Rate limit hit on key index 2. Switching to next key...
2026-05-26 03:08:05,120 [WARNING] ⚠️ Rate limit hit on key index 3. Switching to next key...
2026-05-26 03:08:05,649 [WARNING] ⚠️ Rate limit hit on key index 4. Switching to next key...
2026-05-26 03:08:07,746 [WARNING] ⚠️ Rate limit hit on key index 5. Switching to next key...
2026-05-26 03:08:08,249 [WARNING] ⚠️ Rate limit hit on key index 0. Switching to next key...
2026-05-26 03:08:08,934 [WARNING] ⚠️ Rate limit hit on key index 1. Switching to next key...
2026-05-26 03:08:08,965 [WARNING] ⚠️ Rate limit hit on key index 2. Switching to next key...
2026-05-26 03:08:09,596 [WARNING] ⚠️ Rate limit hit on key index 3. Switching to next key...
2026-05-26 03:08:11,238 [WARNING] ⚠️ Rate limit hit on key index 4. Switching to next key...
2026-05-26 03:08:11,330 [WARNING] ⚠️ Rate limit hit on key index 5. Switching to next key...
2026-05-26 03:08:11,773 [WARNING] ⚠️ Rate limit hit on key index 0. Switching to next key...
2026-05-26 03:08:12,249 [WARNING] ⚠️ Rate limit hit on key index 1. Switching to next key...
2026-05-26 03:08:12,464 [WARNING] ⚠️ Rate limit hit on key index 2. Switching to next key...
2026-05-26 03:08:13,239 [ERROR] ❌ All Cohere API keys exhausted or rate limited.
2026-05-26 03:08:13,239 [ERROR] ❌ Cohere returned an empty response. Verify API Key limits or safety filters.
2026-05-26 03:08:13,242 [INFO] ✅ JSON store updated: /home/tomito/tomito seo (copy 1)/data/content/667538.json
2026-05-26 03:08:13,242 [INFO] ✅ movie 667538
2026-05-26 03:08:13,775 [ERROR] ❌ All Cohere API keys exhausted or rate limited.
2026-05-26 03:08:13,775 [ERROR] ❌ Cohere returned an empty response. Verify API Key limits or safety filters.
2026-05-26 03:08:13,777 [INFO] ✅ JSON store updated: /home/tomito/tomito seo (copy 1)/data/content/666277.json
2026-05-26 03:08:13,777 [INFO] ✅ movie 666277
2026-05-26 03:08:13,937 [WARNING] ⚠️ Rate limit hit on key index 3. Switching to next key...
2026-05-26 03:08:15,801 [WARNING] ⚠️ Rate limit hit on key index 4. Switching to next key...
2026-05-26 03:08:15,861 [WARNING] ⚠️ Rate limit hit on key index 5. Switching to next key...
2026-05-26 03:08:16,261 [WARNING] ⚠️ Rate limit hit on key index 0. Switching to next key...
2026-05-26 03:08:17,862 [ERROR] ❌ All Cohere API keys exhausted or rate limited.
2026-05-26 03:08:17,863 [ERROR] ❌ Cohere returned an empty response. Verify API Key limits or safety filters.
2026-05-26 03:08:17,864 [INFO] ✅ JSON store updated: /home/tomito/tomito seo (copy 1)/data/content/668489.json
2026-05-26 03:08:17,864 [INFO] ✅ movie 668489
2026-05-26 03:08:19,084 [WARNING] ⚠️ Error (401) hit on key index 1. Switching to next key...
2026-05-26 03:08:19,915 [WARNING] ⚠️ Error (401) hit on key index 2. Switching to next key...
2026-05-26 03:08:19,915 [ERROR] ❌ All Cohere API keys exhausted or rate limited.
2026-05-26 03:08:19,916 [ERROR] ❌ Cohere returned an empty response. Verify API Key limits or safety filters.
2026-05-26 03:08:19,918 [INFO] ✅ JSON store updated: /home/tomito/tomito seo (copy 1)/data/content/665.json
2026-05-26 03:08:19,918 [INFO] ✅ movie 665
2026-05-26 03:08:23,114 [WARNING] ⚠️ Rate limit hit on key index 3. Switching to next key...
2026-05-26 03:08:24,193 [WARNING] ⚠️ Error (401) hit on key index 4. Switching to next key...
2026-05-26 03:08:25,175 [WARNING] ⚠️ Rate limit hit on key index 5. Switching to next key...
2026-05-26 03:08:25,344 [WARNING] ⚠️ Rate limit hit on key index 0. Switching to next key...
2026-05-26 03:08:26,044 [WARNING] ⚠️ Rate limit hit on key index 1. Switching to next key...
2026-05-26 03:08:26,213 [WARNING] ⚠️ Rate limit hit on key index 2. Switching to next key...
2026-05-26 03:08:26,312 [WARNING] ⚠️ Rate limit hit on key index 3. Switching to next key...
2026-05-26 03:08:28,288 [WARNING] ⚠️ Rate limit hit on key index 4. Switching to next key...
2026-05-26 03:08:29,094 [WARNING] ⚠️ Rate limit hit on key index 5. Switching to next key...
2026-05-26 03:08:29,166 [WARNING] ⚠️ Rate limit hit on key index 0. Switching to next key...
2026-05-26 03:08:29,269 [WARNING] ⚠️ Rate limit hit on key index 1. Switching to next key...
2026-05-26 03:08:30,082 [WARNING] ⚠️ Rate limit hit on key index 2. Switching to next key...
2026-05-26 03:08:32,247 [WARNING] ⚠️ Rate limit hit on key index 3. Switching to next key...
2026-05-26 03:08:32,372 [WARNING] ⚠️ Rate limit hit on key index 4. Switching to next key...
2026-05-26 03:08:33,070 [WARNING] ⚠️ Rate limit hit on key index 5. Switching to next key...
2026-05-26 03:08:33,757 [WARNING] ⚠️ Rate limit hit on key index 0. Switching to next key...
2026-05-26 03:08:34,720 [WARNING] ⚠️ Rate limit hit on key index 1. Switching to next key...
2026-05-26 03:08:35,244 [WARNING] ⚠️ Error (401) hit on key index 2. Switching to next key...
2026-05-26 03:08:35,244 [ERROR] ❌ All Cohere API keys exhausted or rate limited.
2026-05-26 03:08:35,245 [ERROR] ❌ Cohere returned an empty response. Verify API Key limits or safety filters.
2026-05-26 03:08:35,246 [INFO] ✅ JSON store updated: /home/tomito/tomito seo (copy 1)/data/content/670.json
2026-05-26 03:08:35,246 [INFO] ✅ movie 670
2026-05-26 03:08:35,633 [WARNING] ⚠️ Rate limit hit on key index 3. Switching to next key...
2026-05-26 03:08:35,894 [WARNING] ⚠️ Error (401) hit on key index 4. Switching to next key...
2026-05-26 03:08:36,579 [WARNING] ⚠️ Rate limit hit on key index 5. Switching to next key...
2026-05-26 03:08:36,712 [WARNING] ⚠️ Rate limit hit on key index 0. Switching to next key...
2026-05-26 03:08:38,084 [WARNING] ⚠️ Error (401) hit on key index 1. Switching to next key...
2026-05-26 03:08:38,276 [WARNING] ⚠️ Error (401) hit on key index 2. Switching to next key...
2026-05-26 03:08:38,277 [ERROR] ❌ All Cohere API keys exhausted or rate limited.
2026-05-26 03:08:38,277 [ERROR] ❌ Cohere returned an empty response. Verify API Key limits or safety filters.
2026-05-26 03:08:38,279 [INFO] ✅ JSON store updated: /home/tomito/tomito seo (copy 1)/data/content/67395.json
2026-05-26 03:08:38,279 [INFO] ✅ movie 67395
2026-05-26 03:08:39,298 [WARNING] ⚠️ Rate limit hit on key index 3. Switching to next key...
2026-05-26 03:08:40,061 [WARNING] ⚠️ Rate limit hit on key index 4. Switching to next key...
2026-05-26 03:08:40,324 [WARNING] ⚠️ Rate limit hit on key index 5. Switching to next key...
2026-05-26 03:08:41,299 [ERROR] ❌ All Cohere API keys exhausted or rate limited.
2026-05-26 03:08:41,299 [ERROR] ❌ Cohere returned an empty response. Verify API Key limits or safety filters.
2026-05-26 03:08:41,301 [INFO] ✅ JSON store updated: /home/tomito/tomito seo (copy 1)/data/content/673.json
2026-05-26 03:08:41,301 [INFO] ✅ movie 673
2026-05-26 03:08:42,063 [ERROR] ❌ All Cohere API keys exhausted or rate limited.
2026-05-26 03:08:42,063 [ERROR] ❌ Cohere returned an empty response. Verify API Key limits or safety filters.
2026-05-26 03:08:42,065 [INFO] ✅ JSON store updated: /home/tomito/tomito seo (copy 1)/data/content/674.json
2026-05-26 03:08:42,065 [INFO] ✅ movie 674
2026-05-26 03:08:44,239 [WARNING] ⚠️ Rate limit hit on key index 0. Switching to next key...
2026-05-26 03:08:44,761 [WARNING] ⚠️ Error (401) hit on key index 1. Switching to next key...
2026-05-26 03:08:45,659 [INFO] Mirrored asset: ic0intvXZSfBlYPIvWXpU1ivUCO.jpg
2026-05-26 03:08:47,048 [WARNING] ⚠️ Rate limit hit on key index 2. Switching to next key...
2026-05-26 03:08:47,668 [WARNING] ⚠️ Rate limit hit on key index 3. Switching to next key...
2026-05-26 03:08:47,711 [WARNING] ⚠️ Rate limit hit on key index 4. Switching to next key...
2026-05-26 03:08:49,016 [WARNING] ⚠️ Rate limit hit on key index 5. Switching to next key...
2026-05-26 03:08:49,758 [WARNING] ⚠️ Rate limit hit on key index 0. Switching to next key...
2026-05-26 03:08:52,827 [WARNING] ⚠️ Error (401) hit on key index 1. Switching to next key...
2026-05-26 03:08:53,039 [WARNING] ⚠️ Error (401) hit on key index 2. Switching to next key...
2026-05-26 03:08:53,892 [WARNING] ⚠️ Rate limit hit on key index 3. Switching to next key...
2026-05-26 03:08:54,353 [WARNING] ⚠️ Rate limit hit on key index 4. Switching to next key...
2026-05-26 03:08:54,541 [WARNING] ⚠️ Rate limit hit on key index 5. Switching to next key...
2026-05-26 03:08:55,131 [WARNING] ⚠️ Rate limit hit on key index 0. Switching to next key...
2026-05-26 03:08:56,355 [ERROR] ❌ All Cohere API keys exhausted or rate limited.
2026-05-26 03:08:56,356 [ERROR] ❌ Cohere returned an empty response. Verify API Key limits or safety filters.
2026-05-26 03:08:56,358 [INFO] ✅ JSON store updated: /home/tomito/tomito seo (copy 1)/data/content/675.json
2026-05-26 03:08:56,358 [INFO] ✅ movie 675
2026-05-26 03:08:56,482 [WARNING] ⚠️ Rate limit hit on key index 1. Switching to next key...
2026-05-26 03:08:57,096 [WARNING] ⚠️ Rate limit hit on key index 2. Switching to next key...
2026-05-26 03:08:57,259 [WARNING] ⚠️ Error (401) hit on key index 3. Switching to next key...
2026-05-26 03:08:58,389 [WARNING] ⚠️ Rate limit hit on key index 4. Switching to next key...
2026-05-26 03:08:58,485 [ERROR] ❌ All Cohere API keys exhausted or rate limited.
2026-05-26 03:08:58,485 [ERROR] ❌ Cohere returned an empty response. Verify API Key limits or safety filters.
2026-05-26 03:08:58,487 [INFO] ✅ JSON store updated: /home/tomito/tomito seo (copy 1)/data/content/672.json
2026-05-26 03:08:58,487 [INFO] ✅ movie 672
2026-05-26 03:08:58,552 [WARNING] ⚠️ Rate limit hit on key index 5. Switching to next key...
2026-05-26 03:09:00,012 [WARNING] ⚠️ Error (401) hit on key index 0. Switching to next key...
2026-05-26 03:09:00,013 [ERROR] ❌ All Cohere API keys exhausted or rate limited.
2026-05-26 03:09:00,013 [ERROR] ❌ Cohere returned an empty response. Verify API Key limits or safety filters.
2026-05-26 03:09:00,014 [INFO] ✅ JSON store updated: /home/tomito/tomito seo (copy 1)/data/content/671.json
2026-05-26 03:09:00,015 [INFO] ✅ movie 671
2026-05-26 03:09:00,554 [ERROR] ❌ All Cohere API keys exhausted or rate limited.
2026-05-26 03:09:00,555 [ERROR] ❌ Cohere returned an empty response. Verify API Key limits or safety filters.
2026-05-26 03:09:00,557 [INFO] ✅ JSON store updated: /home/tomito/tomito seo (copy 1)/data/content/675353.json
2026-05-26 03:09:00,558 [INFO] ✅ movie 675353
2026-05-26 03:09:00,610 [INFO] 💾 Index saved — 780 / 1936 done
2026-05-26 03:09:00,622 [WARNING] ⚠️ Rate limit hit on key index 1. Switching to next key...
2026-05-26 03:09:01,480 [WARNING] ⚠️ Error (401) hit on key index 2. Switching to next key...
2026-05-26 03:09:03,460 [WARNING] ⚠️ Rate limit hit on key index 3. Switching to next key...
2026-05-26 03:09:03,776 [WARNING] ⚠️ Rate limit hit on key index 4. Switching to next key...
2026-05-26 03:09:06,558 [WARNING] ⚠️ Rate limit hit on key index 5. Switching to next key...
2026-05-26 03:09:07,004 [WARNING] ⚠️ Rate limit hit on key index 0. Switching to next key...
2026-05-26 03:09:07,149 [WARNING] ⚠️ Rate limit hit on key index 1. Switching to next key...
2026-05-26 03:09:07,634 [WARNING] ⚠️ Error (401) hit on key index 2. Switching to next key...
2026-05-26 03:09:07,780 [WARNING] ⚠️ Rate limit hit on key index 3. Switching to next key...
2026-05-26 03:09:08,105 [WARNING] ⚠️ Rate limit hit on key index 4. Switching to next key...
2026-05-26 03:09:08,561 [ERROR] ❌ All Cohere API keys exhausted or rate limited.
2026-05-26 03:09:08,561 [ERROR] ❌ Cohere returned an empty response. Verify API Key limits or safety filters.
2026-05-26 03:09:08,562 [INFO] ✅ JSON store updated: /home/tomito/tomito seo (copy 1)/data/content/675531.json
2026-05-26 03:09:08,563 [INFO] ✅ movie 675531
2026-05-26 03:09:08,719 [WARNING] ⚠️ Rate limit hit on key index 5. Switching to next key...
2026-05-26 03:09:09,006 [ERROR] ❌ All Cohere API keys exhausted or rate limited.
2026-05-26 03:09:09,007 [ERROR] ❌ Cohere returned an empty response. Verify API Key limits or safety filters.
2026-05-26 03:09:09,008 [INFO] ✅ JSON store updated: /home/tomito/tomito seo (copy 1)/data/content/675445.json
2026-05-26 03:09:09,008 [INFO] ✅ movie 675445
2026-05-26 03:09:10,308 [WARNING] ⚠️ Rate limit hit on key index 0. Switching to next key...
2026-05-26 03:09:10,663 [WARNING] ⚠️ Rate limit hit on key index 1. Switching to next key...
2026-05-26 03:09:11,296 [WARNING] ⚠️ Rate limit hit on key index 2. Switching to next key...
2026-05-26 03:09:11,580 [WARNING] ⚠️ Rate limit hit on key index 3. Switching to next key...
2026-05-26 03:09:11,972 [WARNING] ⚠️ Rate limit hit on key index 4. Switching to next key...
2026-05-26 03:09:13,493 [WARNING] ⚠️ Rate limit hit on key index 5. Switching to next key...
2026-05-26 03:09:13,585 [WARNING] ⚠️ Rate limit hit on key index 0. Switching to next key...
2026-05-26 03:09:13,772 [WARNING] ⚠️ Rate limit hit on key index 1. Switching to next key...
2026-05-26 03:09:13,824 [WARNING] ⚠️ Rate limit hit on key index 2. Switching to next key...
2026-05-26 03:09:14,056 [WARNING] ⚠️ Rate limit hit on key index 3. Switching to next key...
2026-05-26 03:09:14,471 [WARNING] ⚠️ Rate limit hit on key index 4. Switching to next key...
2026-05-26 03:09:16,590 [WARNING] ⚠️ Rate limit hit on key index 5. Switching to next key...
2026-05-26 03:09:16,635 [WARNING] ⚠️ Rate limit hit on key index 0. Switching to next key...
2026-05-26 03:09:16,699 [WARNING] ⚠️ Rate limit hit on key index 1. Switching to next key...
2026-05-26 03:09:16,893 [WARNING] ⚠️ Rate limit hit on key index 2. Switching to next key...
2026-05-26 03:09:17,292 [WARNING] ⚠️ Rate limit hit on key index 3. Switching to next key...
2026-05-26 03:09:17,684 [WARNING] ⚠️ Rate limit hit on key index 4. Switching to next key...
2026-05-26 03:09:19,346 [WARNING] ⚠️ Rate limit hit on key index 5. Switching to next key...
2026-05-26 03:09:19,609 [WARNING] ⚠️ Rate limit hit on key index 0. Switching to next key...
2026-05-26 03:09:19,618 [WARNING] ⚠️ Rate limit hit on key index 1. Switching to next key...
2026-05-26 03:09:20,539 [WARNING] ⚠️ Rate limit hit on key index 2. Switching to next key...
2026-05-26 03:09:20,968 [WARNING] ⚠️ Rate limit hit on key index 3. Switching to next key...
2026-05-26 03:09:21,059 [WARNING] ⚠️ Rate limit hit on key index 4. Switching to next key...
2026-05-26 03:09:21,621 [ERROR] ❌ All Cohere API keys exhausted or rate limited.
2026-05-26 03:09:21,621 [ERROR] ❌ Cohere returned an empty response. Verify API Key limits or safety filters.
2026-05-26 03:09:21,623 [INFO] ✅ JSON store updated: /home/tomito/tomito seo (copy 1)/data/content/677638.json
2026-05-26 03:09:21,624 [INFO] ✅ movie 677638
2026-05-26 03:09:22,357 [WARNING] ⚠️ Rate limit hit on key index 5. Switching to next key...
2026-05-26 03:09:22,689 [WARNING] ⚠️ Rate limit hit on key index 0. Switching to next key...
2026-05-26 03:09:23,179 [WARNING] ⚠️ Rate limit hit on key index 1. Switching to next key...
2026-05-26 03:09:24,358 [ERROR] ❌ All Cohere API keys exhausted or rate limited.
2026-05-26 03:09:24,359 [ERROR] ❌ Cohere returned an empty response. Verify API Key limits or safety filters.
2026-05-26 03:09:24,361 [INFO] ✅ JSON store updated: /home/tomito/tomito seo (copy 1)/data/content/680.json
2026-05-26 03:09:24,361 [INFO] ✅ movie 680
2026-05-26 03:09:24,522 [WARNING] ⚠️ Error (401) hit on key index 2. Switching to next key...
2026-05-26 03:09:24,524 [ERROR] ❌ All Cohere API keys exhausted or rate limited.
2026-05-26 03:09:24,525 [ERROR] ❌ Cohere returned an empty response. Verify API Key limits or safety filters.
2026-05-26 03:09:24,528 [INFO] ✅ JSON store updated: /home/tomito/tomito seo (copy 1)/data/content/679.json
2026-05-26 03:09:24,529 [INFO] ✅ movie 679
2026-05-26 03:09:24,690 [ERROR] ❌ All Cohere API keys exhausted or rate limited.
2026-05-26 03:09:24,691 [ERROR] ❌ Cohere returned an empty response. Verify API Key limits or safety filters.
2026-05-26 03:09:24,692 [INFO] ✅ JSON store updated: /home/tomito/tomito seo (copy 1)/data/content/676.json
2026-05-26 03:09:24,692 [INFO] ✅ movie 676
2026-05-26 03:09:25,510 [WARNING] ⚠️ Error (401) hit on key index 3. Switching to next key...
2026-05-26 03:09:26,335 [WARNING] ⚠️ Rate limit hit on key index 4. Switching to next key...
2026-05-26 03:09:26,879 [WARNING] ⚠️ Rate limit hit on key index 5. Switching to next key...
2026-05-26 03:09:28,225 [WARNING] ⚠️ Rate limit hit on key index 0. Switching to next key...
2026-05-26 03:09:28,530 [WARNING] ⚠️ Rate limit hit on key index 1. Switching to next key...
2026-05-26 03:09:28,881 [ERROR] ❌ All Cohere API keys exhausted or rate limited.
2026-05-26 03:09:28,882 [ERROR] ❌ Cohere returned an empty response. Verify API Key limits or safety filters.
2026-05-26 03:09:28,884 [INFO] ✅ JSON store updated: /home/tomito/tomito seo (copy 1)/data/content/6844.json
2026-05-26 03:09:28,884 [INFO] ✅ movie 6844
2026-05-26 03:09:28,987 [WARNING] ⚠️ Error (401) hit on key index 2. Switching to next key...
2026-05-26 03:09:28,988 [ERROR] ❌ All Cohere API keys exhausted or rate limited.
2026-05-26 03:09:28,988 [ERROR] ❌ Cohere returned an empty response. Verify API Key limits or safety filters.
2026-05-26 03:09:28,989 [INFO] ✅ JSON store updated: /home/tomito/tomito seo (copy 1)/data/content/680493.json
2026-05-26 03:09:28,989 [INFO] ✅ movie 680493
2026-05-26 03:09:30,013 [WARNING] ⚠️ Rate limit hit on key index 3. Switching to next key...
2026-05-26 03:09:30,566 [WARNING] ⚠️ Rate limit hit on key index 4. Switching to next key...
2026-05-26 03:09:30,752 [WARNING] ⚠️ Rate limit hit on key index 5. Switching to next key...
2026-05-26 03:09:32,749 [WARNING] ⚠️ Rate limit hit on key index 0. Switching to next key...
2026-05-26 03:09:34,417 [INFO] Mirrored asset: p8lPTjvjOjTfvC1E9pmMwcF9vkn.jpg
2026-05-26 03:09:34,472 [WARNING] ⚠️ Rate limit hit on key index 1. Switching to next key...
2026-05-26 03:09:34,492 [WARNING] ⚠️ Error (401) hit on key index 2. Switching to next key...
2026-05-26 03:09:36,153 [WARNING] ⚠️ Rate limit hit on key index 3. Switching to next key...
2026-05-26 03:09:36,444 [WARNING] ⚠️ Rate limit hit on key index 4. Switching to next key...
2026-05-26 03:09:37,946 [WARNING] ⚠️ Rate limit hit on key index 5. Switching to next key...
2026-05-26 03:09:39,549 [WARNING] ⚠️ Rate limit hit on key index 0. Switching to next key...
2026-05-26 03:09:39,626 [WARNING] ⚠️ Rate limit hit on key index 1. Switching to next key...
2026-05-26 03:09:39,693 [WARNING] ⚠️ Rate limit hit on key index 2. Switching to next key...
2026-05-26 03:09:40,011 [WARNING] ⚠️ Error (502) hit on key index 3. Switching to next key...
2026-05-26 03:09:41,102 [WARNING] ⚠️ Rate limit hit on key index 4. Switching to next key...
2026-05-26 03:09:41,232 [WARNING] ⚠️ Rate limit hit on key index 5. Switching to next key...
2026-05-26 03:09:42,035 [WARNING] ⚠️ Rate limit hit on key index 0. Switching to next key...
2026-05-26 03:09:42,241 [WARNING] ⚠️ Rate limit hit on key index 1. Switching to next key...
2026-05-26 03:09:42,430 [WARNING] ⚠️ Rate limit hit on key index 2. Switching to next key...
2026-05-26 03:09:43,706 [WARNING] ⚠️ Rate limit hit on key index 3. Switching to next key...
2026-05-26 03:09:44,568 [ERROR] ❌ All Cohere API keys exhausted or rate limited.
2026-05-26 03:09:44,568 [ERROR] ❌ Cohere returned an empty response. Verify API Key limits or safety filters.
2026-05-26 03:09:44,570 [INFO] ✅ JSON store updated: /home/tomito/tomito seo (copy 1)/data/content/68718.json
2026-05-26 03:09:44,570 [INFO] ✅ movie 68718
2026-05-26 03:09:45,374 [WARNING] ⚠️ Rate limit hit on key index 4. Switching to next key...
2026-05-26 03:09:46,368 [WARNING] ⚠️ Rate limit hit on key index 5. Switching to next key...
2026-05-26 03:09:46,651 [WARNING] ⚠️ Rate limit hit on key index 0. Switching to next key...
2026-05-26 03:09:47,778 [WARNING] ⚠️ Rate limit hit on key index 1. Switching to next key...
2026-05-26 03:09:48,943 [WARNING] ⚠️ Rate limit hit on key index 2. Switching to next key...
2026-05-26 03:09:49,416 [WARNING] ⚠️ Rate limit hit on key index 3. Switching to next key...
2026-05-26 03:09:50,652 [INFO] Mirrored asset: 21uhQMUha96rBTq6ft5Ka7Wavf2.jpg
2026-05-26 03:09:51,418 [ERROR] ❌ All Cohere API keys exhausted or rate limited.
2026-05-26 03:09:51,419 [ERROR] ❌ Cohere returned an empty response. Verify API Key limits or safety filters.
2026-05-26 03:09:51,420 [INFO] ✅ JSON store updated: /home/tomito/tomito seo (copy 1)/data/content/68721.json
2026-05-26 03:09:51,420 [INFO] ✅ movie 68721
2026-05-26 03:09:51,465 [WARNING] ⚠️ Rate limit hit on key index 4. Switching to next key...
2026-05-26 03:09:51,848 [WARNING] ⚠️ Rate limit hit on key index 5. Switching to next key...
2026-05-26 03:09:52,805 [WARNING] ⚠️ Rate limit hit on key index 0. Switching to next key...
2026-05-26 03:09:53,147 [WARNING] ⚠️ Rate limit hit on key index 1. Switching to next key...
2026-05-26 03:09:53,466 [ERROR] ❌ All Cohere API keys exhausted or rate limited.
2026-05-26 03:09:53,467 [ERROR] ❌ Cohere returned an empty response. Verify API Key limits or safety filters.
2026-05-26 03:09:53,468 [INFO] ✅ JSON store updated: /home/tomito/tomito seo (copy 1)/data/content/687163.json
2026-05-26 03:09:53,468 [INFO] ✅ movie 687163
2026-05-26 03:09:57,545 [WARNING] ⚠️ Rate limit hit on key index 2. Switching to next key...
2026-05-26 03:09:58,173 [WARNING] ⚠️ Rate limit hit on key index 3. Switching to next key...
2026-05-26 03:09:58,705 [WARNING] ⚠️ Rate limit hit on key index 4. Switching to next key...
2026-05-26 03:09:58,863 [WARNING] ⚠️ Rate limit hit on key index 5. Switching to next key...
2026-05-26 03:10:00,487 [WARNING] ⚠️ Rate limit hit on key index 0. Switching to next key...
2026-05-26 03:10:00,606 [WARNING] ⚠️ Rate limit hit on key index 1. Switching to next key...
2026-05-26 03:10:00,762 [WARNING] ⚠️ Rate limit hit on key index 2. Switching to next key...
2026-05-26 03:10:00,864 [ERROR] ❌ All Cohere API keys exhausted or rate limited.
2026-05-26 03:10:00,864 [ERROR] ❌ Cohere returned an empty response. Verify API Key limits or safety filters.
2026-05-26 03:10:00,866 [INFO] ✅ JSON store updated: /home/tomito/tomito seo (copy 1)/data/content/69.json
2026-05-26 03:10:00,866 [INFO] ✅ movie 69
2026-05-26 03:10:01,627 [WARNING] ⚠️ Rate limit hit on key index 3. Switching to next key...
2026-05-26 03:10:03,634 [WARNING] ⚠️ Rate limit hit on key index 4. Switching to next key...
2026-05-26 03:10:04,356 [WARNING] ⚠️ Rate limit hit on key index 5. Switching to next key...
2026-05-26 03:10:04,866 [WARNING] ⚠️ Rate limit hit on key index 0. Switching to next key...
2026-05-26 03:10:06,358 [ERROR] ❌ All Cohere API keys exhausted or rate limited.
2026-05-26 03:10:06,359 [ERROR] ❌ Cohere returned an empty response. Verify API Key limits or safety filters.
2026-05-26 03:10:06,360 [INFO] ✅ JSON store updated: /home/tomito/tomito seo (copy 1)/data/content/68726.json
2026-05-26 03:10:06,360 [INFO] ✅ movie 68726
2026-05-26 03:10:06,555 [WARNING] ⚠️ Error (401) hit on key index 1. Switching to next key...
2026-05-26 03:10:06,571 [WARNING] ⚠️ Error (401) hit on key index 2. Switching to next key...
2026-05-26 03:10:07,324 [WARNING] ⚠️ Rate limit hit on key index 3. Switching to next key...
2026-05-26 03:10:07,405 [WARNING] ⚠️ Rate limit hit on key index 4. Switching to next key...
2026-05-26 03:10:08,434 [WARNING] ⚠️ Rate limit hit on key index 5. Switching to next key...
2026-05-26 03:10:09,501 [WARNING] ⚠️ Rate limit hit on key index 0. Switching to next key...
2026-05-26 03:10:09,692 [WARNING] ⚠️ Rate limit hit on key index 1. Switching to next key...
2026-05-26 03:10:10,151 [WARNING] ⚠️ Rate limit hit on key index 2. Switching to next key...
2026-05-26 03:10:10,256 [WARNING] ⚠️ Rate limit hit on key index 3. Switching to next key...
2026-05-26 03:10:10,893 [WARNING] ⚠️ Rate limit hit on key index 3. Switching to next key...
2026-05-26 03:10:11,321 [WARNING] ⚠️ Rate limit hit on key index 5. Switching to next key...
2026-05-26 03:10:12,154 [ERROR] ❌ All Cohere API keys exhausted or rate limited.
2026-05-26 03:10:12,154 [ERROR] ❌ Cohere returned an empty response. Verify API Key limits or safety filters.
2026-05-26 03:10:12,155 [INFO] ✅ JSON store updated: /home/tomito/tomito seo (copy 1)/data/content/693134.json
2026-05-26 03:10:12,155 [INFO] ✅ movie 693134
2026-05-26 03:10:12,243 [WARNING] ⚠️ Rate limit hit on key index 0. Switching to next key...
2026-05-26 03:10:12,764 [WARNING] ⚠️ Rate limit hit on key index 1. Switching to next key...
2026-05-26 03:10:13,034 [ERROR] ❌ All Cohere API keys exhausted or rate limited.
2026-05-26 03:10:13,035 [ERROR] ❌ Cohere returned an empty response. Verify API Key limits or safety filters.
2026-05-26 03:10:13,037 [INFO] ✅ JSON store updated: /home/tomito/tomito seo (copy 1)/data/content/695721.json
2026-05-26 03:10:13,037 [INFO] ✅ movie 695721
2026-05-26 03:10:13,760 [WARNING] ⚠️ Rate limit hit on key index 2. Switching to next key...
2026-05-26 03:10:15,380 [WARNING] ⚠️ Rate limit hit on key index 3. Switching to next key...
2026-05-26 03:10:15,532 [WARNING] ⚠️ Rate limit hit on key index 4. Switching to next key...
2026-05-26 03:10:16,321 [WARNING] ⚠️ Rate limit hit on key index 5. Switching to next key...
2026-05-26 03:10:16,649 [WARNING] ⚠️ Rate limit hit on key index 0. Switching to next key...
2026-05-26 03:10:17,382 [ERROR] ❌ All Cohere API keys exhausted or rate limited.
2026-05-26 03:10:17,383 [ERROR] ❌ Cohere returned an empty response. Verify API Key limits or safety filters.
2026-05-26 03:10:17,385 [INFO] ✅ JSON store updated: /home/tomito/tomito seo (copy 1)/data/content/694.json
2026-05-26 03:10:17,385 [INFO] ✅ movie 694
2026-05-26 03:10:17,534 [ERROR] ❌ All Cohere API keys exhausted or rate limited.
2026-05-26 03:10:17,535 [ERROR] ❌ Cohere returned an empty response. Verify API Key limits or safety filters.
2026-05-26 03:10:17,536 [INFO] ✅ JSON store updated: /home/tomito/tomito seo (copy 1)/data/content/69700.json
2026-05-26 03:10:17,537 [INFO] ✅ movie 69700
2026-05-26 03:10:18,461 [WARNING] ⚠️ Error (401) hit on key index 1. Switching to next key...
2026-05-26 03:10:20,025 [WARNING] ⚠️ Error (401) hit on key index 2. Switching to next key...
2026-05-26 03:10:20,444 [WARNING] ⚠️ Error (401) hit on key index 3. Switching to next key...
2026-05-26 03:10:20,664 [WARNING] ⚠️ Rate limit hit on key index 4. Switching to next key...
2026-05-26 03:10:21,494 [WARNING] ⚠️ Rate limit hit on key index 5. Switching to next key...
2026-05-26 03:10:21,743 [WARNING] ⚠️ Rate limit hit on key index 0. Switching to next key...
2026-05-26 03:10:21,836 [WARNING] ⚠️ Rate limit hit on key index 1. Switching to next key...
2026-05-26 03:10:21,858 [WARNING] ⚠️ Rate limit hit on key index 2. Switching to next key...
2026-05-26 03:10:23,313 [WARNING] ⚠️ Rate limit hit on key index 3. Switching to next key...
2026-05-26 03:10:24,691 [WARNING] ⚠️ Rate limit hit on key index 4. Switching to next key...
2026-05-26 03:10:24,904 [WARNING] ⚠️ Rate limit hit on key index 5. Switching to next key...
2026-05-26 03:10:25,264 [WARNING] ⚠️ Rate limit hit on key index 0. Switching to next key...
2026-05-26 03:10:25,661 [WARNING] ⚠️ Rate limit hit on key index 1. Switching to next key...
2026-05-26 03:10:26,159 [WARNING] ⚠️ Error (401) hit on key index 2. Switching to next key...
2026-05-26 03:10:26,905 [ERROR] ❌ All Cohere API keys exhausted or rate limited.
2026-05-26 03:10:26,906 [ERROR] ❌ Cohere returned an empty response. Verify API Key limits or safety filters.
2026-05-26 03:10:26,907 [INFO] ✅ JSON store updated: /home/tomito/tomito seo (copy 1)/data/content/697843.json
2026-05-26 03:10:26,908 [INFO] ✅ movie 697843
2026-05-26 03:10:27,266 [ERROR] ❌ All Cohere API keys exhausted or rate limited.
2026-05-26 03:10:27,267 [ERROR] ❌ Cohere returned an empty response. Verify API Key limits or safety filters.
2026-05-26 03:10:27,269 [INFO] ✅ JSON store updated: /home/tomito/tomito seo (copy 1)/data/content/6977.json
2026-05-26 03:10:27,269 [INFO] ✅ movie 6977
2026-05-26 03:10:28,089 [WARNING] ⚠️ Rate limit hit on key index 3. Switching to next key...
2026-05-26 03:10:28,426 [WARNING] ⚠️ Rate limit hit on key index 4. Switching to next key...
2026-05-26 03:10:29,357 [WARNING] ⚠️ Rate limit hit on key index 5. Switching to next key...
2026-05-26 03:10:30,661 [WARNING] ⚠️ Rate limit hit on key index 0. Switching to next key...
2026-05-26 03:10:32,253 [WARNING] ⚠️ Rate limit hit on key index 1. Switching to next key...
2026-05-26 03:10:32,665 [ERROR] ❌ All Cohere API keys exhausted or rate limited.
2026-05-26 03:10:32,665 [ERROR] ❌ Cohere returned an empty response. Verify API Key limits or safety filters.
2026-05-26 03:10:32,666 [INFO] ✅ JSON store updated: /home/tomito/tomito seo (copy 1)/data/content/698687.json
2026-05-26 03:10:32,667 [INFO] ✅ movie 698687
2026-05-26 03:10:32,721 [INFO] 💾 Index saved — 800 / 1936 done
2026-05-26 03:10:33,363 [WARNING] ⚠️ Error (401) hit on key index 2. Switching to next key...
2026-05-26 03:10:33,563 [WARNING] ⚠️ Error (401) hit on key index 3. Switching to next key...
2026-05-26 03:10:34,209 [WARNING] ⚠️ Rate limit hit on key index 4. Switching to next key...
2026-05-26 03:10:34,842 [WARNING] ⚠️ Rate limit hit on key index 5. Switching to next key...
2026-05-26 03:10:35,672 [WARNING] ⚠️ Rate limit hit on key index 0. Switching to next key...
2026-05-26 03:10:36,431 [WARNING] ⚠️ Rate limit hit on key index 1. Switching to next key...
2026-05-26 03:10:37,135 [WARNING] ⚠️ Error (401) hit on key index 2. Switching to next key...
2026-05-26 03:10:37,392 [WARNING] ⚠️ Rate limit hit on key index 3. Switching to next key...
2026-05-26 03:10:37,991 [WARNING] ⚠️ Rate limit hit on key index 4. Switching to next key...
2026-05-26 03:10:38,452 [WARNING] ⚠️ Rate limit hit on key index 5. Switching to next key...
2026-05-26 03:10:38,801 [WARNING] ⚠️ Rate limit hit on key index 0. Switching to next key...
2026-05-26 03:10:38,923 [WARNING] ⚠️ Rate limit hit on key index 1. Switching to next key...
2026-05-26 03:10:39,102 [WARNING] ⚠️ Rate limit hit on key index 2. Switching to next key...
2026-05-26 03:10:39,394 [ERROR] ❌ All Cohere API keys exhausted or rate limited.
2026-05-26 03:10:39,395 [ERROR] ❌ Cohere returned an empty response. Verify API Key limits or safety filters.
2026-05-26 03:10:39,397 [INFO] ✅ JSON store updated: /home/tomito/tomito seo (copy 1)/data/content/698508.json
2026-05-26 03:10:39,397 [INFO] ✅ movie 698508
2026-05-26 03:10:41,105 [ERROR] ❌ All Cohere API keys exhausted or rate limited.
2026-05-26 03:10:41,105 [ERROR] ❌ Cohere returned an empty response. Verify API Key limits or safety filters.
2026-05-26 03:10:41,106 [INFO] ✅ JSON store updated: /home/tomito/tomito seo (copy 1)/data/content/70160.json
2026-05-26 03:10:41,106 [INFO] ✅ movie 70160
2026-05-26 03:10:41,301 [WARNING] ⚠️ Rate limit hit on key index 3. Switching to next key...
2026-05-26 03:10:41,571 [WARNING] ⚠️ Rate limit hit on key index 4. Switching to next key...
2026-05-26 03:10:42,838 [WARNING] ⚠️ Rate limit hit on key index 5. Switching to next key...
2026-05-26 03:10:43,159 [WARNING] ⚠️ Rate limit hit on key index 0. Switching to next key...
2026-05-26 03:10:43,362 [WARNING] ⚠️ Rate limit hit on key index 1. Switching to next key...
2026-05-26 03:10:43,922 [WARNING] ⚠️ Error (401) hit on key index 2. Switching to next key...
2026-05-26 03:10:45,014 [WARNING] ⚠️ Rate limit hit on key index 3. Switching to next key...
2026-05-26 03:10:45,477 [WARNING] ⚠️ Rate limit hit on key index 4. Switching to next key...
2026-05-26 03:10:45,598 [WARNING] ⚠️ Rate limit hit on key index 5. Switching to next key...
2026-05-26 03:10:46,025 [WARNING] ⚠️ Rate limit hit on key index 0. Switching to next key...
2026-05-26 03:10:46,046 [WARNING] ⚠️ Rate limit hit on key index 1. Switching to next key...
2026-05-26 03:10:46,624 [WARNING] ⚠️ Rate limit hit on key index 2. Switching to next key...
2026-05-26 03:10:47,650 [WARNING] ⚠️ Rate limit hit on key index 3. Switching to next key...
2026-05-26 03:10:48,049 [ERROR] ❌ All Cohere API keys exhausted or rate limited.
2026-05-26 03:10:48,049 [ERROR] ❌ Cohere returned an empty response. Verify API Key limits or safety filters.
2026-05-26 03:10:48,050 [INFO] ✅ JSON store updated: /home/tomito/tomito seo (copy 1)/data/content/7131.json
2026-05-26 03:10:48,050 [INFO] ✅ movie 7131
2026-05-26 03:10:48,969 [WARNING] ⚠️ Rate limit hit on key index 4. Switching to next key...
2026-05-26 03:10:49,088 [WARNING] ⚠️ Rate limit hit on key index 5. Switching to next key...
2026-05-26 03:10:49,097 [WARNING] ⚠️ Rate limit hit on key index 0. Switching to next key...
2026-05-26 03:10:49,109 [WARNING] ⚠️ Rate limit hit on key index 1. Switching to next key...
2026-05-26 03:10:51,052 [WARNING] ⚠️ Rate limit hit on key index 2. Switching to next key...
2026-05-26 03:10:51,098 [ERROR] ❌ All Cohere API keys exhausted or rate limited.
2026-05-26 03:10:51,099 [ERROR] ❌ Cohere returned an empty response. Verify API Key limits or safety filters.
2026-05-26 03:10:51,100 [INFO] ✅ JSON store updated: /home/tomito/tomito seo (copy 1)/data/content/71933.json
2026-05-26 03:10:51,100 [INFO] ✅ movie 71933
2026-05-26 03:10:51,482 [WARNING] ⚠️ Rate limit hit on key index 3. Switching to next key...
2026-05-26 03:10:51,911 [WARNING] ⚠️ Rate limit hit on key index 4. Switching to next key...
2026-05-26 03:10:52,212 [WARNING] ⚠️ Rate limit hit on key index 5. Switching to next key...
2026-05-26 03:10:52,543 [WARNING] ⚠️ Rate limit hit on key index 0. Switching to next key...
2026-05-26 03:10:54,277 [WARNING] ⚠️ Error (401) hit on key index 1. Switching to next key...
2026-05-26 03:10:54,973 [WARNING] ⚠️ Error (401) hit on key index 2. Switching to next key...
2026-05-26 03:10:54,973 [ERROR] ❌ All Cohere API keys exhausted or rate limited.
2026-05-26 03:10:54,973 [ERROR] ❌ Cohere returned an empty response. Verify API Key limits or safety filters.
2026-05-26 03:10:54,974 [INFO] ✅ JSON store updated: /home/tomito/tomito seo (copy 1)/data/content/72190.json
2026-05-26 03:10:54,974 [INFO] ✅ movie 72190
2026-05-26 03:10:55,035 [WARNING] ⚠️ Error (401) hit on key index 3. Switching to next key...
2026-05-26 03:10:55,035 [ERROR] ❌ All Cohere API keys exhausted or rate limited.
2026-05-26 03:10:55,036 [ERROR] ❌ Cohere returned an empty response. Verify API Key limits or safety filters.
2026-05-26 03:10:55,037 [INFO] ✅ JSON store updated: /home/tomito/tomito seo (copy 1)/data/content/718930.json
2026-05-26 03:10:55,037 [INFO] ✅ movie 718930
2026-05-26 03:10:55,282 [WARNING] ⚠️ Rate limit hit on key index 4. Switching to next key...
2026-05-26 03:10:57,198 [WARNING] ⚠️ Rate limit hit on key index 5. Switching to next key...
2026-05-26 03:10:57,875 [WARNING] ⚠️ Rate limit hit on key index 0. Switching to next key...
2026-05-26 03:10:58,864 [WARNING] ⚠️ Rate limit hit on key index 1. Switching to next key...
2026-05-26 03:10:58,891 [WARNING] ⚠️ Rate limit hit on key index 2. Switching to next key...
2026-05-26 03:10:59,696 [WARNING] ⚠️ Rate limit hit on key index 3. Switching to next key...
2026-05-26 03:10:59,908 [WARNING] ⚠️ Rate limit hit on key index 4. Switching to next key...
2026-05-26 03:11:00,485 [WARNING] ⚠️ Rate limit hit on key index 5. Switching to next key...
2026-05-26 03:11:00,867 [ERROR] ❌ All Cohere API keys exhausted or rate limited.
2026-05-26 03:11:00,867 [ERROR] ❌ Cohere returned an empty response. Verify API Key limits or safety filters.
2026-05-26 03:11:00,871 [INFO] ✅ JSON store updated: /home/tomito/tomito seo (copy 1)/data/content/7220.json
2026-05-26 03:11:00,871 [INFO] ✅ movie 7220
2026-05-26 03:11:01,579 [WARNING] ⚠️ Rate limit hit on key index 0. Switching to next key...
2026-05-26 03:11:02,150 [WARNING] ⚠️ Error (401) hit on key index 1. Switching to next key...
2026-05-26 03:11:03,029 [WARNING] ⚠️ Error (401) hit on key index 2. Switching to next key...
2026-05-26 03:11:03,769 [WARNING] ⚠️ Error (401) hit on key index 3. Switching to next key...
2026-05-26 03:11:04,046 [WARNING] ⚠️ Rate limit hit on key index 4. Switching to next key...
2026-05-26 03:11:04,390 [WARNING] ⚠️ Rate limit hit on key index 5. Switching to next key...
2026-05-26 03:11:04,524 [WARNING] ⚠️ Rate limit hit on key index 0. Switching to next key...
2026-05-26 03:11:04,588 [WARNING] ⚠️ Rate limit hit on key index 1. Switching to next key...
2026-05-26 03:11:04,616 [WARNING] ⚠️ Rate limit hit on key index 2. Switching to next key...
2026-05-26 03:11:04,760 [WARNING] ⚠️ Rate limit hit on key index 3. Switching to next key...
2026-05-26 03:11:06,526 [ERROR] ❌ All Cohere API keys exhausted or rate limited.
2026-05-26 03:11:06,527 [ERROR] ❌ Cohere returned an empty response. Verify API Key limits or safety filters.
2026-05-26 03:11:06,529 [INFO] ✅ JSON store updated: /home/tomito/tomito seo (copy 1)/data/content/73353.json
2026-05-26 03:11:06,529 [INFO] ✅ movie 73353
2026-05-26 03:11:07,142 [WARNING] ⚠️ Rate limit hit on key index 4. Switching to next key...
2026-05-26 03:11:07,743 [WARNING] ⚠️ Rate limit hit on key index 5. Switching to next key...
2026-05-26 03:11:07,912 [WARNING] ⚠️ Rate limit hit on key index 0. Switching to next key...
2026-05-26 03:11:08,332 [WARNING] ⚠️ Rate limit hit on key index 1. Switching to next key...
2026-05-26 03:11:08,524 [WARNING] ⚠️ Rate limit hit on key index 2. Switching to next key...
2026-05-26 03:11:09,203 [INFO] Mirrored asset: wdbiMjXd4CxPfCx4r4Jfy8cGec0.jpg
2026-05-26 03:11:09,746 [ERROR] ❌ All Cohere API keys exhausted or rate limited.
2026-05-26 03:11:09,746 [ERROR] ❌ Cohere returned an empty response. Verify API Key limits or safety filters.
2026-05-26 03:11:09,748 [INFO] ✅ JSON store updated: /home/tomito/tomito seo (copy 1)/data/content/7299.json
2026-05-26 03:11:09,749 [INFO] ✅ movie 7299
2026-05-26 03:11:10,495 [WARNING] ⚠️ Rate limit hit on key index 3. Switching to next key...
2026-05-26 03:11:11,094 [WARNING] ⚠️ Rate limit hit on key index 4. Switching to next key...
2026-05-26 03:11:11,636 [WARNING] ⚠️ Rate limit hit on key index 5. Switching to next key...
2026-05-26 03:11:12,571 [WARNING] ⚠️ Rate limit hit on key index 0. Switching to next key...
2026-05-26 03:11:13,686 [WARNING] ⚠️ Error (401) hit on key index 1. Switching to next key...
2026-05-26 03:11:14,412 [WARNING] ⚠️ Rate limit hit on key index 2. Switching to next key...
2026-05-26 03:11:14,583 [WARNING] ⚠️ Error (401) hit on key index 3. Switching to next key...
2026-05-26 03:11:14,715 [WARNING] ⚠️ Rate limit hit on key index 4. Switching to next key...
2026-05-26 03:11:15,859 [WARNING] ⚠️ Rate limit hit on key index 5. Switching to next key...
2026-05-26 03:11:16,153 [WARNING] ⚠️ Rate limit hit on key index 0. Switching to next key...
2026-05-26 03:11:16,415 [ERROR] ❌ All Cohere API keys exhausted or rate limited.
2026-05-26 03:11:16,416 [ERROR] ❌ Cohere returned an empty response. Verify API Key limits or safety filters.
2026-05-26 03:11:16,418 [INFO] ✅ JSON store updated: /home/tomito/tomito seo (copy 1)/data/content/739405.json
2026-05-26 03:11:16,418 [INFO] ✅ movie 739405
2026-05-26 03:11:16,456 [WARNING] ⚠️ Rate limit hit on key index 1. Switching to next key...
2026-05-26 03:11:17,739 [WARNING] ⚠️ Rate limit hit on key index 2. Switching to next key...
2026-05-26 03:11:18,313 [WARNING] ⚠️ Rate limit hit on key index 3. Switching to next key...
2026-05-26 03:11:18,459 [ERROR] ❌ All Cohere API keys exhausted or rate limited.
2026-05-26 03:11:18,459 [ERROR] ❌ Cohere returned an empty response. Verify API Key limits or safety filters.
2026-05-26 03:11:18,461 [INFO] ✅ JSON store updated: /home/tomito/tomito seo (copy 1)/data/content/7345.json
2026-05-26 03:11:18,462 [INFO] ✅ movie 7345
2026-05-26 03:11:19,047 [WARNING] ⚠️ Rate limit hit on key index 4. Switching to next key...
2026-05-26 03:11:19,861 [INFO] Mirrored asset: skHqceAFYee0JZuYd9MVk2IQggi.jpg
2026-05-26 03:11:20,153 [WARNING] ⚠️ Rate limit hit on key index 5. Switching to next key...
2026-05-26 03:11:20,852 [WARNING] ⚠️ Rate limit hit on key index 0. Switching to next key...
2026-05-26 03:11:21,050 [ERROR] ❌ All Cohere API keys exhausted or rate limited.
2026-05-26 03:11:21,051 [ERROR] ❌ Cohere returned an empty response. Verify API Key limits or safety filters.
2026-05-26 03:11:21,054 [INFO] ✅ JSON store updated: /home/tomito/tomito seo (copy 1)/data/content/744.json
2026-05-26 03:11:21,054 [INFO] ✅ movie 744
2026-05-26 03:11:21,466 [WARNING] ⚠️ Rate limit hit on key index 1. Switching to next key...
2026-05-26 03:11:21,759 [WARNING] ⚠️ Rate limit hit on key index 2. Switching to next key...
2026-05-26 03:11:22,394 [WARNING] ⚠️ Rate limit hit on key index 3. Switching to next key...
2026-05-26 03:11:22,971 [WARNING] ⚠️ Rate limit hit on key index 4. Switching to next key...
2026-05-26 03:11:23,453 [WARNING] ⚠️ Rate limit hit on key index 5. Switching to next key...
2026-05-26 03:11:24,544 [WARNING] ⚠️ Rate limit hit on key index 0. Switching to next key...
2026-05-26 03:11:24,972 [ERROR] ❌ All Cohere API keys exhausted or rate limited.
2026-05-26 03:11:24,972 [ERROR] ❌ Cohere returned an empty response. Verify API Key limits or safety filters.
2026-05-26 03:11:24,975 [INFO] ✅ JSON store updated: /home/tomito/tomito seo (copy 1)/data/content/73861.json
2026-05-26 03:11:24,975 [INFO] ✅ movie 73861
2026-05-26 03:11:25,078 [WARNING] ⚠️ Rate limit hit on key index 1. Switching to next key...
2026-05-26 03:11:25,836 [WARNING] ⚠️ Rate limit hit on key index 2. Switching to next key...
2026-05-26 03:11:26,132 [WARNING] ⚠️ Rate limit hit on key index 3. Switching to next key...
2026-05-26 03:11:26,285 [WARNING] ⚠️ Rate limit hit on key index 4. Switching to next key...
2026-05-26 03:11:27,738 [INFO] Mirrored asset: 2aWGxo1E5polpBjPvtBRkWp7qaS.jpg
2026-05-26 03:11:27,741 [WARNING] ⚠️ Rate limit hit on key index 5. Switching to next key...
2026-05-26 03:11:27,838 [ERROR] ❌ All Cohere API keys exhausted or rate limited.
2026-05-26 03:11:27,839 [ERROR] ❌ Cohere returned an empty response. Verify API Key limits or safety filters.
2026-05-26 03:11:27,842 [INFO] ✅ JSON store updated: /home/tomito/tomito seo (copy 1)/data/content/744114.json
2026-05-26 03:11:27,842 [INFO] ✅ movie 744114
2026-05-26 03:11:28,038 [WARNING] ⚠️ Rate limit hit on key index 0. Switching to next key...
2026-05-26 03:11:29,147 [WARNING] ⚠️ Error (401) hit on key index 1. Switching to next key...
2026-05-26 03:11:29,148 [ERROR] ❌ All Cohere API keys exhausted or rate limited.
2026-05-26 03:11:29,148 [ERROR] ❌ Cohere returned an empty response. Verify API Key limits or safety filters.
2026-05-26 03:11:29,149 [INFO] ✅ JSON store updated: /home/tomito/tomito seo (copy 1)/data/content/744275.json
2026-05-26 03:11:29,149 [INFO] ✅ movie 744275
2026-05-26 03:11:29,221 [WARNING] ⚠️ Error (401) hit on key index 2. Switching to next key...
2026-05-26 03:11:29,311 [WARNING] ⚠️ Error (401) hit on key index 3. Switching to next key...
2026-05-26 03:11:30,251 [WARNING] ⚠️ Rate limit hit on key index 4. Switching to next key...
2026-05-26 03:11:30,744 [WARNING] ⚠️ Rate limit hit on key index 5. Switching to next key...
2026-05-26 03:11:31,794 [WARNING] ⚠️ Rate limit hit on key index 0. Switching to next key...
2026-05-26 03:11:32,021 [WARNING] ⚠️ Rate limit hit on key index 1. Switching to next key...
2026-05-26 03:11:32,360 [WARNING] ⚠️ Rate limit hit on key index 2. Switching to next key...
2026-05-26 03:11:33,329 [WARNING] ⚠️ Rate limit hit on key index 3. Switching to next key...
2026-05-26 03:11:33,821 [WARNING] ⚠️ Rate limit hit on key index 4. Switching to next key...
2026-05-26 03:11:33,836 [WARNING] ⚠️ Rate limit hit on key index 5. Switching to next key...
2026-05-26 03:11:34,247 [WARNING] ⚠️ Rate limit hit on key index 0. Switching to next key...
2026-05-26 03:11:34,500 [WARNING] ⚠️ Rate limit hit on key index 1. Switching to next key...
2026-05-26 03:11:35,217 [WARNING] ⚠️ Error (401) hit on key index 2. Switching to next key...
2026-05-26 03:11:36,021 [WARNING] ⚠️ Rate limit hit on key index 3. Switching to next key...
2026-05-26 03:11:36,407 [WARNING] ⚠️ Rate limit hit on key index 4. Switching to next key...
2026-05-26 03:11:37,067 [WARNING] ⚠️ Rate limit hit on key index 5. Switching to next key...
2026-05-26 03:11:37,241 [WARNING] ⚠️ Rate limit hit on key index 0. Switching to next key...
2026-05-26 03:11:37,508 [WARNING] ⚠️ Rate limit hit on key index 1. Switching to next key...
2026-05-26 03:11:37,638 [WARNING] ⚠️ Rate limit hit on key index 2. Switching to next key...
2026-05-26 03:11:38,408 [ERROR] ❌ All Cohere API keys exhausted or rate limited.
2026-05-26 03:11:38,409 [ERROR] ❌ Cohere returned an empty response. Verify API Key limits or safety filters.
2026-05-26 03:11:38,411 [INFO] ✅ JSON store updated: /home/tomito/tomito seo (copy 1)/data/content/7451.json
2026-05-26 03:11:38,411 [INFO] ✅ movie 7451
2026-05-26 03:11:38,489 [WARNING] ⚠️ Rate limit hit on key index 3. Switching to next key...
2026-05-26 03:11:39,641 [ERROR] ❌ All Cohere API keys exhausted or rate limited.
2026-05-26 03:11:39,641 [ERROR] ❌ Cohere returned an empty response. Verify API Key limits or safety filters.
2026-05-26 03:11:39,643 [INFO] ✅ JSON store updated: /home/tomito/tomito seo (copy 1)/data/content/7445.json
2026-05-26 03:11:39,643 [INFO] ✅ movie 7445
2026-05-26 03:11:39,880 [WARNING] ⚠️ Rate limit hit on key index 4. Switching to next key...
2026-05-26 03:11:40,225 [WARNING] ⚠️ Rate limit hit on key index 5. Switching to next key...
2026-05-26 03:11:41,113 [WARNING] ⚠️ Rate limit hit on key index 0. Switching to next key...
2026-05-26 03:11:41,696 [WARNING] ⚠️ Rate limit hit on key index 1. Switching to next key...
2026-05-26 03:11:42,226 [ERROR] ❌ All Cohere API keys exhausted or rate limited.
2026-05-26 03:11:42,227 [ERROR] ❌ Cohere returned an empty response. Verify API Key limits or safety filters.
2026-05-26 03:11:42,228 [INFO] ✅ JSON store updated: /home/tomito/tomito seo (copy 1)/data/content/747059.json
2026-05-26 03:11:42,228 [INFO] ✅ movie 747059
2026-05-26 03:11:42,914 [WARNING] ⚠️ Rate limit hit on key index 2. Switching to next key...
2026-05-26 03:11:43,478 [WARNING] ⚠️ Rate limit hit on key index 3. Switching to next key...
2026-05-26 03:11:43,683 [WARNING] ⚠️ Rate limit hit on key index 4. Switching to next key...
2026-05-26 03:11:43,878 [WARNING] ⚠️ Rate limit hit on key index 5. Switching to next key...
2026-05-26 03:11:44,914 [ERROR] ❌ All Cohere API keys exhausted or rate limited.
2026-05-26 03:11:44,915 [ERROR] ❌ Cohere returned an empty response. Verify API Key limits or safety filters.
2026-05-26 03:11:44,916 [INFO] ✅ JSON store updated: /home/tomito/tomito seo (copy 1)/data/content/7485.json
2026-05-26 03:11:44,916 [INFO] ✅ movie 7485
2026-05-26 03:11:45,365 [WARNING] ⚠️ Rate limit hit on key index 0. Switching to next key...
2026-05-26 03:11:45,931 [WARNING] ⚠️ Error (401) hit on key index 1. Switching to next key...
2026-05-26 03:11:46,521 [WARNING] ⚠️ Error (401) hit on key index 2. Switching to next key...
2026-05-26 03:11:47,480 [WARNING] ⚠️ Error (401) hit on key index 3. Switching to next key...
2026-05-26 03:11:47,480 [ERROR] ❌ All Cohere API keys exhausted or rate limited.
2026-05-26 03:11:47,523 [ERROR] ❌ Cohere returned an empty response. Verify API Key limits or safety filters.
2026-05-26 03:11:47,525 [INFO] ✅ JSON store updated: /home/tomito/tomito seo (copy 1)/data/content/753.json
2026-05-26 03:11:47,525 [INFO] ✅ movie 753
2026-05-26 03:11:47,556 [INFO] 💾 Index saved — 820 / 1936 done
2026-05-26 03:11:48,365 [WARNING] ⚠️ Rate limit hit on key index 4. Switching to next key...
2026-05-26 03:11:48,507 [WARNING] ⚠️ Rate limit hit on key index 5. Switching to next key...
2026-05-26 03:11:48,862 [WARNING] ⚠️ Rate limit hit on key index 0. Switching to next key...
2026-05-26 03:11:48,875 [WARNING] ⚠️ Rate limit hit on key index 1. Switching to next key...
2026-05-26 03:11:49,020 [WARNING] ⚠️ Rate limit hit on key index 2. Switching to next key...
2026-05-26 03:11:50,878 [ERROR] ❌ All Cohere API keys exhausted or rate limited.
2026-05-26 03:11:50,878 [ERROR] ❌ Cohere returned an empty response. Verify API Key limits or safety filters.
2026-05-26 03:11:50,880 [INFO] ✅ JSON store updated: /home/tomito/tomito seo (copy 1)/data/content/74997.json
2026-05-26 03:11:50,880 [INFO] ✅ movie 74997
2026-05-26 03:11:50,984 [WARNING] ⚠️ Rate limit hit on key index 3. Switching to next key...
2026-05-26 03:11:51,080 [WARNING] ⚠️ Rate limit hit on key index 4. Switching to next key...
2026-05-26 03:11:51,687 [WARNING] ⚠️ Rate limit hit on key index 5. Switching to next key...
2026-05-26 03:11:51,904 [WARNING] ⚠️ Rate limit hit on key index 0. Switching to next key...
2026-05-26 03:11:52,140 [WARNING] ⚠️ Rate limit hit on key index 1. Switching to next key...
2026-05-26 03:11:55,260 [WARNING] ⚠️ Rate limit hit on key index 2. Switching to next key...
2026-05-26 03:11:55,305 [WARNING] ⚠️ Rate limit hit on key index 3. Switching to next key...
2026-05-26 03:11:56,402 [WARNING] ⚠️ Rate limit hit on key index 4. Switching to next key...
2026-05-26 03:11:56,743 [WARNING] ⚠️ Rate limit hit on key index 5. Switching to next key...
2026-05-26 03:11:56,918 [WARNING] ⚠️ Rate limit hit on key index 0. Switching to next key...
2026-05-26 03:11:57,953 [WARNING] ⚠️ Error (401) hit on key index 1. Switching to next key...
2026-05-26 03:11:58,335 [WARNING] ⚠️ Error (401) hit on key index 2. Switching to next key...
2026-05-26 03:11:58,335 [ERROR] ❌ All Cohere API keys exhausted or rate limited.
2026-05-26 03:11:58,336 [ERROR] ❌ Cohere returned an empty response. Verify API Key limits or safety filters.
2026-05-26 03:11:58,337 [INFO] ✅ JSON store updated: /home/tomito/tomito seo (copy 1)/data/content/755.json
2026-05-26 03:11:58,337 [INFO] ✅ movie 755
2026-05-26 03:11:58,545 [WARNING] ⚠️ Rate limit hit on key index 3. Switching to next key...
2026-05-26 03:11:59,113 [WARNING] ⚠️ Rate limit hit on key index 4. Switching to next key...
2026-05-26 03:11:59,718 [WARNING] ⚠️ Rate limit hit on key index 5. Switching to next key...
2026-05-26 03:11:59,769 [WARNING] ⚠️ Rate limit hit on key index 0. Switching to next key...
2026-05-26 03:12:01,114 [ERROR] ❌ All Cohere API keys exhausted or rate limited.
2026-05-26 03:12:01,115 [ERROR] ❌ Cohere returned an empty response. Verify API Key limits or safety filters.
2026-05-26 03:12:01,116 [INFO] ✅ JSON store updated: /home/tomito/tomito seo (copy 1)/data/content/754.json
2026-05-26 03:12:01,116 [INFO] ✅ movie 754
2026-05-26 03:12:01,412 [WARNING] ⚠️ Error (401) hit on key index 1. Switching to next key...
2026-05-26 03:12:01,413 [ERROR] ❌ All Cohere API keys exhausted or rate limited.
2026-05-26 03:12:01,413 [ERROR] ❌ Cohere returned an empty response. Verify API Key limits or safety filters.
2026-05-26 03:12:01,415 [INFO] ✅ JSON store updated: /home/tomito/tomito seo (copy 1)/data/content/755898.json
2026-05-26 03:12:01,415 [INFO] ✅ movie 755898
2026-05-26 03:12:02,470 [WARNING] ⚠️ Rate limit hit on key index 2. Switching to next key...
2026-05-26 03:12:02,610 [WARNING] ⚠️ Rate limit hit on key index 3. Switching to next key...
2026-05-26 03:12:05,021 [WARNING] ⚠️ Rate limit hit on key index 4. Switching to next key...
2026-05-26 03:12:05,693 [WARNING] ⚠️ Rate limit hit on key index 5. Switching to next key...
2026-05-26 03:12:05,931 [WARNING] ⚠️ Rate limit hit on key index 0. Switching to next key...
2026-05-26 03:12:08,097 [WARNING] ⚠️ Error (401) hit on key index 1. Switching to next key...
2026-05-26 03:12:08,186 [WARNING] ⚠️ Error (401) hit on key index 2. Switching to next key...
2026-05-26 03:12:08,187 [ERROR] ❌ All Cohere API keys exhausted or rate limited.
2026-05-26 03:12:08,187 [ERROR] ❌ Cohere returned an empty response. Verify API Key limits or safety filters.
2026-05-26 03:12:08,188 [INFO] ✅ JSON store updated: /home/tomito/tomito seo (copy 1)/data/content/75656.json
2026-05-26 03:12:08,189 [INFO] ✅ movie 75656
2026-05-26 03:12:08,701 [WARNING] ⚠️ Error (401) hit on key index 3. Switching to next key...
2026-05-26 03:12:08,776 [WARNING] ⚠️ Rate limit hit on key index 4. Switching to next key...
2026-05-26 03:12:08,910 [WARNING] ⚠️ Rate limit hit on key index 5. Switching to next key...
2026-05-26 03:12:10,664 [WARNING] ⚠️ Rate limit hit on key index 0. Switching to next key...
2026-05-26 03:12:10,792 [WARNING] ⚠️ Rate limit hit on key index 1. Switching to next key...
2026-05-26 03:12:10,910 [ERROR] ❌ All Cohere API keys exhausted or rate limited.
2026-05-26 03:12:10,911 [ERROR] ❌ Cohere returned an empty response. Verify API Key limits or safety filters.
2026-05-26 03:12:10,913 [INFO] ✅ JSON store updated: /home/tomito/tomito seo (copy 1)/data/content/75780.json
2026-05-26 03:12:10,913 [INFO] ✅ movie 75780
2026-05-26 03:12:11,156 [WARNING] ⚠️ Rate limit hit on key index 2. Switching to next key...
2026-05-26 03:12:12,023 [WARNING] ⚠️ Error (401) hit on key index 3. Switching to next key...
2026-05-26 03:12:14,466 [WARNING] ⚠️ Rate limit hit on key index 4. Switching to next key...
2026-05-26 03:12:14,568 [WARNING] ⚠️ Rate limit hit on key index 5. Switching to next key...
2026-05-26 03:12:17,099 [WARNING] ⚠️ Rate limit hit on key index 0. Switching to next key...
2026-05-26 03:12:17,357 [WARNING] ⚠️ Rate limit hit on key index 1. Switching to next key...
2026-05-26 03:12:17,505 [WARNING] ⚠️ Rate limit hit on key index 2. Switching to next key...
2026-05-26 03:12:17,606 [WARNING] ⚠️ Rate limit hit on key index 3. Switching to next key...
2026-05-26 03:12:17,647 [WARNING] ⚠️ Rate limit hit on key index 4. Switching to next key...
2026-05-26 03:12:17,853 [WARNING] ⚠️ Rate limit hit on key index 5. Switching to next key...
2026-05-26 03:12:20,065 [WARNING] ⚠️ Rate limit hit on key index 0. Switching to next key...
2026-05-26 03:12:20,353 [WARNING] ⚠️ Rate limit hit on key index 1. Switching to next key...
2026-05-26 03:12:20,607 [WARNING] ⚠️ Rate limit hit on key index 2. Switching to next key...
2026-05-26 03:12:21,103 [WARNING] ⚠️ Rate limit hit on key index 3. Switching to next key...
2026-05-26 03:12:21,242 [WARNING] ⚠️ Rate limit hit on key index 4. Switching to next key...
2026-05-26 03:12:22,432 [WARNING] ⚠️ Rate limit hit on key index 5. Switching to next key...
2026-05-26 03:12:23,068 [WARNING] ⚠️ Rate limit hit on key index 0. Switching to next key...
2026-05-26 03:12:23,245 [ERROR] ❌ All Cohere API keys exhausted or rate limited.
2026-05-26 03:12:23,245 [ERROR] ❌ Cohere returned an empty response. Verify API Key limits or safety filters.
2026-05-26 03:12:23,246 [INFO] ✅ JSON store updated: /home/tomito/tomito seo (copy 1)/data/content/755679.json
2026-05-26 03:12:23,247 [INFO] ✅ movie 755679
2026-05-26 03:12:23,716 [WARNING] ⚠️ Rate limit hit on key index 1. Switching to next key...
2026-05-26 03:12:24,652 [WARNING] ⚠️ Rate limit hit on key index 2. Switching to next key...
2026-05-26 03:12:24,945 [WARNING] ⚠️ Error (401) hit on key index 3. Switching to next key...
2026-05-26 03:12:25,001 [WARNING] ⚠️ Rate limit hit on key index 4. Switching to next key...
2026-05-26 03:12:25,398 [WARNING] ⚠️ Rate limit hit on key index 5. Switching to next key...
2026-05-26 03:12:25,719 [ERROR] ❌ All Cohere API keys exhausted or rate limited.
2026-05-26 03:12:25,719 [ERROR] ❌ Cohere returned an empty response. Verify API Key limits or safety filters.
2026-05-26 03:12:25,721 [INFO] ✅ JSON store updated: /home/tomito/tomito seo (copy 1)/data/content/760.json
2026-05-26 03:12:25,721 [INFO] ✅ movie 760
2026-05-26 03:12:25,897 [WARNING] ⚠️ Rate limit hit on key index 0. Switching to next key...
2026-05-26 03:12:27,625 [WARNING] ⚠️ Error (401) hit on key index 1. Switching to next key...
2026-05-26 03:12:27,887 [WARNING] ⚠️ Error (401) hit on key index 2. Switching to next key...
2026-05-26 03:12:28,427 [WARNING] ⚠️ Rate limit hit on key index 3. Switching to next key...
2026-05-26 03:12:28,594 [WARNING] ⚠️ Rate limit hit on key index 4. Switching to next key...
2026-05-26 03:12:28,649 [WARNING] ⚠️ Error (401) hit on key index 5. Switching to next key...
2026-05-26 03:12:28,650 [ERROR] ❌ All Cohere API keys exhausted or rate limited.
2026-05-26 03:12:28,650 [ERROR] ❌ Cohere returned an empty response. Verify API Key limits or safety filters.
2026-05-26 03:12:28,652 [INFO] ✅ JSON store updated: /home/tomito/tomito seo (copy 1)/data/content/762509.json
2026-05-26 03:12:28,652 [INFO] ✅ movie 762509
2026-05-26 03:12:29,118 [WARNING] ⚠️ Rate limit hit on key index 0. Switching to next key...
2026-05-26 03:12:30,202 [WARNING] ⚠️ Error (401) hit on key index 1. Switching to next key...
2026-05-26 03:12:30,430 [ERROR] ❌ All Cohere API keys exhausted or rate limited.
2026-05-26 03:12:30,430 [ERROR] ❌ Cohere returned an empty response. Verify API Key limits or safety filters.
2026-05-26 03:12:30,433 [INFO] ✅ JSON store updated: /home/tomito/tomito seo (copy 1)/data/content/76341.json
2026-05-26 03:12:30,433 [INFO] ✅ movie 76341
2026-05-26 03:12:31,118 [ERROR] ❌ All Cohere API keys exhausted or rate limited.
2026-05-26 03:12:31,119 [ERROR] ❌ Cohere returned an empty response. Verify API Key limits or safety filters.
2026-05-26 03:12:31,120 [INFO] ✅ JSON store updated: /home/tomito/tomito seo (copy 1)/data/content/760517.json
2026-05-26 03:12:31,120 [INFO] ✅ movie 760517
2026-05-26 03:12:31,421 [WARNING] ⚠️ Rate limit hit on key index 2. Switching to next key...
2026-05-26 03:12:31,539 [WARNING] ⚠️ Error (401) hit on key index 3. Switching to next key...
2026-05-26 03:12:32,480 [WARNING] ⚠️ Rate limit hit on key index 4. Switching to next key...
2026-05-26 03:12:32,544 [WARNING] ⚠️ Rate limit hit on key index 5. Switching to next key...
2026-05-26 03:12:32,958 [WARNING] ⚠️ Rate limit hit on key index 0. Switching to next key...
2026-05-26 03:12:34,482 [ERROR] ❌ All Cohere API keys exhausted or rate limited.
2026-05-26 03:12:34,483 [ERROR] ❌ Cohere returned an empty response. Verify API Key limits or safety filters.
2026-05-26 03:12:34,484 [INFO] ✅ JSON store updated: /home/tomito/tomito seo (copy 1)/data/content/76492.json
2026-05-26 03:12:34,484 [INFO] ✅ movie 76492
2026-05-26 03:12:34,502 [WARNING] ⚠️ Error (401) hit on key index 1. Switching to next key...
2026-05-26 03:12:35,243 [WARNING] ⚠️ Error (401) hit on key index 2. Switching to next key...
2026-05-26 03:12:35,765 [WARNING] ⚠️ Rate limit hit on key index 3. Switching to next key...
2026-05-26 03:12:36,609 [WARNING] ⚠️ Rate limit hit on key index 4. Switching to next key...
2026-05-26 03:12:37,326 [WARNING] ⚠️ Rate limit hit on key index 5. Switching to next key...
2026-05-26 03:12:38,298 [WARNING] ⚠️ Error (401) hit on key index 0. Switching to next key...
2026-05-26 03:12:38,422 [WARNING] ⚠️ Rate limit hit on key index 1. Switching to next key...
2026-05-26 03:12:39,830 [INFO] Mirrored asset: dB7HRKrqjFZo9403oBhoHE6q1lV.jpg
2026-05-26 03:12:39,974 [WARNING] ⚠️ Error (401) hit on key index 2. Switching to next key...
2026-05-26 03:12:40,139 [WARNING] ⚠️ Rate limit hit on key index 3. Switching to next key...
2026-05-26 03:12:40,233 [WARNING] ⚠️ Rate limit hit on key index 4. Switching to next key...
2026-05-26 03:12:40,723 [WARNING] ⚠️ Rate limit hit on key index 5. Switching to next key...
2026-05-26 03:12:40,781 [WARNING] ⚠️ Rate limit hit on key index 0. Switching to next key...
2026-05-26 03:12:41,201 [WARNING] ⚠️ Rate limit hit on key index 1. Switching to next key...
2026-05-26 03:12:42,234 [ERROR] ❌ All Cohere API keys exhausted or rate limited.
2026-05-26 03:12:42,235 [ERROR] ❌ Cohere returned an empty response. Verify API Key limits or safety filters.
2026-05-26 03:12:42,236 [INFO] ✅ JSON store updated: /home/tomito/tomito seo (copy 1)/data/content/76600.json
2026-05-26 03:12:42,236 [INFO] ✅ movie 76600
2026-05-26 03:12:42,797 [WARNING] ⚠️ Rate limit hit on key index 2. Switching to next key...
2026-05-26 03:12:43,452 [WARNING] ⚠️ Rate limit hit on key index 3. Switching to next key...
2026-05-26 03:12:43,692 [WARNING] ⚠️ Rate limit hit on key index 4. Switching to next key...
2026-05-26 03:12:44,243 [WARNING] ⚠️ Rate limit hit on key index 5. Switching to next key...
2026-05-26 03:12:44,604 [WARNING] ⚠️ Rate limit hit on key index 0. Switching to next key...
2026-05-26 03:12:45,541 [INFO] Mirrored asset: 8dqXyslZ2hv49Oiob9UjlGSHSTR.jpg
2026-05-26 03:12:45,606 [WARNING] ⚠️ Error (401) hit on key index 1. Switching to next key...
2026-05-26 03:12:46,018 [WARNING] ⚠️ Error (401) hit on key index 2. Switching to next key...
2026-05-26 03:12:46,254 [WARNING] ⚠️ Rate limit hit on key index 3. Switching to next key...
2026-05-26 03:12:47,224 [WARNING] ⚠️ Rate limit hit on key index 4. Switching to next key...
2026-05-26 03:12:47,232 [WARNING] ⚠️ Rate limit hit on key index 5. Switching to next key...
2026-05-26 03:12:47,303 [WARNING] ⚠️ Rate limit hit on key index 0. Switching to next key...
2026-05-26 03:12:47,459 [WARNING] ⚠️ Rate limit hit on key index 1. Switching to next key...
2026-05-26 03:12:47,688 [WARNING] ⚠️ Rate limit hit on key index 2. Switching to next key...
2026-05-26 03:12:48,258 [ERROR] ❌ All Cohere API keys exhausted or rate limited.
2026-05-26 03:12:48,258 [ERROR] ❌ Cohere returned an empty response. Verify API Key limits or safety filters.
2026-05-26 03:12:48,260 [INFO] ✅ JSON store updated: /home/tomito/tomito seo (copy 1)/data/content/769.json
2026-05-26 03:12:48,261 [INFO] ✅ movie 769
2026-05-26 03:12:49,227 [ERROR] ❌ All Cohere API keys exhausted or rate limited.
2026-05-26 03:12:49,227 [ERROR] ❌ Cohere returned an empty response. Verify API Key limits or safety filters.
2026-05-26 03:12:49,229 [INFO] ✅ JSON store updated: /home/tomito/tomito seo (copy 1)/data/content/772.json
2026-05-26 03:12:49,229 [INFO] ✅ movie 772
2026-05-26 03:12:49,305 [ERROR] ❌ All Cohere API keys exhausted or rate limited.
2026-05-26 03:12:49,306 [ERROR] ❌ Cohere returned an empty response. Verify API Key limits or safety filters.
2026-05-26 03:12:49,307 [INFO] ✅ JSON store updated: /home/tomito/tomito seo (copy 1)/data/content/767.json
2026-05-26 03:12:49,307 [INFO] ✅ movie 767
2026-05-26 03:12:49,893 [WARNING] ⚠️ Rate limit hit on key index 3. Switching to next key...
2026-05-26 03:12:50,311 [WARNING] ⚠️ Rate limit hit on key index 4. Switching to next key...
2026-05-26 03:12:50,912 [WARNING] ⚠️ Rate limit hit on key index 5. Switching to next key...
2026-05-26 03:12:52,477 [WARNING] ⚠️ Rate limit hit on key index 0. Switching to next key...
2026-05-26 03:12:52,683 [WARNING] ⚠️ Rate limit hit on key index 1. Switching to next key...
2026-05-26 03:12:53,226 [WARNING] ⚠️ Rate limit hit on key index 2. Switching to next key...
2026-05-26 03:12:53,846 [WARNING] ⚠️ Rate limit hit on key index 3. Switching to next key...
2026-05-26 03:12:53,914 [WARNING] ⚠️ Rate limit hit on key index 4. Switching to next key...
2026-05-26 03:12:54,478 [ERROR] ❌ All Cohere API keys exhausted or rate limited.
2026-05-26 03:12:54,479 [ERROR] ❌ Cohere returned an empty response. Verify API Key limits or safety filters.
2026-05-26 03:12:54,480 [INFO] ✅ JSON store updated: /home/tomito/tomito seo (copy 1)/data/content/766507.json
2026-05-26 03:12:54,480 [INFO] ✅ movie 766507
2026-05-26 03:12:54,592 [WARNING] ⚠️ Rate limit hit on key index 5. Switching to next key...
2026-05-26 03:12:55,285 [WARNING] ⚠️ Rate limit hit on key index 0. Switching to next key...
2026-05-26 03:12:55,808 [WARNING] ⚠️ Rate limit hit on key index 1. Switching to next key...
2026-05-26 03:12:56,867 [WARNING] ⚠️ Rate limit hit on key index 2. Switching to next key...
2026-05-26 03:12:57,385 [WARNING] ⚠️ Rate limit hit on key index 3. Switching to next key...
2026-05-26 03:12:57,395 [WARNING] ⚠️ Rate limit hit on key index 4. Switching to next key...
2026-05-26 03:12:57,405 [WARNING] ⚠️ Rate limit hit on key index 5. Switching to next key...
2026-05-26 03:12:58,358 [WARNING] ⚠️ Rate limit hit on key index 0. Switching to next key...
2026-05-26 03:12:58,495 [WARNING] ⚠️ Rate limit hit on key index 1. Switching to next key...
2026-05-26 03:12:58,870 [ERROR] ❌ All Cohere API keys exhausted or rate limited.
2026-05-26 03:12:58,870 [ERROR] ❌ Cohere returned an empty response. Verify API Key limits or safety filters.
2026-05-26 03:12:58,872 [INFO] ✅ JSON store updated: /home/tomito/tomito seo (copy 1)/data/content/774370.json
2026-05-26 03:12:58,872 [INFO] ✅ movie 774370
2026-05-26 03:13:00,403 [WARNING] ⚠️ Rate limit hit on key index 2. Switching to next key...
2026-05-26 03:13:00,680 [WARNING] ⚠️ Rate limit hit on key index 3. Switching to next key...
2026-05-26 03:13:01,092 [WARNING] ⚠️ Rate limit hit on key index 4. Switching to next key...
2026-05-26 03:13:01,248 [WARNING] ⚠️ Rate limit hit on key index 5. Switching to next key...
2026-05-26 03:13:01,938 [INFO] Mirrored asset: oL8weywm7rDmnF0JsqYpcArUqt.jpg
2026-05-26 03:13:02,039 [WARNING] ⚠️ Rate limit hit on key index 0. Switching to next key...
2026-05-26 03:13:03,071 [WARNING] ⚠️ Error (401) hit on key index 1. Switching to next key...
2026-05-26 03:13:03,143 [WARNING] ⚠️ Error (401) hit on key index 2. Switching to next key...
2026-05-26 03:13:03,327 [WARNING] ⚠️ Error (401) hit on key index 3. Switching to next key...
2026-05-26 03:13:03,328 [ERROR] ❌ All Cohere API keys exhausted or rate limited.
2026-05-26 03:13:03,328 [ERROR] ❌ Cohere returned an empty response. Verify API Key limits or safety filters.
2026-05-26 03:13:03,330 [INFO] ✅ JSON store updated: /home/tomito/tomito seo (copy 1)/data/content/774752.json
2026-05-26 03:13:03,330 [INFO] ✅ movie 774752
2026-05-26 03:13:03,492 [WARNING] ⚠️ Rate limit hit on key index 4. Switching to next key...
2026-05-26 03:13:03,717 [WARNING] ⚠️ Rate limit hit on key index 5. Switching to next key...
2026-05-26 03:13:03,979 [WARNING] ⚠️ Rate limit hit on key index 0. Switching to next key...
2026-05-26 03:13:04,042 [WARNING] ⚠️ Rate limit hit on key index 1. Switching to next key...
2026-05-26 03:13:04,466 [WARNING] ⚠️ Error (401) hit on key index 2. Switching to next key...
2026-05-26 03:13:04,908 [WARNING] ⚠️ Rate limit hit on key index 3. Switching to next key...
2026-05-26 03:13:06,179 [WARNING] ⚠️ Rate limit hit on key index 4. Switching to next key...
2026-05-26 03:13:06,910 [ERROR] ❌ All Cohere API keys exhausted or rate limited.
2026-05-26 03:13:06,911 [ERROR] ❌ Cohere returned an empty response. Verify API Key limits or safety filters.
2026-05-26 03:13:06,912 [INFO] ✅ JSON store updated: /home/tomito/tomito seo (copy 1)/data/content/780382.json
2026-05-26 03:13:06,912 [INFO] ✅ movie 780382
2026-05-26 03:13:06,950 [INFO] 💾 Index saved — 840 / 1936 done
2026-05-26 03:13:07,275 [WARNING] ⚠️ Rate limit hit on key index 5. Switching to next key...
2026-05-26 03:13:07,517 [WARNING] ⚠️ Rate limit hit on key index 0. Switching to next key...
2026-05-26 03:13:07,584 [WARNING] ⚠️ Rate limit hit on key index 1. Switching to next key...
2026-05-26 03:13:08,475 [WARNING] ⚠️ Rate limit hit on key index 2. Switching to next key...
2026-05-26 03:13:08,907 [WARNING] ⚠️ Rate limit hit on key index 3. Switching to next key...
2026-05-26 03:13:09,586 [ERROR] ❌ All Cohere API keys exhausted or rate limited.
2026-05-26 03:13:09,587 [ERROR] ❌ Cohere returned an empty response. Verify API Key limits or safety filters.
2026-05-26 03:13:09,588 [INFO] ✅ JSON store updated: /home/tomito/tomito seo (copy 1)/data/content/778855.json
2026-05-26 03:13:09,588 [INFO] ✅ movie 778855
2026-05-26 03:13:10,298 [WARNING] ⚠️ Rate limit hit on key index 4. Switching to next key...
2026-05-26 03:13:10,433 [WARNING] ⚠️ Rate limit hit on key index 5. Switching to next key...
2026-05-26 03:13:10,477 [ERROR] ❌ All Cohere API keys exhausted or rate limited.
2026-05-26 03:13:10,478 [ERROR] ❌ Cohere returned an empty response. Verify API Key limits or safety filters.
2026-05-26 03:13:10,480 [INFO] ✅ JSON store updated: /home/tomito/tomito seo (copy 1)/data/content/786892.json
2026-05-26 03:13:10,480 [INFO] ✅ movie 786892
2026-05-26 03:13:10,520 [WARNING] ⚠️ Rate limit hit on key index 0. Switching to next key...
2026-05-26 03:13:11,738 [WARNING] ⚠️ Error (401) hit on key index 1. Switching to next key...
2026-05-26 03:13:11,739 [ERROR] ❌ All Cohere API keys exhausted or rate limited.
2026-05-26 03:13:11,739 [ERROR] ❌ Cohere returned an empty response. Verify API Key limits or safety filters.
2026-05-26 03:13:11,741 [INFO] ✅ JSON store updated: /home/tomito/tomito seo (copy 1)/data/content/79.json
2026-05-26 03:13:11,741 [INFO] ✅ movie 79
2026-05-26 03:13:13,115 [WARNING] ⚠️ Rate limit hit on key index 2. Switching to next key...
2026-05-26 03:13:13,164 [WARNING] ⚠️ Rate limit hit on key index 3. Switching to next key...
2026-05-26 03:13:13,278 [WARNING] ⚠️ Rate limit hit on key index 4. Switching to next key...
2026-05-26 03:13:13,451 [WARNING] ⚠️ Rate limit hit on key index 5. Switching to next key...
2026-05-26 03:13:14,692 [WARNING] ⚠️ Rate limit hit on key index 0. Switching to next key...
2026-05-26 03:13:14,992 [WARNING] ⚠️ Rate limit hit on key index 1. Switching to next key...
2026-05-26 03:13:15,809 [WARNING] ⚠️ Rate limit hit on key index 2. Switching to next key...
2026-05-26 03:13:16,484 [WARNING] ⚠️ Rate limit hit on key index 3. Switching to next key...
2026-05-26 03:13:16,937 [WARNING] ⚠️ Rate limit hit on key index 4. Switching to next key...
2026-05-26 03:13:17,164 [WARNING] ⚠️ Rate limit hit on key index 5. Switching to next key...
2026-05-26 03:13:17,638 [WARNING] ⚠️ Rate limit hit on key index 0. Switching to next key...
2026-05-26 03:13:17,810 [ERROR] ❌ All Cohere API keys exhausted or rate limited.
2026-05-26 03:13:17,811 [ERROR] ❌ Cohere returned an empty response. Verify API Key limits or safety filters.
2026-05-26 03:13:17,812 [INFO] ✅ JSON store updated: /home/tomito/tomito seo (copy 1)/data/content/791373.json
2026-05-26 03:13:17,812 [INFO] ✅ movie 791373
2026-05-26 03:13:17,892 [WARNING] ⚠️ Rate limit hit on key index 1. Switching to next key...
2026-05-26 03:13:19,032 [WARNING] ⚠️ Rate limit hit on key index 2. Switching to next key...
2026-05-26 03:13:19,783 [WARNING] ⚠️ Rate limit hit on key index 3. Switching to next key...
2026-05-26 03:13:20,578 [WARNING] ⚠️ Rate limit hit on key index 4. Switching to next key...
2026-05-26 03:13:20,876 [WARNING] ⚠️ Rate limit hit on key index 5. Switching to next key...
2026-05-26 03:13:22,145 [WARNING] ⚠️ Rate limit hit on key index 0. Switching to next key...
2026-05-26 03:13:22,581 [WARNING] ⚠️ Rate limit hit on key index 1. Switching to next key...
2026-05-26 03:13:23,100 [WARNING] ⚠️ Error (401) hit on key index 2. Switching to next key...
2026-05-26 03:13:23,989 [WARNING] ⚠️ Rate limit hit on key index 3. Switching to next key...
2026-05-26 03:13:24,146 [ERROR] ❌ All Cohere API keys exhausted or rate limited.
2026-05-26 03:13:24,147 [ERROR] ❌ Cohere returned an empty response. Verify API Key limits or safety filters.
2026-05-26 03:13:24,148 [INFO] ✅ JSON store updated: /home/tomito/tomito seo (copy 1)/data/content/798645.json
2026-05-26 03:13:24,148 [INFO] ✅ movie 798645
2026-05-26 03:13:24,649 [WARNING] ⚠️ Rate limit hit on key index 4. Switching to next key...
2026-05-26 03:13:24,731 [WARNING] ⚠️ Rate limit hit on key index 5. Switching to next key...
2026-05-26 03:13:25,133 [WARNING] ⚠️ Rate limit hit on key index 0. Switching to next key...
2026-05-26 03:13:25,990 [ERROR] ❌ All Cohere API keys exhausted or rate limited.
2026-05-26 03:13:25,991 [ERROR] ❌ Cohere returned an empty response. Verify API Key limits or safety filters.
2026-05-26 03:13:25,993 [INFO] ✅ JSON store updated: /home/tomito/tomito seo (copy 1)/data/content/799379.json
2026-05-26 03:13:25,993 [INFO] ✅ movie 799379
2026-05-26 03:13:27,215 [WARNING] ⚠️ Error (401) hit on key index 1. Switching to next key...
2026-05-26 03:13:27,465 [WARNING] ⚠️ Error (401) hit on key index 2. Switching to next key...
2026-05-26 03:13:27,870 [WARNING] ⚠️ Error (401) hit on key index 3. Switching to next key...
2026-05-26 03:13:28,105 [WARNING] ⚠️ Rate limit hit on key index 4. Switching to next key...
2026-05-26 03:13:29,148 [WARNING] ⚠️ Rate limit hit on key index 5. Switching to next key...
2026-05-26 03:13:29,235 [WARNING] ⚠️ Error (401) hit on key index 0. Switching to next key...
2026-05-26 03:13:29,235 [ERROR] ❌ All Cohere API keys exhausted or rate limited.
2026-05-26 03:13:29,236 [ERROR] ❌ Cohere returned an empty response. Verify API Key limits or safety filters.
2026-05-26 03:13:29,238 [INFO] ✅ JSON store updated: /home/tomito/tomito seo (copy 1)/data/content/803796.json
2026-05-26 03:13:29,238 [INFO] ✅ movie 803796
2026-05-26 03:13:29,960 [WARNING] ⚠️ Error (401) hit on key index 1. Switching to next key...
2026-05-26 03:13:30,106 [ERROR] ❌ All Cohere API keys exhausted or rate limited.
2026-05-26 03:13:30,107 [ERROR] ❌ Cohere returned an empty response. Verify API Key limits or safety filters.
2026-05-26 03:13:30,108 [INFO] ✅ JSON store updated: /home/tomito/tomito seo (copy 1)/data/content/801335.json
2026-05-26 03:13:30,108 [INFO] ✅ movie 801335
2026-05-26 03:13:30,764 [WARNING] ⚠️ Rate limit hit on key index 2. Switching to next key...
2026-05-26 03:13:31,887 [WARNING] ⚠️ Rate limit hit on key index 3. Switching to next key...
2026-05-26 03:13:32,708 [WARNING] ⚠️ Rate limit hit on key index 4. Switching to next key...
2026-05-26 03:13:33,478 [WARNING] ⚠️ Rate limit hit on key index 5. Switching to next key...
2026-05-26 03:13:34,549 [WARNING] ⚠️ Rate limit hit on key index 0. Switching to next key...
2026-05-26 03:13:35,403 [WARNING] ⚠️ Error (401) hit on key index 1. Switching to next key...
2026-05-26 03:13:35,551 [WARNING] ⚠️ Rate limit hit on key index 2. Switching to next key...
2026-05-26 03:13:36,026 [WARNING] ⚠️ Rate limit hit on key index 3. Switching to next key...
2026-05-26 03:13:36,368 [WARNING] ⚠️ Rate limit hit on key index 4. Switching to next key...
2026-05-26 03:13:36,627 [WARNING] ⚠️ Rate limit hit on key index 5. Switching to next key...
2026-05-26 03:13:36,978 [WARNING] ⚠️ Rate limit hit on key index 0. Switching to next key...
2026-05-26 03:13:38,550 [WARNING] ⚠️ Error (401) hit on key index 1. Switching to next key...
2026-05-26 03:13:38,994 [WARNING] ⚠️ Error (401) hit on key index 2. Switching to next key...
2026-05-26 03:13:38,995 [ERROR] ❌ All Cohere API keys exhausted or rate limited.
2026-05-26 03:13:38,995 [ERROR] ❌ Cohere returned an empty response. Verify API Key limits or safety filters.
2026-05-26 03:13:38,997 [INFO] ✅ JSON store updated: /home/tomito/tomito seo (copy 1)/data/content/8065.json
2026-05-26 03:13:38,997 [INFO] ✅ movie 8065
2026-05-26 03:13:39,396 [WARNING] ⚠️ Error (401) hit on key index 3. Switching to next key...
2026-05-26 03:13:39,612 [WARNING] ⚠️ Rate limit hit on key index 4. Switching to next key...
2026-05-26 03:13:39,906 [WARNING] ⚠️ Rate limit hit on key index 5. Switching to next key...
2026-05-26 03:13:40,029 [WARNING] ⚠️ Rate limit hit on key index 0. Switching to next key...
2026-05-26 03:13:40,328 [WARNING] ⚠️ Rate limit hit on key index 1. Switching to next key...
2026-05-26 03:13:41,885 [WARNING] ⚠️ Rate limit hit on key index 2. Switching to next key...
2026-05-26 03:13:42,030 [ERROR] ❌ All Cohere API keys exhausted or rate limited.
2026-05-26 03:13:42,031 [ERROR] ❌ Cohere returned an empty response. Verify API Key limits or safety filters.
2026-05-26 03:13:42,033 [INFO] ✅ JSON store updated: /home/tomito/tomito seo (copy 1)/data/content/80785.json
2026-05-26 03:13:42,033 [INFO] ✅ movie 80785
2026-05-26 03:13:42,085 [WARNING] ⚠️ Rate limit hit on key index 3. Switching to next key...
2026-05-26 03:13:42,357 [WARNING] ⚠️ Rate limit hit on key index 4. Switching to next key...
2026-05-26 03:13:42,832 [WARNING] ⚠️ Rate limit hit on key index 5. Switching to next key...
2026-05-26 03:13:44,087 [ERROR] ❌ All Cohere API keys exhausted or rate limited.
2026-05-26 03:13:44,088 [ERROR] ❌ Cohere returned an empty response. Verify API Key limits or safety filters.
2026-05-26 03:13:44,099 [INFO] ✅ JSON store updated: /home/tomito/tomito seo (copy 1)/data/content/807.json
2026-05-26 03:13:44,099 [INFO] ✅ movie 807
2026-05-26 03:13:44,362 [WARNING] ⚠️ Rate limit hit on key index 0. Switching to next key...
2026-05-26 03:13:44,573 [WARNING] ⚠️ Rate limit hit on key index 1. Switching to next key...
2026-05-26 03:13:44,833 [WARNING] ⚠️ Rate limit hit on key index 2. Switching to next key...
2026-05-26 03:13:45,287 [WARNING] ⚠️ Rate limit hit on key index 3. Switching to next key...
